date,high,low,open,close,volume,position,return,strategy_return,equity_curve,drawdown,predicted_return_5_bar,predicted_return_10_bar,ensemble_score
2022-10-17,84.68000030517578,82.4800033569336,83.27999877929688,83.36000061035156,1386550.0,0.0,,,,,,,
2022-10-18,84.55999755859375,79.44000244140625,83.72000122070312,80.16000366210938,1287500.0,0.0,-0.03838767904045359,-0.0,1.0,0.0,,,
2022-10-19,78.5199966430664,76.19999694824219,77.4800033569336,76.27999877929688,1512950.0,0.0,-0.04840325231480158,-0.0,1.0,0.0,,,
2022-10-20,77.04000091552734,74.36000061035156,75.23999786376953,75.31999969482422,1647450.0,0.0,-0.012585200574665056,-0.0,1.0,0.0,,,
2022-10-21,72.04000091552734,69.63999938964844,71.44000244140625,71.27999877929688,2021875.0,0.0,-0.05363782437461906,-0.0,1.0,0.0,,,
2022-10-24,75.44000244140625,72.31999969482422,72.36000061035156,74.31999969482422,1876725.0,0.0,0.042648722889853774,0.0,1.0,0.0,,,
2022-10-25,80.04000091552734,75.4000015258789,75.80000305175781,80.0,2039150.0,0.0,0.0764262692209261,0.0,1.0,0.0,,,
2022-10-26,79.95999908447266,76.36000061035156,76.4000015258789,79.31999969482422,1864325.0,0.0,-0.008500003814697288,-0.0,1.0,0.0,,,
2022-10-27,78.87999725341797,73.72000122070312,77.72000122070312,75.63999938964844,1663875.0,0.0,-0.046394356017829264,-0.0,1.0,0.0,,,
2022-10-28,74.95999908447266,71.63999938964844,73.44000244140625,74.76000213623047,1626675.0,0.0,-0.011634019837636345,-0.0,1.0,0.0,,,
2022-10-31,82.31999969482422,78.5999984741211,81.08000183105469,81.5199966430664,2199150.0,0.0,0.09042260986720718,0.0,1.0,0.0,,,
2022-11-01,77.68000030517578,72.55999755859375,77.31999969482422,75.36000061035156,2356350.0,0.0,-0.07556423314988903,-0.0,1.0,0.0,,,
2022-11-02,81.36000061035156,78.19999694824219,79.27999877929688,79.63999938964844,1291000.0,0.0,0.05679403854342557,0.0,1.0,0.0,,,
2022-11-03,79.5999984741211,75.91999816894531,78.5199966430664,76.4000015258789,1353175.0,0.0,-0.04068304732044814,-0.0,1.0,0.0,,,
2022-11-04,84.08000183105469,76.27999877929688,78.80000305175781,83.27999877929688,1923325.0,0.0,0.09005231827236959,0.0,1.0,0.0,,,
2022-11-07,93.27999877929688,84.87999725341797,90.12000274658203,86.80000305175781,2470550.0,0.0,0.04226710283449231,0.0,1.0,0.0,,,
2022-11-08,82.4800033569336,78.36000061035156,82.4800033569336,80.80000305175781,2276250.0,0.0,-0.06912442153282261,-0.0,1.0,0.0,,,
2022-11-09,77.87999725341797,73.87999725341797,75.63999938964844,76.63999938964844,2285175.0,0.0,-0.051485191893428706,-0.0,1.0,0.0,,,
2022-11-10,80.87999725341797,76.87999725341797,78.44000244140625,79.5199966430664,1467350.0,0.0,0.03757825256202918,0.0,1.0,0.0,,,
2022-11-11,84.0,74.68000030517578,81.68000030517578,76.63999938964844,2940350.0,0.0,-0.03621727081233583,-0.0,1.0,0.0,,,
2022-11-14,82.76000213623047,76.16000366210938,82.27999877929688,78.08000183105469,2888375.0,0.0,0.018789176055248547,0.0,1.0,0.0,,,
2022-11-15,79.27999877929688,75.4800033569336,76.5199966430664,79.08000183105469,1891350.0,0.0,0.012807376748834365,0.0,1.0,0.0,,,
2022-11-16,80.72000122070312,74.31999969482422,75.36000061035156,80.36000061035156,2303575.0,0.0,0.016186124806009117,0.0,1.0,0.0,,,
2022-11-17,84.19999694824219,80.4000015258789,82.36000061035156,82.4000015258789,1565450.0,0.0,0.02538577526173591,0.0,1.0,0.0,,,
2022-11-18,83.16000366210938,78.72000122070312,78.80000305175781,82.23999786376953,2138925.0,0.0,-0.0019417919799324945,-0.0,1.0,0.0,,,
2022-11-21,88.5999984741211,84.87999725341797,85.12000274658203,87.16000366210938,1318550.0,0.0,0.05982497478282811,0.0,1.0,0.0,,,
2022-11-22,92.0,85.72000122070312,86.4800033569336,91.4000015258789,1424800.0,0.0,0.04864614141374535,0.0,1.0,0.0,,,
2022-11-23,98.5199966430664,92.44000244140625,98.4800033569336,94.04000091552734,1975075.0,0.0,0.028884019098193825,0.0,1.0,0.0,,,
2022-11-25,94.44000244140625,90.4800033569336,92.19999694824219,90.80000305175781,774325.0,0.0,-0.034453401023250785,-0.0,1.0,0.0,,,
2022-11-28,90.0,86.0,86.12000274658203,89.44000244140625,1649675.0,0.0,-0.01497797978681048,-0.0,1.0,0.0,,,
2022-11-29,90.4000015258789,86.44000244140625,88.19999694824219,88.55999755859375,1233850.0,0.0,-0.009839052535681736,-0.0,1.0,0.0,,,
2022-11-30,88.72000122070312,83.0,88.5999984741211,84.87999725341797,1771500.0,0.0,-0.04155375346234613,-0.0,1.0,0.0,,,
2022-12-01,87.44000244140625,81.80000305175781,86.5999984741211,83.4800033569336,1820000.0,0.0,-0.01649380233018327,-0.0,1.0,0.0,,,
2022-12-02,81.44000244140625,75.87999725341797,79.0,76.31999969482422,2789975.0,0.0,-0.08576908689731966,-0.0,1.0,0.0,,,
2022-12-05,71.55999755859375,68.04000091552734,70.95999908447266,68.4000015258789,3442525.0,0.0,-0.10377356132880622,-0.0,1.0,0.0,,,
2022-12-06,68.72000122070312,65.19999694824219,67.4000015258789,65.55999755859375,2164875.0,0.0,-0.04152052491125535,-0.0,1.0,0.0,,,
2022-12-07,71.31999969482422,65.87999725341797,68.4800033569336,70.95999908447266,2309675.0,0.0,0.08236732347423747,0.0,1.0,0.0,,,
2022-12-08,75.16000366210938,71.12000274658203,71.44000244140625,73.0,1485225.0,0.0,0.02874860402829027,0.0,1.0,0.0,,,
2022-12-09,77.91999816894531,73.95999908447266,77.08000183105469,77.04000091552734,2329700.0,0.0,0.055342478294895026,0.0,1.0,0.0,,,
2022-12-12,84.04000091552734,79.31999969482422,83.68000030517578,79.63999938964844,1930125.0,0.0,0.033748681765618516,0.0,1.0,0.0,,,
2022-12-13,86.68000030517578,83.0,85.16000366210938,85.08000183105469,2142300.0,0.0,0.06830741440353827,0.0,1.0,0.0,,,
2022-12-14,81.36000061035156,77.36000061035156,80.4000015258789,77.87999725341797,1940100.0,0.0,-0.08462628611520173,-0.0,1.0,0.0,,,
2022-12-15,85.31999969482422,78.87999725341797,80.68000030517578,83.68000030517578,2022950.0,0.0,0.07447359086165428,0.0,1.0,0.0,,,
2022-12-16,81.63999938964844,78.55999755859375,78.83999633789062,80.4000015258789,1502175.0,0.0,-0.03919692599587621,-0.0,1.0,0.0,,,
2022-12-19,75.27999877929688,71.5999984741211,74.27999877929688,72.0,1856425.0,0.0,-0.10447762893605339,-0.0,1.0,0.0,,,
2022-12-20,67.68000030517578,65.63999938964844,67.31999969482422,66.44000244140625,2324925.0,0.0,-0.07722218831380212,-0.0,1.0,0.0,,,
2022-12-21,68.95999908447266,65.80000305175781,68.44000244140625,67.4000015258789,1643925.0,0.0,0.014449112721199642,0.0,1.0,0.0,,,
2022-12-22,67.72000122070312,62.400001525878906,66.04000091552734,63.2400016784668,2775500.0,0.0,-0.06172106458803028,-0.0,1.0,0.0,,,
2022-12-23,65.27999877929688,61.31999969482422,61.400001525878906,63.63999938964844,2062975.0,0.0,0.006325074328988212,0.0,1.0,0.0,,,
2022-12-27,65.4800033569336,63.52000045776367,64.4000015258789,64.4800033569336,1750700.0,0.0,0.013199308223466044,0.0,1.0,0.0,,,
2022-12-28,60.47999954223633,56.7599983215332,59.2400016784668,60.20000076293945,2493975.0,0.0,-0.06637720798961322,-0.0,1.0,0.0,,,
2022-12-29,58.47999954223633,56.2400016784668,57.68000030517578,58.15999984741211,1944525.0,0.0,-0.03388705796799951,-0.0,1.0,0.0,,,
2022-12-30,57.7599983215332,55.68000030517578,56.20000076293945,56.400001525878906,2062750.0,0.0,-0.030261319225424965,-0.0,1.0,0.0,,,
2023-01-03,52.31999969482422,49.63999938964844,51.2400016784668,51.119998931884766,2548725.0,0.0,-0.09361706473662834,-0.0,1.0,0.0,,,
2023-01-04,53.63999938964844,50.91999816894531,51.91999816894531,52.91999816894531,1571175.0,0.0,0.035211253416866706,0.0,1.0,0.0,,,
2023-01-05,49.15999984741211,46.47999954223633,48.720001220703125,47.84000015258789,4459950.0,0.0,-0.0959939189744432,-0.0,1.0,0.0,,,
2023-01-06,48.84000015258789,46.68000030517578,47.439998626708984,47.560001373291016,3336775.0,0.0,-0.005852817274327071,-0.0,1.0,0.0,,,
2023-01-09,52.52000045776367,49.0,49.279998779296875,49.720001220703125,3134825.0,0.0,0.04541631171241156,0.0,1.0,0.0,,,
2023-01-10,47.439998626708984,45.15999984741211,46.7599983215332,45.720001220703125,3808250.0,0.0,-0.08045052095321392,-0.0,1.0,0.0,,,
2023-01-11,47.15999984741211,43.560001373291016,46.36000061035156,46.880001068115234,5276800.0,0.0,0.025371824506575713,0.0,1.0,0.0,,,
2023-01-12,50.20000076293945,46.720001220703125,49.84000015258789,47.040000915527344,2836425.0,0.0,0.003412965950654101,0.0,1.0,0.0,,,
2023-01-13,46.20000076293945,43.119998931884766,45.15999984741211,44.119998931884766,3588175.0,0.0,-0.062074870893098155,-0.0,1.0,0.0,,,
2023-01-17,47.15999984741211,45.0,46.47999954223633,46.20000076293945,4220100.0,0.0,0.04714419495489852,0.0,1.0,0.0,,,
2023-01-18,44.31999969482422,42.31999969482422,43.31999969482422,42.47999954223633,4764600.0,0.0,-0.08051950561193977,-0.0,1.0,0.0,,,
2023-01-19,43.400001525878906,41.880001068115234,42.84000015258789,42.040000915527344,3229525.0,0.0,-0.010357783226233597,-0.0,1.0,0.0,,,
2023-01-20,43.47999954223633,40.720001220703125,42.7599983215332,41.040000915527344,3799825.0,0.0,-0.023786869129935106,-0.0,1.0,0.0,,,
2023-01-23,44.2400016784668,40.84000015258789,42.36000061035156,44.040000915527344,5096400.0,0.0,0.07309941357396421,0.0,1.0,0.0,,,
2023-01-24,43.47999954223633,41.439998626708984,43.08000183105469,41.959999084472656,2568900.0,0.0,-0.04722983169424355,-0.0,1.0,0.0,,,
2023-01-25,41.040000915527344,39.2400016784668,40.599998474121094,39.2400016784668,5049275.0,0.0,-0.0648235811571406,-0.0,1.0,0.0,,,
2023-01-26,39.119998931884766,36.599998474121094,37.2400016784668,38.47999954223633,9235950.0,0.0,-0.019368045456723992,-0.0,1.0,0.0,,,
2023-01-27,39.68000030517578,37.79999923706055,38.84000015258789,39.2400016784668,4734800.0,0.0,0.019750575500820267,0.0,1.0,0.0,,,
2023-01-30,37.84000015258789,36.36000061035156,37.2400016784668,36.47999954223633,6713725.0,0.0,-0.070336442868835,-0.0,1.0,0.0,,,
2023-01-31,37.560001373291016,35.91999816894531,36.119998931884766,37.279998779296875,6844050.0,0.0,0.02192980392267585,0.0,1.0,0.0,,,
2023-02-01,36.0,33.63999938964844,35.63999938964844,34.0,12167175.0,0.0,-0.08798280275476822,-0.0,1.0,0.0,,,
2023-02-02,35.439998626708984,33.20000076293945,34.47999954223633,33.52000045776367,7295575.0,0.0,-0.014117633595186141,-0.0,1.0,0.0,,,
2023-02-03,33.36000061035156,32.0,33.15999984741211,32.7599983215332,8361700.0,0.0,-0.022673094446645226,-0.0,1.0,0.0,,,
2023-02-06,34.08000183105469,32.31999969482422,33.040000915527344,34.0,5274425.0,0.0,0.03785109102559825,0.0,1.0,0.0,,,
2023-02-07,35.68000030517578,33.959999084472656,34.040000915527344,35.47999954223633,6511700.0,0.0,0.0435293983010685,0.0,1.0,0.0,,,
2023-02-08,34.959999084472656,32.36000061035156,34.599998474121094,32.91999816894531,7188725.0,0.0,-0.07215336545434625,-0.0,1.0,0.0,,,
2023-02-09,34.52000045776367,32.68000030517578,33.119998931884766,33.400001525878906,5525900.0,0.0,0.014580904727582888,0.0,1.0,0.0,,,
2023-02-10,35.2400016784668,33.31999969482422,33.560001373291016,35.15999984741211,5585550.0,0.0,0.05269455811759549,0.0,1.0,0.0,,,
2023-02-13,34.47999954223633,32.560001373291016,33.560001373291016,33.31999969482422,7581825.0,0.0,-0.05233220024383245,-0.0,1.0,0.0,,,
2023-02-14,35.599998474121094,34.20000076293945,34.36000061035156,35.400001525878906,5540525.0,0.0,0.06242502551336404,0.0,1.0,0.0,,,
2023-02-15,35.08000183105469,33.439998626708984,34.36000061035156,33.68000030517578,5037450.0,0.0,-0.04858760301029175,-0.0,1.0,0.0,,,
2023-02-16,34.15999984741211,32.439998626708984,34.119998931884766,33.040000915527344,6205750.0,0.0,-0.019002357002653736,-0.0,1.0,0.0,,,
2023-02-17,31.68000030517578,30.399999618530273,31.440000534057617,31.040000915527344,9867575.0,0.0,-0.060532685973991196,-0.0,1.0,0.0,,,
2023-02-21,29.84000015258789,28.559999465942383,29.600000381469727,28.84000015258789,10296625.0,0.0,-0.07087631114852622,-0.0,1.0,0.0,,,
2023-02-22,32.0,29.639999389648438,29.920000076293945,30.31999969482422,9306150.0,0.0,0.05131759828037041,0.0,1.0,0.0,,,
2023-02-23,32.84000015258789,30.639999389648438,31.639999389648438,32.279998779296875,8400100.0,0.0,0.06464376992745291,0.0,1.0,0.0,,,
2023-02-24,34.08000183105469,32.439998626708984,33.279998779296875,33.959999084472656,7150400.0,0.0,0.052044621087571574,0.0,1.0,0.0,,,
2023-02-27,36.15999984741211,34.47999954223633,35.599998474121094,35.84000015258789,7671475.0,0.0,0.055359279116553806,0.0,1.0,0.0,,,
2023-02-28,36.63999938964844,33.91999816894531,35.63999938964844,36.47999954223633,5760400.0,0.0,0.017857125751218117,0.0,1.0,0.0,,,
2023-03-01,37.47999954223633,35.439998626708984,35.560001373291016,37.20000076293945,5518750.0,0.0,0.019736875815185018,0.0,1.0,0.0,,,
2023-03-02,37.52000045776367,35.79999923706055,37.439998626708984,36.68000030517578,4628400.0,0.0,-0.013978506642444044,-0.0,1.0,0.0,,,
2023-03-03,39.959999084472656,37.0,37.36000061035156,39.52000045776367,8607000.0,0.0,0.07742639391928119,0.0,1.0,0.0,,,
2023-03-06,35.08000183105469,33.47999954223633,34.79999923706055,34.599998474121094,8683350.0,0.0,-0.12449397587686639,-0.0,1.0,0.0,,,
2023-03-07,35.63999938964844,34.279998779296875,34.7599983215332,35.08000183105469,4158825.0,0.0,0.013872930002948092,0.0,1.0,0.0,,,
2023-03-08,34.880001068115234,33.31999969482422,34.79999923706055,34.31999969482422,4826300.0,0.0,-0.021664826013711114,-0.0,1.0,0.0,,,
2023-03-09,34.880001068115234,32.599998474121094,34.560001373291016,32.959999084472656,5079725.0,0.0,-0.039627057763542584,-0.0,1.0,0.0,,,
2023-03-10,33.47999954223633,32.08000183105469,33.040000915527344,32.15999984741211,4400475.0,0.0,-0.024271822186955783,-0.0,1.0,0.0,,,
2023-03-13,34.7599983215332,32.959999084472656,33.20000076293945,34.599998474121094,5589075.0,0.0,0.07587060442431337,0.0,1.0,0.0,,,
2023-03-14,34.720001220703125,33.47999954223633,34.36000061035156,34.279998779296875,3796700.0,0.0,-0.009248546501051447,-0.0,1.0,0.0,,,
2023-03-15,32.959999084472656,31.559999465942383,32.599998474121094,32.400001525878906,5501200.0,0.0,-0.05484239557655346,-0.0,1.0,0.0,,,
2023-03-16,33.599998474121094,32.400001525878906,32.63999938964844,33.36000061035156,3592125.0,0.0,0.029629599977206045,0.0,1.0,0.0,,,
2023-03-17,32.08000183105469,30.84000015258789,31.8799991607666,31.200000762939453,4938325.0,0.0,-0.06474819568024426,-0.0,1.0,0.0,,,
2023-03-20,30.84000015258789,29.440000534057617,30.760000228881836,29.84000015258789,5566075.0,0.0,-0.04358976208638499,-0.0,1.0,0.0,,,
2023-03-21,31.520000457763672,28.639999389648438,28.719999313354492,30.920000076293945,7576100.0,0.0,0.03619302674877467,0.0,1.0,0.0,,,
2023-03-22,30.920000076293945,28.959999084472656,30.559999465942383,29.520000457763672,5264425.0,0.0,-0.045278124679037135,-0.0,1.0,0.0,,,
2023-03-23,30.15999984741211,28.639999389648438,29.360000610351562,28.719999313354492,5361850.0,0.0,-0.027100309349716856,-0.0,1.0,0.0,,,
2023-03-24,30.1200008392334,29.1200008392334,29.520000457763672,29.31999969482422,4373450.0,0.0,0.020891378684355866,0.0,1.0,0.0,,,
2023-03-27,28.760000228881836,27.639999389648438,28.639999389648438,28.280000686645508,7593275.0,0.0,-0.03547063502740411,-0.0,1.0,0.0,,,
2023-03-28,28.479999542236328,27.1200008392334,27.68000030517578,27.31999969482422,7160800.0,0.0,-0.03394628601528371,-0.0,1.0,0.0,,,
2023-03-29,28.15999984741211,26.68000030517578,27.0,27.600000381469727,7383400.0,0.0,0.010248927151289555,0.0,1.0,0.0,,,
2023-03-30,27.399999618530273,26.31999969482422,27.0,26.719999313354492,7923750.0,0.0,-0.031884096230160086,-0.0,1.0,0.0,,,
2023-03-31,28.360000610351562,27.399999618530273,27.600000381469727,27.760000228881836,7235225.0,0.0,0.038922190952585645,0.0,1.0,0.0,,,
2023-04-03,27.15999984741211,26.31999969482422,26.84000015258789,26.84000015258789,8332450.0,0.0,-0.033141212849730706,-0.0,1.0,0.0,,,
2023-04-04,26.920000076293945,26.31999969482422,26.639999389648438,26.440000534057617,6483450.0,0.0,-0.014903115359770402,-0.0,1.0,0.0,,,
2023-04-05,27.760000228881836,26.760000228881836,27.760000228881836,27.15999984741211,5760725.0,0.0,0.027231440953529917,0.0,1.0,0.0,,,
2023-04-06,27.079999923706055,25.280000686645508,26.959999084472656,25.639999389648438,8947350.0,0.0,-0.05596467107154646,-0.0,1.0,0.0,,,
2023-04-10,28.15999984741211,27.079999923706055,27.360000610351562,27.399999618530273,9383725.0,0.0,0.06864275627059468,0.0,1.0,0.0,,,
2023-04-11,28.239999771118164,26.959999084472656,27.68000030517578,28.239999771118164,5307750.0,0.0,0.030656940302284053,0.0,1.0,0.0,,,
2023-04-12,27.799999237060547,26.280000686645508,27.479999542236328,26.600000381469727,7355450.0,0.0,-0.058073633248599044,-0.0,1.0,0.0,,,
2023-04-13,26.280000686645508,25.360000610351562,26.280000686645508,25.639999389648438,7325000.0,0.0,-0.03609026233285517,-0.0,1.0,0.0,,,
2023-04-14,26.959999084472656,25.079999923706055,25.360000610351562,26.760000228881836,7390950.0,0.0,0.04368178104113274,0.0,1.0,0.0,,,
2023-04-17,28.760000228881836,28.15999984741211,28.559999465942383,28.520000457763672,8291900.0,0.0,0.06576981367071455,0.0,1.0,0.0,,,
2023-04-18,29.520000457763672,28.31999969482422,28.84000015258789,29.399999618530273,5321650.0,0.0,0.030855510050563417,0.0,1.0,0.0,,,
2023-04-19,28.399999618530273,27.639999389648438,28.079999923706055,27.959999084472656,6897375.0,0.0,-0.04897961063747813,-0.0,1.0,0.0,,,
2023-04-20,28.440000534057617,27.040000915527344,27.84000015258789,28.079999923706055,5650675.0,0.0,0.004291875649596877,0.0,1.0,0.0,,,
2023-04-21,28.440000534057617,27.799999237060547,28.15999984741211,28.0,4391625.0,0.0,-0.0028490001397227793,-0.0,1.0,0.0,,,
2023-04-24,29.040000915527344,27.84000015258789,27.959999084472656,28.760000228881836,5196125.0,0.0,0.02714286531720833,0.0,1.0,0.0,,,
2023-04-25,28.600000381469727,27.920000076293945,28.360000610351562,28.0,4566025.0,0.0,-0.026425598846783638,-0.0,1.0,0.0,,,
2023-04-26,27.15999984741211,26.600000381469727,27.0,27.040000915527344,5413400.0,0.0,-0.034285681588309136,-0.0,1.0,0.0,,,
2023-04-27,27.760000228881836,26.760000228881836,27.440000534057617,27.520000457763672,4105600.0,0.0,0.017751461759777376,0.0,1.0,0.0,,,
2023-04-28,28.360000610351562,27.479999542236328,27.799999237060547,28.040000915527344,5436750.0,0.0,0.018895365156760935,0.0,1.0,0.0,,,
2023-05-01,27.760000228881836,26.760000228881836,27.719999313354492,27.040000915527344,4135550.0,0.0,-0.035663336924010025,-0.0,1.0,0.0,,,
2023-05-02,26.360000610351562,25.559999465942383,26.360000610351562,25.959999084472656,5716200.0,0.0,-0.039940894766557156,-0.0,1.0,0.0,,,
2023-05-03,25.520000457763672,24.600000381469727,25.15999984741211,25.239999771118164,6640675.0,0.0,-0.027734951415508413,-0.0,1.0,0.0,,,
2023-05-04,25.15999984741211,24.399999618530273,25.1200008392334,24.440000534057617,7831150.0,0.0,-0.03169569113768289,-0.0,1.0,0.0,,,
2023-05-05,25.360000610351562,24.639999389648438,24.799999237060547,24.68000030517578,5601825.0,0.0,0.009819957687141612,0.0,1.0,0.0,,,
2023-05-08,26.280000686645508,25.479999542236328,25.959999084472656,26.1200008392334,4856650.0,0.0,0.05834686046400206,0.0,1.0,0.0,,,
2023-05-09,26.719999313354492,25.8799991607666,26.520000457763672,26.520000457763672,3256725.0,0.0,0.015313920584927976,0.0,1.0,0.0,,,
2023-05-10,26.1200008392334,25.280000686645508,25.760000228881836,25.600000381469727,3723650.0,0.0,-0.03469080167472682,-0.0,1.0,0.0,,,
2023-05-11,26.399999618530273,25.360000610351562,25.8799991607666,25.559999465942383,3030750.0,0.0,-0.001562535739503268,-0.0,1.0,0.0,,,
2023-05-12,27.31999969482422,25.639999389648438,25.760000228881836,26.559999465942383,5049175.0,0.0,0.039123631490386224,0.0,1.0,0.0,,,
2023-05-15,27.8799991607666,27.1200008392334,27.360000610351562,27.760000228881836,5014625.0,0.0,0.045180752525172396,0.0,1.0,0.0,,,
2023-05-16,28.760000228881836,27.399999618530273,28.479999542236328,27.440000534057617,4151025.0,0.0,-0.01152736643320651,-0.0,1.0,0.0,,,
2023-05-17,28.0,27.079999923706055,27.200000762939453,27.600000381469727,3295700.0,0.0,0.00583089811581905,0.0,1.0,0.0,,,
2023-05-18,30.15999984741211,27.360000610351562,27.719999313354492,29.920000076293945,7901575.0,0.0,0.0840579587956034,0.0,1.0,0.0,,,
2023-05-19,30.8799991607666,29.559999465942383,30.440000534057617,29.84000015258789,5426500.0,0.0,-0.002673794234694493,-0.0,1.0,0.0,,,
2023-05-22,28.520000457763672,27.600000381469727,28.520000457763672,28.0,4760050.0,0.0,-0.06166220318964433,-0.0,1.0,0.0,,,
2023-05-23,28.040000915527344,27.280000686645508,27.479999542236328,27.520000457763672,3688800.0,0.0,-0.017142840794154623,-0.0,1.0,0.0,,,
2023-05-24,28.239999771118164,27.760000228881836,28.079999923706055,28.239999771118164,2802100.0,0.0,0.02616276531170536,0.0,1.0,0.0,,,
2023-05-25,28.15999984741211,26.639999389648438,27.8799991607666,27.040000915527344,4580175.0,0.0,-0.04249287766702081,-0.0,1.0,0.0,,,
2023-05-26,27.079999923706055,26.1200008392334,26.440000534057617,26.559999465942383,4260150.0,0.0,-0.01775153229781612,-0.0,1.0,0.0,,,
2023-05-30,25.639999389648438,24.799999237060547,25.479999542236328,25.31999969482422,6040475.0,0.0,-0.046686739309170666,-0.0,1.0,0.0,,,
2023-05-31,26.31999969482422,24.68000030517578,26.200000762939453,24.799999237060547,5859250.0,0.0,-0.02053714312919075,-0.0,1.0,0.0,,,
2023-06-01,24.1200008392334,23.479999542236328,23.959999084472656,23.760000228881836,8095700.0,0.0,-0.04193544516826275,-0.0,1.0,0.0,,,
2023-06-02,24.520000457763672,23.760000228881836,24.079999923706055,23.920000076293945,5181125.0,0.0,0.0067340002470883675,0.0,1.0,0.0,,,
2023-06-05,25.440000534057617,24.399999618530273,25.200000762939453,24.719999313354492,5401125.0,0.0,0.03344478405137585,0.0,1.0,0.0,,,
2023-06-06,25.15999984741211,24.440000534057617,24.600000381469727,24.84000015258789,3288800.0,0.0,0.004854403016450348,0.0,1.0,0.0,,,
2023-06-07,25.760000228881836,24.920000076293945,25.440000534057617,25.559999465942383,4036175.0,0.0,0.028985479425590155,0.0,1.0,0.0,,,
2023-06-08,26.1200008392334,25.0,25.239999771118164,25.68000030517578,3892800.0,0.0,0.004694868612704628,0.0,1.0,0.0,,,
2023-06-09,25.440000534057617,24.719999313354492,24.959999084472656,24.8799991607666,3396150.0,0.0,-0.031152692169086116,-0.0,1.0,0.0,,,
2023-06-12,25.040000915527344,24.239999771118164,24.520000457763672,24.959999084472656,3845400.0,0.0,0.0032154311255849777,0.0,1.0,0.0,,,
2023-06-13,25.959999084472656,25.360000610351562,25.920000076293945,25.68000030517578,3301950.0,0.0,0.028846203810601434,0.0,1.0,0.0,,,
2023-06-14,25.959999084472656,25.440000534057617,25.799999237060547,25.799999237060547,2304750.0,0.0,0.004672855547457999,0.0,1.0,0.0,,,
2023-06-15,28.200000762939453,26.559999465942383,26.719999313354492,28.079999923706055,8968975.0,0.0,0.08837212225070101,0.0,1.0,0.0,,,
2023-06-16,29.15999984741211,27.719999313354492,28.15999984741211,28.760000228881836,4764750.0,0.0,0.02421653515040445,0.0,1.0,0.0,,,
2023-06-20,29.040000915527344,27.360000610351562,28.799999237060547,27.399999618530273,4786550.0,0.0,-0.04728792070682253,-0.0,1.0,0.0,,,
2023-06-21,28.559999465942383,27.399999618530273,27.440000534057617,28.559999465942383,4199925.0,0.0,0.04233576144386575,0.0,1.0,0.0,,,
2023-06-22,28.8799991607666,27.8799991607666,28.559999465942383,28.68000030517578,3728550.0,0.0,0.004201710135761649,0.0,1.0,0.0,,,
2023-06-23,30.399999618530273,27.959999084472656,28.0,30.200000762939453,6353550.0,0.0,0.05299862069699368,0.0,1.0,0.0,,,
2023-06-26,31.31999969482422,30.31999969482422,30.920000076293945,30.799999237060547,4651050.0,0.0,0.019867498641171988,0.0,1.0,0.0,,,
2023-06-27,30.799999237060547,29.440000534057617,30.360000610351562,29.8799991607666,4234000.0,0.0,-0.02987013308711195,-0.0,1.0,0.0,,,
2023-06-28,29.84000015258789,28.280000686645508,29.84000015258789,28.360000610351562,7081000.0,0.0,-0.050870100170914534,-0.0,1.0,0.0,,,
2023-06-29,29.280000686645508,28.15999984741211,28.200000762939453,28.719999313354492,5389775.0,0.0,0.012693889113370771,0.0,1.0,0.0,,,
2023-06-30,30.15999984741211,28.440000534057617,28.600000381469727,29.68000030517578,6161125.0,0.0,0.033426219177341565,0.0,1.0,0.0,,,
2023-07-03,29.040000915527344,28.479999542236328,28.8799991607666,28.959999084472656,2376450.0,0.0,-0.02425880098719424,-0.0,1.0,0.0,,,
2023-07-05,29.600000381469727,28.31999969482422,29.520000457763672,28.440000534057617,3338050.0,0.0,-0.017955751617887428,-0.0,1.0,0.0,,,
2023-07-06,28.719999313354492,27.600000381469727,28.360000610351562,28.15999984741211,4914450.0,0.0,-0.009845312285075347,-0.0,1.0,0.0,,,
2023-07-07,28.559999465942383,27.1200008392334,27.920000076293945,27.440000534057617,5485150.0,0.0,-0.025568157573007233,-0.0,1.0,0.0,,,
2023-07-10,28.760000228881836,28.079999923706055,28.31999969482422,28.440000534057617,5166900.0,0.0,0.036443147978763024,0.0,1.0,0.0,,,
2023-07-11,29.360000610351562,28.639999389648438,28.719999313354492,29.200000762939453,3284225.0,0.0,0.0267229330031733,0.0,1.0,0.0,,,
2023-07-12,28.600000381469727,28.0,28.360000610351562,28.31999969482422,5188000.0,0.0,-0.030137022093236654,-0.0,1.0,0.0,,,
2023-07-13,28.31999969482422,27.15999984741211,27.959999084472656,27.280000686645508,5328600.0,0.0,-0.036723129215597505,-0.0,1.0,0.0,,,
2023-07-14,27.799999237060547,26.639999389648438,27.760000228881836,27.15999984741211,4998750.0,0.0,-0.00439885763243919,-0.0,1.0,0.0,,,
2023-07-17,27.280000686645508,26.559999465942383,26.8799991607666,27.079999923706055,2787925.0,0.0,-0.0029455053076400395,-0.0,1.0,0.0,,,
2023-07-18,28.280000686645508,27.559999465942383,27.760000228881836,28.0,5174300.0,0.0,0.03397341502532902,0.0,1.0,0.0,,,
2023-07-19,28.360000610351562,27.68000030517578,28.079999923706055,28.0,3522475.0,0.0,0.0,0.0,1.0,0.0,,,
2023-07-20,29.600000381469727,28.8799991607666,29.040000915527344,29.1200008392334,6412275.0,0.0,0.04000002997262131,0.0,1.0,0.0,,,
2023-07-21,29.280000686645508,28.799999237060547,28.959999084472656,29.079999923706055,3217775.0,0.0,-0.0013736577738504563,-0.0,1.0,0.0,,,
2023-07-24,29.239999771118164,28.559999465942383,28.719999313354492,28.959999084472656,3538550.0,0.0,-0.004126576325592546,-0.0,1.0,0.0,,,
2023-07-25,29.760000228881836,28.799999237060547,28.8799991607666,29.360000610351562,3669000.0,0.0,0.013812207821973788,0.0,1.0,0.0,,,
2023-07-26,29.040000915527344,28.479999542236328,28.68000030517578,28.8799991607666,3492275.0,0.0,-0.016348822874878488,-0.0,1.0,0.0,,,
2023-07-27,28.479999542236328,27.399999618530273,28.31999969482422,28.0,6441525.0,0.0,-0.030470885953559068,-0.0,1.0,0.0,,,
2023-07-28,28.600000381469727,27.8799991607666,28.559999465942383,28.360000610351562,3917075.0,0.0,0.012857164655412978,0.0,1.0,0.0,,,
2023-07-31,28.440000534057617,28.040000915527344,28.200000762939453,28.440000534057617,2845775.0,0.0,0.002820871720180973,0.0,1.0,0.0,,,
2023-08-01,27.719999313354492,27.239999771118164,27.31999969482422,27.68000030517578,3685125.0,0.0,-0.0267229330031733,-0.0,1.0,0.0,,,
2023-08-02,27.0,26.399999618530273,26.920000076293945,26.68000030517578,4896300.0,0.0,-0.0361271672317508,-0.0,1.0,0.0,,,
2023-08-03,27.799999237060547,27.040000915527344,27.31999969482422,27.520000457763672,4404100.0,0.0,0.03148426323012199,0.0,1.0,0.0,,,
2023-08-04,28.040000915527344,27.479999542236328,28.0,27.799999237060547,3452000.0,1.0,0.010174374078467219,0.0,1.0,0.0,0.09647527,0.09647527,0.38893133
2023-08-07,29.600000381469727,28.84000015258789,28.959999084472656,29.600000381469727,5061825.0,1.0,0.06474824438158877,0.06474824438158877,1.0647482443815888,0.0,0.08208155,0.08208155,0.46080005
2023-08-08,30.079999923706055,29.239999771118164,29.479999542236328,30.079999923706055,4489375.0,1.0,0.016216200542241266,0.016216200542241266,1.08201441543948,0.0,0.067328386,0.067328386,0.42827544
2023-08-09,32.31999969482422,31.31999969482422,32.20000076293945,31.8799991607666,8140650.0,1.0,0.059840400320013476,0.059840400320013476,1.146762591211404,0.0,0.041311994,0.041311994,0.3507551
2023-08-10,31.079999923706055,29.559999465942383,30.920000076293945,29.920000076293945,6553700.0,1.0,-0.06148052497080192,-0.06148052497080192,1.0762590250868496,-0.06148052497080203,0.060513318,0.060513318,0.26917672
2023-08-11,30.0,29.079999923706055,29.1200008392334,29.959999084472656,3823875.0,1.0,0.0013368652432057537,0.0013368652432057537,1.0776978383701747,-0.06022585090456367,0.05031444,0.05031444,0.27857488
2023-08-14,30.15999984741211,29.559999465942383,29.8799991607666,30.079999923706055,2479550.0,1.0,0.004005368588131608,0.004005368588131608,1.08201441543948,-0.05646170904783876,0.028456401,0.028456401,0.25012848
2023-08-15,29.1200008392334,28.479999542236328,29.079999923706055,28.68000030517578,5192025.0,1.0,-0.046542540627699025,-0.046542540627699025,1.031654715549132,-0.1003763782882694,0.07561098,0.07561098,0.3117508
2023-08-16,28.239999771118164,27.68000030517578,28.239999771118164,28.0,3509850.0,1.0,-0.023709912759417362,-0.023709912759417362,1.0071942722456206,-0.12170637587536548,0.0685685,0.0685685,0.36756706
2023-08-17,28.719999313354492,28.1200008392334,28.360000610351562,28.280000686645508,2320000.0,1.0,0.010000024523053819,0.010000024523053819,1.0172662396675562,-0.1129234180956773,0.061017163,0.061017163,0.3015059
2023-08-18,28.0,27.440000534057617,27.719999313354492,27.760000228881836,3312125.0,1.0,-0.0183875687813978,-0.0183875687813978,0.9985611867166752,-0.12923459975981033,0.095929876,0.095929876,0.35974175
2023-08-21,28.360000610351562,27.799999237060547,28.200000762939453,27.8799991607666,3226900.0,1.0,0.004322728058190561,0.004322728058190561,1.0028776951763154,-0.1254705177320905,0.102062605,0.102062605,0.39574346
2023-08-22,28.0,26.959999084472656,27.920000076293945,27.1200008392334,3942775.0,1.0,-0.027259624978851926,-0.027259624978851926,0.9755396253061537,-0.1493098634516632,0.116884045,0.116884045,0.3578164
2023-08-23,26.959999084472656,26.360000610351562,26.8799991607666,26.440000534057617,5622700.0,1.0,-0.02507375678956658,-0.02507375678956658,0.9510791820026423,-0.1706398610387594,0.11380632,0.11380632,0.27911624
2023-08-24,27.479999542236328,25.959999084472656,26.280000686645508,26.959999084472656,6643575.0,1.0,0.019667115730395812,0.019667115730395812,0.9697841663438584,-0.15432873920363155,0.11695016,0.11695016,0.31575283
2023-08-25,27.479999542236328,26.520000457763672,26.719999313354492,27.440000534057617,3717225.0,1.0,0.017804208675266997,0.017804208675266997,0.9870504060114144,-0.13927223160573676,0.11090961,0.11090961,0.3353659
2023-08-28,28.719999313354492,27.200000762939453,28.719999313354492,27.399999618530273,6489875.0,1.0,-0.0014577592838489473,-0.0014577592838489473,0.9856115241184243,-0.1405269655009801,0.12970862,0.12970862,0.2993417
2023-08-29,27.600000381469727,26.8799991607666,27.360000610351562,27.440000534057617,4157850.0,1.0,0.0014598874483302549,0.0014598874483302549,0.9870504060114145,-0.13927223160573676,0.13388485,0.13388485,0.37652203
2023-08-30,28.799999237060547,27.68000030517578,27.84000015258789,28.799999237060547,4594275.0,1.0,0.0495626339844617,0.0495626339844617,1.0359712240087726,-0.09661229626054924,0.10060091,0.10060091,0.373514
2023-08-31,29.399999618530273,27.799999237060547,28.31999969482422,28.440000534057617,5345525.0,1.0,-0.012499955296515264,-0.012499955296515264,1.0230216300201869,-0.1079046021727138,0.11272699,0.11272699,0.30841273
2023-09-01,29.360000610351562,28.200000762939453,28.920000076293945,28.200000762939453,3656400.0,1.0,-0.008438810359049032,-0.008438810359049032,1.0143885444912413,-0.11543282605715877,0.11168565,0.11168565,0.30808356
2023-09-05,26.920000076293945,26.360000610351562,26.639999389648438,26.600000381469727,6233550.0,1.0,-0.05673760064476496,-0.05673760064476496,0.9568345723552728,-0.165621045115796,0.12268836,0.12268836,0.24611437
2023-09-06,26.1200008392334,25.68000030517578,25.799999237060547,25.920000076293945,5080500.0,1.0,-0.025563920880598445,-0.025563920880598445,0.9323741290517613,-0.1869510427028923,0.12560171,0.12560171,0.3596248
2023-09-07,26.84000015258789,25.68000030517578,25.719999313354492,26.600000381469727,5453525.0,1.0,0.026234579597771646,0.026234579597771646,0.9568345723552728,-0.165621045115796,0.08645732,0.08645732,0.38912797
2023-09-08,27.15999984741211,26.559999465942383,26.799999237060547,26.84000015258789,3877175.0,1.0,0.009022547657005164,0.009022547657005164,0.9654676578842184,-0.15809282123135115,0.09598638,0.09598638,0.36299175
2023-09-11,27.1200008392334,26.520000457763672,26.520000457763672,26.84000015258789,2858775.0,1.0,0.0,0.0,0.9654676578842184,-0.15809282123135115,0.107047655,0.107047655,0.34797618
2023-09-12,28.559999465942383,26.920000076293945,27.31999969482422,28.200000762939453,7909750.0,1.0,0.05067066328687897,0.05067066328687897,1.0143885444912413,-0.11543282605715877,0.08782922,0.08782922,0.40323088
2023-09-13,28.520000457763672,27.1200008392334,27.600000381469727,27.799999237060547,5935250.0,1.0,-0.01418445088854714,-0.01418445088854714,1.0000000000000004,-0.12797992569357186,0.08746162,0.08746162,0.3070695
2023-09-14,28.639999389648438,27.639999389648438,28.31999969482422,27.719999313354492,5912875.0,1.0,-0.002877695176315198,-0.002877695176315198,0.9971223048236852,-0.13048933365505355,0.09045899,0.09045899,0.27253416
2023-09-15,27.920000076293945,27.1200008392334,27.639999389648438,27.239999771118164,3182575.0,1.0,-0.01731600123110688,-0.01731600123110688,0.9798561337657942,-0.14554578142394325,0.10752523,0.10752523,0.34910673
2023-09-18,27.959999084472656,27.239999771118164,27.440000534057617,27.799999237060547,3606075.0,1.0,0.02055798350395488,0.02055798350395488,1.0000000000000004,-0.12797992569357186,0.07777168,0.07777168,0.3112055
2023-09-19,28.520000457763672,27.760000228881836,28.0,28.1200008392334,4768750.0,1.0,0.01151084931492563,0.01151084931492563,1.011510849314926,-0.11794223401864035,0.07244317,0.07244317,0.27286473
2023-09-20,27.399999618530273,27.040000915527344,27.1200008392334,27.15999984741211,3572375.0,1.0,-0.03413943681260079,-0.03413943681260079,0.976978438589479,-0.14805518938542483,0.10924144,0.10924144,0.30975738
2023-09-21,27.479999542236328,26.31999969482422,27.200000762939453,26.479999542236328,6223475.0,1.0,-0.02503683022813319,-0.02503683022813319,0.9525179952859676,-0.16938518697252103,0.10377883,0.10377883,0.3628593
2023-09-22,26.8799991607666,26.440000534057617,26.719999313354492,26.799999237060547,2896100.0,1.0,0.012084580829157865,0.012084580829157865,0.9640287759912283,-0.1593475551265946,0.07221272,0.07221272,0.32436168
2023-09-25,27.31999969482422,26.760000228881836,26.959999084472656,26.959999084472656,2890475.0,1.0,0.005970143730110733,0.005970143730110733,0.9697841663438587,-0.15432873920363133,0.08403735,0.08403735,0.34591228
2023-09-26,26.8799991607666,26.280000686645508,26.440000534057617,26.440000534057617,4016275.0,1.0,-0.019287780714893565,-0.019287780714893565,0.9510791820026424,-0.17063986103875928,0.091874294,0.091874294,0.3988731
2023-09-27,27.399999618530273,26.68000030517578,26.68000030517578,26.8799991607666,3268200.0,1.0,0.016641400068892587,0.016641400068892587,0.9669064711675435,-0.1568381471651129,0.09418609,0.09418609,0.37574944
2023-09-28,27.719999313354492,27.0,27.360000610351562,27.360000610351562,3918950.0,1.0,0.017857197342682873,0.017857197342682873,0.9841727108350994,-0.14178163956721823,0.0881542,0.0881542,0.25969368
2023-09-29,27.719999313354492,26.920000076293945,26.920000076293945,27.31999969482422,3854100.0,1.0,-0.0014620217337352193,-0.0014620217337352193,0.9827338289421094,-0.14303637346246156,0.084033184,0.084033184,0.24963477
2023-10-02,27.079999923706055,26.399999618530273,26.84000015258789,26.520000457763672,3996050.0,1.0,-0.029282549267821034,-0.029282549267821034,0.9539568771789576,-0.1681304530772777,0.085056715,0.085056715,0.25538257
2023-10-03,27.600000381469727,26.799999237060547,26.959999084472656,27.440000534057617,3991100.0,1.0,0.034690801674726934,0.034690801674726934,0.9870504060114147,-0.13927223160573654,0.08392848,0.08392848,0.36162263
2023-10-04,28.399999618530273,27.479999542236328,28.31999969482422,27.920000076293945,4581000.0,1.0,0.01749269434745715,0.01749269434745715,1.0043165770693059,-0.12421578383684673,0.075178586,0.075178586,0.3283491
2023-10-05,29.799999237060547,28.15999984741211,28.200000762939453,29.639999389648438,7249925.0,1.0,0.06160455976556012,0.06160455976556012,1.0661870576649146,-0.07026348275048966,0.09133312,0.09133312,0.3942321
2023-10-06,31.31999969482422,29.719999313354492,29.84000015258789,30.959999084472656,8161200.0,1.0,0.04453440357644611,0.04453440357644611,1.1136690623789476,-0.02885822147154049,0.05466707,0.05466707,0.3103131
2023-10-09,31.719999313354492,30.959999084472656,31.15999984741211,31.520000457763672,4717150.0,1.0,0.018087900188985317,0.018087900188985317,1.1338129972228188,-0.011292305912164013,0.03748991,0.03748991,0.27467066
2023-10-10,31.760000228881836,31.079999923706055,31.600000381469727,31.600000381469727,3745825.0,1.0,0.002538068608636479,0.002538068608636479,1.136690692399134,-0.008782897950682433,0.0676973,0.0676973,0.21295841
2023-10-11,31.799999237060547,30.040000915527344,30.68000030517578,31.600000381469727,5684850.0,1.0,0.0,0.0,1.136690692399134,-0.008782897950682433,0.04902982,0.04902982,0.25325045
2023-10-12,31.920000076293945,30.8799991607666,31.1200008392334,31.200000762939453,4165800.0,1.0,-0.012658215623466695,-0.012658215623466695,1.122302216517558,-0.021329937758090556,0.05258023,0.05258023,0.3708847
2023-10-13,30.520000457763672,29.920000076293945,30.31999969482422,30.0,3857950.0,1.0,-0.03846156197421824,-0.03846156197421824,1.0791367202631654,-0.058971117009319785,0.08462781,0.08462781,0.3104346
2023-10-16,29.399999618530273,28.559999465942383,29.200000762939453,29.1200008392334,5720700.0,1.0,-0.029333305358886674,-0.029333305358886674,1.0474820733236985,-0.0865746045856175,0.065165214,0.065165214,0.3753891
2023-10-17,29.0,28.360000610351562,28.84000015258789,28.719999313354492,3921025.0,1.0,-0.013736315740073168,-0.013736315740073168,1.0330935288324576,-0.0991217042220307,0.08449313,0.08449313,0.41753292
2023-10-18,29.360000610351562,28.600000381469727,29.31999969482422,28.719999313354492,2539625.0,1.0,0.0,0.0,1.0330935288324576,-0.0991217042220307,0.045466356,0.045466356,0.34300613
2023-10-19,28.719999313354492,27.600000381469727,28.600000381469727,27.639999389648438,4897800.0,1.0,-0.03760445506709553,-0.03760445506709553,0.9942446096473703,-0.13299874161653502,0.04720297,0.04720297,0.41870868
2023-10-20,27.31999969482422,27.0,27.1200008392334,27.1200008392334,4099475.0,1.0,-0.018813262007877807,-0.018813262007877807,0.9755396253061541,-0.14930986345166286,0.08524891,0.08524891,0.39904246
2023-10-23,27.399999618530273,26.959999084472656,27.079999923706055,27.239999771118164,3044750.0,1.0,0.004424739239357489,0.004424739239357489,0.9798561337657944,-0.14554578142394303,0.04723636,0.04723636,0.36369532
2023-10-24,27.84000015258789,27.040000915527344,27.200000762939453,27.84000015258789,2866950.0,1.0,0.022026445907165293,0.022026445907165293,1.0014388818929907,-0.12672519179832842,0.070847765,0.070847765,0.27557912
2023-10-25,28.31999969482422,27.68000030517578,28.0,28.280000686645508,3165200.0,1.0,0.015804616797630233,0.015804616797630233,1.0172662396675567,-0.11292341809567696,0.06412234,0.06412234,0.31834778
2023-10-26,29.440000534057617,28.1200008392334,28.280000686645508,29.239999771118164,6092200.0,1.0,0.03394621857014268,0.03394621857014268,1.0517985817833386,-0.08281052255789778,-0.0060636387,-0.0060636387,0.25405675
2023-10-27,29.760000228881836,28.719999313354492,29.68000030517578,28.799999237060547,5012350.0,1.0,-0.01504789799937778,-0.01504789799937778,1.0359712240087728,-0.09661229626054901,-0.005491851,-0.005491851,0.21551757
2023-10-30,28.1200008392334,27.68000030517578,27.799999237060547,27.799999237060547,3245700.0,1.0,-0.03472222314204698,-0.03472222314204698,1.0000000000000007,-0.12797992569357175,-0.020327363,-0.020327363,0.27143383
2023-10-31,30.200000762939453,28.959999084472656,29.040000915527344,30.0,5871475.0,1.0,0.07913672026316476,0.07913672026316476,1.0791367202631654,-0.058971117009319785,-0.03043706,-0.03043706,0.27509594
2023-11-01,29.600000381469727,28.520000457763672,28.68000030517578,29.079999923706055,4012675.0,1.0,-0.030666669209798214,-0.030666669209798214,1.0460431914307085,-0.08782933848086083,0.0012815893,0.0012815893,0.1761164
2023-11-02,29.200000762939453,28.399999618530273,28.559999465942383,29.15999984741211,3185550.0,1.0,0.0027510290204930676,0.0027510290204930676,1.0489208866070234,-0.08531993051937936,-0.015014234,-0.015014234,0.24287954
2023-11-03,29.760000228881836,29.0,29.1200008392334,29.040000915527344,2292275.0,1.0,-0.0041151897295163,-0.0041151897295163,1.044604378147383,-0.0890840125470993,0.0064126616,0.0064126616,0.1949697
2023-11-06,27.84000015258789,27.040000915527344,27.68000030517578,27.280000686645508,5901550.0,1.0,-0.06060606657697398,-0.06060606657697398,0.9812950156587843,-0.1442910475286998,0.002544634,0.002544634,0.19116771
2023-11-07,26.559999465942383,25.8799991607666,25.959999084472656,26.440000534057617,6042550.0,1.0,-0.030791793674664336,-0.030791793674664336,0.9510791820026425,-0.17063986103875917,0.03240747,0.03240747,0.42770937
2023-11-08,26.479999542236328,25.440000534057617,25.84000015258789,26.15999984741211,7214600.0,1.0,-0.010590040884637553,-0.010590040884637553,0.9410072145807069,-0.17942281881844735,0.047290597,0.047290597,0.43736294
2023-11-09,25.760000228881836,25.200000762939453,25.68000030517578,25.360000610351562,6067550.0,1.0,-0.030581010769374584,-0.030581010769374584,0.9122302628175551,-0.20451689843326348,0.04060299,0.04060299,0.42845866
2023-11-10,25.440000534057617,25.15999984741211,25.399999618530273,25.31999969482422,3644725.0,1.0,-0.0015773231295197476,-0.0015773231295197476,0.9107913809245651,-0.20577163232850681,0.03530587,0.03530587,0.42369998
2023-11-13,27.040000915527344,26.040000915527344,26.31999969482422,26.8799991607666,5731050.0,1.0,0.06161135405784668,0.06161135405784668,0.9669064711675436,-0.1568381471651128,0.028200898,0.028200898,0.34290388
2023-11-14,26.68000030517578,25.719999313354492,26.239999771118164,25.84000015258789,5518075.0,1.0,-0.03869044050033554,-0.03869044050033554,0.9294964338754463,-0.18946045066437367,0.027126193,0.027126193,0.15885508
2023-11-15,27.200000762939453,26.200000762939453,26.520000457763672,26.239999771118164,4995375.0,1.0,0.015479861306820109,0.015479861306820109,0.9438849097570221,-0.17691341085696577,0.024476312,0.024476312,0.24697533
2023-11-16,26.479999542236328,25.200000762939453,26.280000686645508,25.479999542236328,6122450.0,1.0,-0.028963423609414507,-0.028963423609414507,0.9165467712771955,-0.20075281640554354,0.019201327,0.019201327,0.16891219
2023-11-17,24.719999313354492,24.15999984741211,24.559999465942383,24.639999389648438,7381200.0,1.0,-0.03296703954784164,-0.03296703954784164,0.8863309376210536,-0.22710162991560312,0.032010514,0.032010514,0.180753
2023-11-20,24.399999618530273,23.959999084472656,24.0,23.959999084472656,4484700.0,1.0,-0.02759741566639229,-0.02759741566639229,0.8618704943175423,-0.2484316275026992,0.04950086,0.04950086,0.42806062
2023-11-21,24.200000762939453,23.479999542236328,23.799999237060547,23.559999465942383,4155425.0,1.0,-0.016694475534829833,-0.016694475534829833,0.8474820184359664,-0.2609786673101072,0.055572405,0.055572405,0.42886725
2023-11-22,24.040000915527344,23.31999969482422,23.559999465942383,23.920000076293945,3733100.0,1.0,0.015280162076063197,0.015280162076063197,0.8604316810342171,-0.24968630156893756,0.06585179,0.06585179,0.33665738
2023-11-24,23.8799991607666,23.239999771118164,23.360000610351562,23.639999389648438,2641800.0,1.0,-0.011705714287309044,-0.011705714287309044,0.8503597136122815,-0.25846925934862575,0.04863269,0.04863269,0.3812712
2023-11-27,23.239999771118164,22.719999313354492,23.0,23.200000762939453,4550975.0,1.0,-0.018612463539303348,-0.018612463539303348,0.8345324244473804,-0.2722709732222721,0.07988549,0.07988549,0.4524351
2023-11-28,23.15999984741211,22.0,22.799999237060547,22.079999923706055,8394675.0,1.0,-0.04827589665525056,-0.04827589665525056,0.794244623369303,-0.30740274451201965,0.07734364,0.07734364,0.41453764
2023-11-29,22.600000381469727,22.0,22.520000457763672,22.040000915527344,5735950.0,1.0,-0.0018115492897156082,-0.0018115492897156082,0.792805810085978,-0.3086574185782579,0.07790228,0.07790228,0.49724904
2023-11-30,22.399999618530273,21.760000228881836,22.280000686645508,22.079999923706055,4460975.0,1.0,0.0018148369563149025,0.0018148369563149025,0.7942446233693031,-0.30740274451201965,0.07704549,0.07704549,0.45488393
2023-12-01,22.399999618530273,21.719999313354492,21.799999237060547,21.799999237060547,3702800.0,1.0,-0.012681190562183198,-0.012681190562183198,0.7841726559473676,-0.3161857022917077,0.09024053,0.09024053,0.5088853
2023-12-04,21.399999618530273,20.8799991607666,21.1200008392334,21.360000610351562,5489575.0,1.0,-0.02018342394989514,-0.02018342394989514,0.7683453667824667,-0.329987416165354,0.09315194,0.09315194,0.5280858
2023-12-05,21.959999084472656,21.079999923706055,21.8799991607666,21.360000610351562,3711625.0,1.0,0.0,0.0,0.7683453667824667,-0.329987416165354,0.08206713,0.08206713,0.5041156
2023-12-06,21.479999542236328,20.040000915527344,21.399999618530273,20.239999771118164,8085700.0,1.0,-0.05243449472050199,-0.05243449472050199,0.7280575657043893,-0.36511918745510163,0.083657384,0.083657384,0.47425234
2023-12-07,20.68000030517578,19.8799991607666,20.200000762939453,20.280000686645508,5495650.0,1.0,0.001976329840893687,0.001976329840893687,0.7294964475973793,-0.3638644535598583,0.07818128,0.07818128,0.51121795
2023-12-08,20.559999465942383,20.0,20.31999969482422,20.079999923706055,3927750.0,1.0,-0.009861970225235495,-0.009861970225235495,0.7223021753517589,-0.3701380033780648,0.072680295,0.072680295,0.51933056
2023-12-11,19.31999969482422,18.1200008392334,18.360000610351562,19.239999771118164,10165050.0,1.0,-0.04183267708065097,-0.04183267708065097,0.692086341695617,-0.39648681688812437,0.10301936,0.10301936,0.52615696
2023-12-12,18.8799991607666,18.0,18.600000381469727,18.079999923706055,6672625.0,1.0,-0.06029105307752791,-0.06029105307752791,0.6503597273342144,-0.43287326224411027,0.10362396,0.10362396,0.47230777
2023-12-13,18.799999237060547,18.040000915527344,18.079999923706055,18.399999618530273,5763600.0,1.0,0.017699098239742916,0.017699098239742916,0.6618705080394751,-0.42283563039818384,0.12854287,0.12854287,0.4885127
2023-12-14,19.079999923706055,18.360000610351562,18.559999465942383,19.040000915527344,5652850.0,1.0,0.03478267990573958,0.03478267990573958,0.6848921380596614,-0.4027603068773259,0.11746945,0.11746945,0.4451862
2023-12-15,19.959999084472656,19.15999984741211,19.399999618530273,19.31999969482422,6457750.0,1.0,0.0147058175332615,0.0147058175332615,0.6949640368719322,-0.3939774089266427,0.109772034,0.109772034,0.45717144
2023-12-18,20.239999771118164,19.520000457763672,20.200000762939453,19.559999465942383,4911850.0,1.0,0.012422348597782795,0.012422348597782795,0.7035971224008777,-0.38644918504219794,0.08210236,0.08210236,0.42841735
2023-12-19,19.68000030517578,18.520000457763672,18.84000015258789,19.600000381469727,5454600.0,1.0,0.0020450366369892947,0.0020450366369892947,0.7050360042938677,-0.3851944511469546,0.07696644,0.07696644,0.45682323
2023-12-20,19.479999542236328,18.719999313354492,19.280000686645508,18.799999237060547,4446375.0,1.0,-0.040816384124437,-0.040816384124437,0.676258983921051,-0.4102885905907758,0.10610105,0.10610105,0.39794075
2023-12-21,20.15999984741211,19.15999984741211,19.360000610351562,19.959999084472656,5622950.0,1.0,0.06170212204718584,0.06170212204718584,0.7179855982824536,-0.37390214523478993,0.07866126,0.07866126,0.4195318
2023-12-22,20.239999771118164,19.559999465942383,19.600000381469727,20.15999984741211,3390700.0,1.0,0.010020078763181894,0.010020078763181894,0.725179870528074,-0.3676285954165833,0.04787474,0.04787474,0.31703058
2023-12-26,19.760000228881836,19.31999969482422,19.559999465942383,19.719999313354492,5146400.0,1.0,-0.02182542348154326,-0.02182542348154326,0.7093525127535081,-0.38143036911923467,0.03713938,0.03713938,0.37424278
2023-12-27,20.799999237060547,19.68000030517578,20.399999618530273,19.799999237060547,5584225.0,1.0,0.004056791404241089,0.004056791404241089,0.7122302079298233,-0.3789209611577531,0.044093724,0.044093724,0.38694823
2023-12-28,20.84000015258789,20.31999969482422,20.399999618530273,20.559999465942383,5608525.0,1.0,0.03838385142254497,0.03838385142254497,0.73956834640965,-0.3550815556091752,0.00111177,0.00111177,0.35251004
2023-12-29,20.719999313354492,20.15999984741211,20.399999618530273,20.280000686645508,3644275.0,1.0,-0.013618618023832796,-0.013618618023832796,0.7294964475973793,-0.3638644535598583,0.010279539,0.010279539,0.34701517
2024-01-02,21.040000915527344,20.440000534057617,20.959999084472656,20.760000228881836,4600875.0,1.0,0.02366861567970302,0.02366861567970302,0.7467626186552703,-0.3488080057909687,0.029636212,0.029636212,0.3367252
2024-01-03,22.040000915527344,21.280000686645508,21.68000030517578,21.760000228881836,6721225.0,1.0,0.048169556309001216,0.048169556309001216,0.7827338426640426,-0.31744037635794586,-0.029349573,-0.029349573,0.30302268
2024-01-04,23.200000762939453,22.200000762939453,22.8799991607666,23.079999923706055,11130100.0,1.0,0.06066175004319141,0.06066175004319141,0.8302158473780754,-0.2760351150789968,-0.029657729,-0.029657729,0.13432096
2024-01-05,23.520000457763672,21.8799991607666,21.920000076293945,23.360000610351562,8500300.0,1.0,0.01213174556200558,0.01213174556200558,0.8402878148000111,-0.2672521572993085,-0.04405416,-0.04405416,0.04885062
2024-01-08,24.399999618530273,22.0,22.239999771118164,24.040000915527344,9126150.0,1.0,0.029109601344550207,0.029109601344550207,0.8647482581035227,-0.2459221597122122,-0.054715183,-0.054715183,0.059054915
2024-01-09,27.479999542236328,24.600000381469727,25.559999465942383,25.920000076293945,21309100.0,1.0,0.07820295712020209,0.07820295712020209,0.932374129051762,-0.18695104270289176,-0.063074514,-0.063074514,0.07958327
2024-01-10,25.239999771118164,23.959999084472656,24.799999237060547,24.600000381469727,12598425.0,1.0,-0.050925914002271644,-0.050925914002271644,0.884892124337729,-0.22835630398184092,-0.060810454,-0.060810454,0.04596685
2024-01-11,26.200000762939453,24.1200008392334,24.559999465942383,25.15999984741211,13421125.0,1.0,0.022764205579614893,0.022764205579614893,0.9050359905719352,-0.21079044825146964,-0.07335846,-0.07335846,0.07822413
2024-01-12,27.360000610351562,25.959999084472656,27.079999923706055,27.280000686645508,17415325.0,1.0,0.08426076518642978,0.08426076518642978,0.9812950156587849,-0.14429104752869926,-0.048481777,-0.048481777,0.10054333
2024-01-16,24.360000610351562,23.079999923706055,23.959999084472656,23.1200008392334,10722650.0,1.0,-0.15249265919001864,-0.15249265919001864,0.8316547292710658,-0.27478038118375325,0.015604625,0.015604625,0.2582248
2024-01-17,23.959999084472656,22.760000228881836,23.040000915527344,23.280000686645508,4653525.0,1.0,0.006920408373887188,0.006920408373887188,0.8374101196236962,-0.26976156526079,-0.0053245816,-0.0053245816,0.3250188
2024-01-18,23.0,21.959999084472656,23.0,22.239999771118164,9471075.0,1.0,-0.04467357752802548,-0.04467357752802548,0.8000000137219339,-0.30238392858905605,-0.035639975,-0.035639975,0.19899556
2024-01-19,21.600000381469727,20.760000228881836,21.559999465942383,20.799999237060547,6796100.0,1.0,-0.0647482261185841,-0.0647482261185841,0.7482014319385957,-0.34755333172473024,-0.020706266,-0.020706266,0.2879696
2024-01-22,20.0,19.559999465942383,19.68000030517578,19.68000030517578,6373050.0,1.0,-0.053846104469523204,-0.053846104469523204,0.7079136994701832,-0.3826850431854727,-0.00029778294,-0.00029778294,0.33613613
2024-01-23,20.200000762939453,19.399999618530273,19.440000534057617,20.1200008392334,5066450.0,1.0,0.02235775036761045,0.02235775036761045,0.7237410572447492,-0.36888326948282124,-0.0064211413,-0.0064211413,0.20776755
2024-01-24,21.139999389648438,20.350000381469727,20.65999984741211,21.059999465942383,14022500.0,1.0,0.04671961170478767,0.04671961170478767,0.7575539584140364,-0.3393977408926635,-0.018089524,-0.018089524,0.33425125
2024-01-25,21.1200008392334,19.959999084472656,21.079999923706055,20.100000381469727,8717900.0,1.0,-0.045584003267670536,-0.045584003267670536,0.7230216162982542,-0.3695106364304429,-0.007985528,-0.007985528,0.3954995
2024-01-26,20.229999542236328,19.3700008392334,19.950000762939453,20.139999389648438,8125700.0,1.0,0.001990000369133549,0.001990000369133549,0.7244604295815793,-0.36825596236420466,-6.0540624e-05,-6.0540624e-05,0.32455802
2024-01-29,19.6200008392334,18.950000762939453,19.56999969482422,19.1299991607666,5795200.0,1.0,-0.050148970183234276,-0.050148970183234276,0.6881294850995596,-0.3999372752710382,0.0018180367,0.0018180367,0.2653722
2024-01-30,19.610000610351562,19.059999465942383,19.3700008392334,19.399999618530273,5834700.0,1.0,0.014113981683669508,0.014113981683669508,0.6978417320482477,-0.39146800096516077,-0.019208208,-0.019208208,0.15609893
2024-01-31,19.969999313354492,19.3799991607666,19.5,19.6299991607666,6202000.0,1.0,0.011855646740149384,0.011855646740149384,0.7061150971039457,-0.3842534605545268,-0.01064444,-0.01064444,0.19924414
2024-02-01,19.639999389648438,18.84000015258789,19.420000076293945,18.90999984741211,5781500.0,1.0,-0.0366785198235523,-0.0366785198235523,0.680215840517109,-0.40683813220786136,-0.0036591412,-0.0036591412,0.22107044
2024-02-02,19.450000762939453,19.040000915527344,19.149999618530273,19.360000610351562,6514300.0,1.0,0.023796973377608888,0.023796973377608888,0.6964029187649226,-0.3927226750313991,0.023919415,0.023919415,0.3116846
2024-02-05,19.459999084472656,19.010000228881836,19.219999313354492,19.25,4360700.0,1.0,-0.005681849529113436,-0.005681849529113436,0.6924460621688648,-0.39617313341431326,0.010727481,0.010727481,0.30753177
2024-02-06,18.959999084472656,18.5,18.75,18.540000915527344,5555200.0,1.0,-0.03688306932325491,-0.03688306932325491,0.6669065260552757,-0.4184441215938369,0.022595275,0.022595275,0.29623288
2024-02-07,18.700000762939453,18.1200008392334,18.68000030517578,18.239999771118164,4740400.0,1.0,-0.01618129070090424,-0.01618129070090424,0.656115117686845,-0.4278544463211468,0.040006764,0.040006764,0.35326797
2024-02-08,18.149999618530273,17.299999237060547,18.059999465942383,17.420000076293945,9906700.0,1.0,-0.04495612418387385,-0.04495612418387385,0.6266187249771983,-0.4535758928835846,0.079766385,0.079766385,0.35783777
2024-02-09,17.459999084472656,16.940000534057617,17.40999984741211,17.149999618530273,6839600.0,1.0,-0.01549945215735693,-0.01549945215735693,0.6169064780285102,-0.462045167189462,0.085967556,0.085967556,0.5114457
2024-02-12,17.260000228881836,16.059999465942383,17.059999465942383,16.170000076293945,10455500.0,1.0,-0.057142831722133414,-0.057142831722133414,0.581654694966233,-0.49278542967486294,0.10466903,0.10466903,0.4911691
2024-02-13,15.739999771118164,15.34000015258789,15.619999885559082,15.520000457763672,11384200.0,1.0,-0.04019787355988991,-0.04019787355988991,0.558273413082464,-0.5131743768405267,0.11634121,0.11634121,0.5136654
2024-02-14,15.489999771118164,14.779999732971191,15.289999961853027,14.890000343322754,11068100.0,1.0,-0.04059278968163749,-0.04059278968163749,0.5356115378403576,-0.5329359869730713,0.11617697,0.11617697,0.52725506
2024-02-15,15.170000076293945,14.630000114440918,15.069999694824219,14.8100004196167,11075200.0,1.0,-0.005372728130387805,-0.005372728130387805,0.5327338426640424,-0.535445394934553,0.11739712,0.11739712,0.5399873
2024-02-16,15.229999542236328,14.819999694824219,14.850000381469727,14.989999771118164,6755900.0,1.0,0.012153905901518103,0.012153905901518103,0.5392086396583353,-0.5297992419784706,0.11586491,0.11586491,0.4961863
2024-02-20,14.930000305175781,14.5600004196167,14.710000038146973,14.770000457763672,8088500.0,1.0,-0.014676405384499991,-0.014676405384499991,0.5312949950758848,-0.5367000989152937,0.12243495,0.12243495,0.5160879
2024-02-21,16.690000534057617,16.079999923706055,16.510000228881836,16.6200008392334,11972900.0,1.0,0.12525391497176952,0.12525391497176952,0.5978417732140464,-0.4786699724984007,0.049586188,0.049586188,0.28323337
2024-02-22,16.469999313354492,15.65999984741211,16.15999984741211,16.280000686645508,8454100.0,1.0,-0.020457288533059614,-0.020457288533059614,0.5856115515622907,-0.4893349712919488,0.06074109,0.06074109,0.441914
2024-02-23,15.600000381469727,15.109999656677246,15.579999923706055,15.210000038146973,10024500.0,1.0,-0.06572485278678508,-0.06572485278678508,0.5471223185456183,-0.5228983551271449,0.10061919,0.10061919,0.48477975
2024-02-26,16.18000030517578,15.329999923706055,16.15999984741211,15.619999885559082,10521100.0,1.0,0.02695593993319023,0.02695593993319023,0.5618705149004418,-0.5100376318459259,0.07680298,0.07680298,0.45502603
2024-02-27,16.43000030517578,15.829999923706055,16.170000076293945,16.170000076293945,7298700.0,1.0,0.03521128007455032,0.03521128007455032,0.5816546949662331,-0.49278542967486283,0.050738875,0.050738875,0.33828738
2024-02-28,17.030000686645508,16.479999542236328,16.530000686645508,16.729999542236328,8935900.0,1.0,0.034632001440950466,0.034632001440950466,0.6017985612004393,-0.47521957394449166,0.027274597,0.027274597,0.35734445
2024-02-29,17.139999389648438,16.479999542236328,16.600000381469727,16.540000915527344,6082800.0,1.0,-0.011356762218033278,-0.011356762218033278,0.5949640780377313,-0.4811793804598823,0.027452275,0.027452275,0.3788194
2024-03-01,16.600000381469727,16.270000457763672,16.34000015258789,16.420000076293945,3666000.0,1.0,-0.007255189394865469,-0.007255189394865469,0.5906475009684261,-0.4849435223166072,0.038568094,0.038568094,0.33060592
2024-03-04,17.770000457763672,17.020000457763672,17.360000610351562,17.299999237060547,9923400.0,1.0,0.0535931276904853,0.0535931276904853,0.622302147907893,-0.4573400347403096,0.020648845,0.020648845,0.33374426
2024-03-05,17.959999084472656,16.959999084472656,17.209999084472656,17.510000228881836,5366000.0,1.0,0.01213878618973685,0.01213878618973685,0.6298561406267609,-0.4507528014482922,0.020732846,0.020732846,0.3611083
2024-03-06,17.6200008392334,17.190000534057617,17.610000610351562,17.290000915527344,3053100.0,1.0,-0.012564209621860223,-0.012564209621860223,0.6219424960443104,-0.4576536583851153,0.04214283,0.04214283,0.32124323
2024-03-07,17.290000915527344,16.0,17.0,16.030000686645508,6188900.0,1.0,-0.07287450330614431,-0.07287450330614431,0.5766187455600976,-0.49717687865020455,0.055681743,0.055681743,0.24179895
2024-03-08,16.43000030517578,16.010000228881836,16.1299991607666,16.1299991607666,4150200.0,1.0,0.006238207725368428,0.006238207725368428,0.5802158130732429,-0.4940401635701064,0.02927262,0.02927262,0.34252086
2024-03-11,15.960000038146973,15.680000305175781,15.949999809265137,15.6899995803833,4374500.0,1.0,-0.02727833870280183,-0.02727833870280183,0.5643884896035094,-0.5078419073582552,0.048415046,0.048415046,0.35253114
2024-03-12,16.079999923706055,15.140000343322754,16.059999465942383,15.3100004196167,6887700.0,1.0,-0.02421919508791459,-0.02421919508791459,0.5507194546684285,-0.5197615802180415,0.05261984,0.05261984,0.41680038
2024-03-13,15.199999809265137,14.829999923706055,14.890000343322754,14.90999984741211,6426000.0,1.0,-0.026126751224126,-0.026126751224126,0.5363309444820201,-0.5323086499399523,0.06310535,0.06310535,0.41952682
2024-03-14,15.779999732971191,14.949999809265137,15.0,15.569999694824219,6018100.0,1.0,0.044265583780449536,0.044265583780449536,0.5600719468390366,-0.5116060193004777,0.06260525,0.06260525,0.25738832
2024-03-15,15.4399995803833,14.880000114440918,15.40999984741211,15.130000114440918,6186000.0,1.0,-0.0282594469497367,-0.0282594469497367,0.5442446233693031,-0.5254077630886265,0.042180765,0.042180765,0.37039363
2024-03-18,15.569999694824219,15.039999961853027,15.5,15.34000015258789,5285900.0,1.0,0.013879711603342004,0.013879711603342004,0.5517985817833385,-0.5188205597111117,0.064488016,0.064488016,0.23637062
2024-03-19,15.770000457763672,15.380000114440918,15.600000381469727,15.640000343322754,4416400.0,1.0,0.019556726711261074,0.019556726711261074,0.5625899558469367,-0.5094102648983043,0.044206284,0.044206284,0.26851517
2024-03-20,15.529999732971191,15.3100004196167,15.350000381469727,15.369999885559082,4423100.0,1.0,-0.017263455999791177,-0.017263455999791177,0.5528777088982486,-0.5178795392041817,0.025736686,0.025736686,0.18762814
2024-03-21,15.380000114440918,15.029999732971191,15.319999694824219,15.319999694824219,5399800.0,1.0,-0.003253102869691049,-0.003253102869691049,0.5510791408368435,-0.5194479266587334,0.032151345,0.032151345,0.18343785
2024-03-22,15.229999542236328,14.979999542236328,15.010000228881836,15.109999656677246,3657100.0,1.0,-0.013707574564634006,-0.013707574564634006,0.543525182422808,-0.5260351300362482,0.03303595,0.03303595,0.27875364
2024-03-25,15.199999809265137,14.890000343322754,14.989999771118164,15.039999961853027,4823100.0,1.0,-0.004632673488730754,-0.004632673488730754,0.5410072077197403,-0.5282308545239192,0.038599283,0.038599283,0.22169612
2024-03-26,15.149999618530273,14.84000015258789,15.09000015258789,14.960000038146973,5762300.0,1.0,-0.00531914387692578,-0.00531914387692578,0.5381295125434251,-0.5307402624854007,0.070833854,0.070833854,0.29862416
2024-03-27,14.5,14.25,14.449999809265137,14.350000381469727,7758700.0,1.0,-0.04077537801616238,-0.04077537801616238,0.5161870782478137,-0.5498745056703236,0.07226425,0.07226425,0.32583016
2024-03-28,14.920000076293945,14.369999885559082,14.569999694824219,14.569999694824219,8144500.0,1.0,0.015330962195553521,0.015330962195553521,0.5241007228302642,-0.5429736487335005,0.07073683,0.07073683,0.26833862
2024-04-01,15.489999771118164,15.069999694824219,15.270000457763672,15.390000343322754,8293000.0,1.0,0.05628007314165062,0.05628007314165062,0.5535971498447434,-0.5172521722565603,0.02821507,0.02821507,0.24138401
2024-04-02,15.729999542236328,15.0600004196167,15.109999656677246,15.479999542236328,5999200.0,1.0,0.005847901033519065,0.005847901033519065,0.5568345311894737,-0.5144291107357704,0.0368377,0.0368377,0.24625564
2024-04-03,15.859999656677246,15.350000381469727,15.859999656677246,15.460000038146973,5600100.0,1.0,-0.0012919576667161925,-0.0012919576667161925,0.5561151245478111,-0.5150564477688895,0.037990745,0.037990745,0.17825106
2024-04-04,15.40999984741211,14.800000190734863,15.390000343322754,14.899999618530273,8334300.0,1.0,-0.0362225367551694,-0.0362225367551694,0.5359712240087724,-0.5326223334137633,0.024335694,0.024335694,0.19712149
2024-04-05,15.25,14.819999694824219,14.90999984741211,14.869999885559082,5235900.0,1.0,-0.002013404948942532,-0.002013404948942532,0.5348920968938623,-0.5335633539206932,0.0550725,0.0550725,0.23584335
2024-04-08,15.470000267028809,15.050000190734863,15.100000381469727,15.40999984741211,5459300.0,1.0,0.03631472535365954,0.03631472535365954,0.554316556486406,-0.516624835223441,0.05130121,0.05130121,0.31515568
2024-04-09,16.09000015258789,15.430000305175781,15.859999656677246,15.850000381469727,7823600.0,1.0,0.028552922674526027,0.028552922674526027,0.5701439142609719,-0.5028230615207898,0.036517616,0.036517616,0.3256024
2024-04-10,16.040000915527344,15.630000114440918,15.979999542236328,15.670000076293945,5986000.0,1.0,-0.01135648585764204,-0.01135648585764204,0.5636690829618465,-0.5084692443913748,0.040805988,0.040805988,0.30076268
2024-04-11,15.390000343322754,14.699999809265137,15.369999885559082,14.850000381469727,9392000.0,1.0,-0.05232927191013481,-0.05232927191013481,0.5341726902521997,-0.5341906909538124,0.031876296,0.031876296,0.29441065
2024-04-12,14.899999618530273,14.619999885559082,14.680000305175781,14.890000343322754,4676400.0,1.0,0.0026936000555892736,0.0026936000555892736,0.5356115378403573,-0.5329359869730717,0.045317408,0.045317408,0.3300076
2024-04-15,14.59000015258789,14.069999694824219,14.40999984741211,14.140000343322754,9363000.0,1.0,-0.05036937425836452,-0.05036937425836452,0.5086331198337782,-0.5564617090478385,0.03926385,0.03926385,0.26777178
2024-04-16,15.0,13.869999885559082,14.149999618530273,14.479999542236328,13329100.0,1.0,0.024045204431280665,0.024045204431280665,0.5208633071807015,-0.545796740168793,0.05606422,0.05606422,0.33745474
2024-04-17,14.399999618530273,13.979999542236328,14.15999984741211,14.380000114440918,5735400.0,1.0,-0.006906038049498853,-0.006906038049498853,0.5172662053627237,-0.5489334851633938,0.06030865,0.06030865,0.28157896
2024-04-18,14.600000381469727,14.34000015258789,14.470000267028809,14.420000076293945,7205200.0,1.0,0.002781638493372318,0.002781638493372318,0.5187050529508813,-0.5476787811826529,0.06480504,0.06480504,0.32796484
2024-04-19,14.800000190734863,14.380000114440918,14.710000038146973,14.520000457763672,6256900.0,1.0,0.006934839177575647,0.006934839177575647,0.5223021890736915,-0.5445420062735497,0.055500694,0.055500694,0.3103235
2024-04-22,15.09000015258789,14.779999732971191,14.890000343322754,15.039999961853027,6189400.0,1.0,0.03581263689363845,0.03581263689363845,0.5410072077197401,-0.5282308545239193,0.023112748,0.023112748,0.24049672
2024-04-23,15.5,14.930000305175781,14.9399995803833,15.4399995803833,5497100.0,1.0,0.026595719384628902,0.026595719384628902,0.555395683601316,-0.5156838147165113,-0.020963192,-0.020963192,0.240735
2024-04-24,14.9399995803833,14.319999694824219,14.899999618530273,14.359999656677246,8951000.0,1.0,-0.06994818348817877,-0.06994818348817877,0.5165467644162286,-0.5495608521110156,0.0017204992,0.0017204992,0.17899615
2024-04-25,14.539999961853027,14.109999656677246,14.270000457763672,14.369999885559082,5896800.0,1.0,0.0006963947855795904,0.0006963947855795904,0.5169064848894761,-0.5492471686372047,0.018882804,0.018882804,0.28049237
2024-04-26,14.239999771118164,13.949999809265137,14.130000114440918,14.0600004196167,7256900.0,1.0,-0.02157268395345724,-0.02157268395345724,0.5057554246574629,-0.5589711170093203,0.032871556,0.032871556,0.23142774
2024-04-29,14.970000267028809,14.289999961853027,14.3100004196167,14.90999984741211,10053700.0,1.0,0.06045514953253339,0.06045514953253339,0.5363309444820198,-0.5323086499399525,-0.02396588,-0.02396588,0.22537285
2024-04-30,14.989999771118164,14.3100004196167,14.970000267028809,14.4399995803833,7738300.0,1.0,-0.03152248637416222,-0.03152248637416222,0.5194244595925438,-0.5470514441495339,0.007892386,0.007892386,0.27316925
2024-05-01,14.260000228881836,13.979999542236328,14.1899995803833,14.140000343322754,7019900.0,1.0,-0.020775571037280005,-0.020775571037280005,0.5086331198337781,-0.5564617090478386,-0.018218745,-0.018218745,0.2420884
2024-05-02,14.979999542236328,14.399999618530273,14.4399995803833,14.859999656677246,7709400.0,1.0,0.05091932785521425,0.05091932785521425,0.5345323764206148,-0.5338770373945041,-0.027711723,-0.027711723,0.33441055
2024-05-03,15.779999732971191,14.869999885559082,15.069999694824219,15.670000076293945,11410300.0,1.0,0.054508777814993525,0.054508777814993525,0.5636690829618466,-0.5084692443913745,-0.016283793,-0.016283793,0.26250193
2024-05-06,16.530000686645508,15.989999771118164,16.170000076293945,16.059999465942383,8740800.0,1.0,0.024888282562196107,0.024888282562196107,0.577697838370175,-0.4962358880577774,-0.035118204,-0.035118204,0.16745183
2024-05-07,16.25,15.90999984741211,16.010000228881836,16.170000076293945,5054800.0,1.0,0.006849353300716787,0.006849353300716787,0.5816546949662327,-0.4927854296748633,-0.02885694,-0.02885694,0.10735979
2024-05-08,16.3799991607666,15.850000381469727,16.34000015258789,15.949999809265137,5676100.0,1.0,-0.013605458626517852,-0.013605458626517852,0.5737410160789498,-0.4996863165261889,-0.029458169,-0.029458169,0.18875355
2024-05-09,16.940000534057617,16.229999542236328,16.260000228881836,16.920000076293945,8773200.0,1.0,0.060815064490806314,0.060815064490806314,0.6086331129728119,-0.46925970760009617,-0.04779696,-0.04779696,0.103744194
2024-05-10,16.81999969482422,16.450000762939453,16.700000762939453,16.520000457763672,4684700.0,1.0,-0.02364063928644422,-0.02364063928644422,0.594244637091236,-0.4818067474075043,-0.04125733,-0.04125733,0.19876549
2024-05-13,17.440000534057617,16.670000076293945,16.68000030517578,17.309999465942383,6564800.0,1.0,0.047820761881846474,0.047820761881846474,0.6226618683811402,-0.45702635126649893,-0.067966014,-0.067966014,0.1745815
2024-05-14,17.530000686645508,17.0,17.100000381469727,17.170000076293945,6484400.0,1.0,-0.008087775503626604,-0.008087775503626604,0.6176259189750049,-0.46141780024184054,-0.064314015,-0.064314015,0.22732773
2024-05-15,17.729999542236328,16.93000030517578,17.09000015258789,17.600000381469727,7566800.0,1.0,0.025043698501170608,0.025043698501170608,0.6330935562763232,-0.4479297100130001,-0.07596526,-0.07596526,0.17980152
2024-05-16,18.760000228881836,17.889999389648438,18.040000915527344,18.170000076293945,12255200.0,1.0,0.03238634559487541,0.03238634559487541,0.6535971429837769,-0.430050170808818,-0.089737184,-0.089737184,0.20007092
2024-05-17,19.190000534057617,18.579999923706055,18.579999923706055,19.100000381469727,7106200.0,1.0,0.05118328570560293,0.05118328570560293,0.6870503922894814,-0.4008782658634661,-0.07500156,-0.07500156,0.08353837
2024-05-20,19.860000610351562,19.260000228881836,19.260000228881836,19.81999969482422,9304700.0,1.0,0.037696298375627935,0.037696298375627935,0.712949648876318,-0.37829359421013165,-0.07407218,-0.07407218,0.06674679
2024-05-21,19.899999618530273,19.15999984741211,19.56999969482422,19.489999771118164,7278500.0,1.0,-0.01664984504476208,-0.01664984504476208,0.7010791476978098,-0.38864490952986896,-0.07250341,-0.07250341,0.07072404
2024-05-22,20.90999984741211,19.5,19.600000381469727,20.549999237060547,11201600.0,1.0,0.054386838296077045,0.054386838296077045,0.739208625936402,-0.3553952390829864,-0.07009453,-0.07009453,0.10033161
2024-05-23,21.610000610351562,19.809999465942383,21.43000030517578,20.1200008392334,19459500.0,1.0,-0.020924497021473143,-0.020924497021473143,0.7237410572447486,-0.3688832694828218,-0.07823865,-0.07823865,0.095732175
2024-05-24,19.6200008392334,18.920000076293945,19.6200008392334,19.020000457763672,7827100.0,1.0,-0.05467198487013769,-0.05467198487013769,0.6841726971131662,-0.4033876738249478,-0.062872946,-0.062872946,0.21066174
2024-05-28,19.469999313354492,18.770000457763672,18.90999984741211,19.360000610351562,5036400.0,1.0,0.017875927676390235,0.017875927676390235,0.696402918764922,-0.39272267503139957,-0.09610286,-0.09610286,0.19411673
2024-05-29,18.8799991607666,18.18000030517578,18.8700008392334,18.219999313354492,6800000.0,1.0,-0.05888436265789809,-0.05888436265789809,0.6553956767403496,-0.4284818132687689,-0.04375792,-0.04375792,0.18135272
2024-05-30,18.0,17.540000915527344,17.790000915527344,17.559999465942383,6477100.0,1.0,-0.03622392273793107,-0.03622392273793107,0.6316546743833331,-0.4491844439082434,-0.040918194,-0.040918194,0.2639
2024-05-31,17.959999084472656,17.389999389648438,17.739999771118164,17.59000015258789,9163600.0,1.0,0.0017084674007932232,0.0017084674007932232,0.6327338358030757,-0.44824339348681086,-0.04477516,-0.04477516,0.27326828
2024-06-03,19.0,18.0,18.709999084472656,18.920000076293945,8803500.0,1.0,0.07561113770146166,0.07561113770146166,0.6805755609903561,-0.4065244487340509,-0.036183305,-0.036183305,0.22314192
2024-06-04,18.84000015258789,17.6299991607666,18.649999618530273,18.020000457763672,9818100.0,1.0,-0.04756869000534203,-0.04756869000534203,0.6482014731043941,-0.4347553032579703,-0.02872404,-0.02872404,0.26192912
2024-06-05,19.09000015258789,18.149999618530273,18.200000762939453,18.940000534057617,7359200.0,1.0,0.05105438695466713,0.05105438695466713,0.6812950019368511,-0.40589708178642925,-0.054614853,-0.054614853,0.2130116
2024-06-06,19.700000762939453,18.760000228881836,19.469999313354492,19.299999237060547,8101300.0,1.0,0.019007322748253674,0.019007322748253674,0.694244595925437,-0.39460477587426457,-0.030364264,-0.030364264,0.2450772
2024-06-07,20.329999923706055,19.329999923706055,19.440000534057617,20.18000030517578,11183800.0,1.0,0.04559591206746916,0.04559591206746916,0.7258993114745689,-0.36700122846896177,-0.05169573,-0.05169573,0.2266737
2024-06-10,21.15999984741211,19.6200008392334,20.90999984741211,20.190000534057617,12188700.0,1.0,0.0004955514732707389,0.0004955514732707389,0.7262590319478163,-0.366687544995151,-0.08818678,-0.08818678,0.20767848
2024-06-11,21.559999465942383,20.59000015258789,20.81999969482422,21.530000686645508,7231600.0,1.0,0.06636949564847727,0.06636949564847727,0.7744604776083441,-0.32465491676858027,-0.06475403,-0.06475403,0.10183062
2024-06-12,21.389999389648438,20.530000686645508,21.020000457763672,20.829999923706055,5718000.0,1.0,-0.03251280727425365,-0.03251280727425365,0.7492805933583376,-0.34661228130329813,-0.067845926,-0.067845926,0.22861609
2024-06-13,20.719999313354492,19.889999389648438,20.600000381469727,20.110000610351562,5317900.0,1.0,-0.03456549764722183,-0.03456549764722183,0.7233813367715011,-0.3691969529566327,-0.078064375,-0.078064375,0.16299722
2024-06-14,20.3700008392334,19.709999084472656,20.18000030517578,19.860000610351562,3853700.0,1.0,-0.012431625679380276,-0.012431625679380276,0.7143885307693081,-0.3770388603148882,-0.0725663,-0.0725663,0.11577106
2024-06-17,19.3700008392334,18.950000762939453,19.309999465942383,19.15999984741211,4276100.0,1.0,-0.035246764422282695,-0.035246764422282695,0.6892086465193016,-0.3989962248496062,-0.047611106,-0.047611106,0.2023364
2024-06-18,20.010000228881836,19.229999542236328,19.229999542236328,19.940000534057617,4244700.0,1.0,0.040709848270215954,0.040709848270215954,0.7172662259456233,-0.3745294523534066,-0.05600515,-0.05600515,0.25912625
2024-06-20,19.469999313354492,18.93000030517578,19.450000762939453,19.030000686645508,4698100.0,1.0,-0.04563690185754132,-0.04563690185754132,0.6845324175864138,-0.4030739903511368,-0.048707828,-0.048707828,0.24532907
2024-06-21,19.290000915527344,18.8799991607666,19.110000610351562,18.959999084472656,3390700.0,1.0,-0.0036784865815573387,-0.0036784865815573387,0.6820143742736812,-0.4052697746678128,-0.03433685,-0.03433685,0.26027495
2024-06-24,19.729999542236328,18.920000076293945,18.959999084472656,19.700000762939453,3462700.0,1.0,0.03902962627634432,0.03902962627634432,0.7086331404166778,-0.38205767623785136,-0.04148661,-0.04148661,0.17007191
2024-06-25,19.489999771118164,18.920000076293945,19.170000076293945,18.989999771118164,3600800.0,1.0,-0.03604065808753554,-0.03604065808753554,0.6830935356934238,-0.4043287242463801,-0.040714428,-0.040714428,0.18629351
2024-06-26,18.790000915527344,18.260000228881836,18.790000915527344,18.309999465942383,4092300.0,1.0,-0.035808336670440144,-0.035808336670440144,0.6586330923899123,-0.4256587218334764,-0.0064104297,-0.0064104297,0.27166688
2024-06-27,18.459999084472656,17.8700008392334,18.1299991607666,17.979999542236328,5931800.0,1.0,-0.018022934643983635,-0.018022934643983635,0.6467625912114041,-0.4360100371532136,-0.009906279,-0.009906279,0.2581656
2024-06-28,17.989999771118164,17.34000015258789,17.920000076293945,17.43000030517578,5357800.0,1.0,-0.030589502283832615,-0.030589502283832615,0.6269784454504453,-0.45326220940977413,-0.0012227912,-0.0012227912,0.2529572
2024-07-01,17.219999313354492,16.540000915527344,17.079999923706055,16.56999969482422,4955600.0,1.0,-0.04934025216833693,-0.04934025216833693,0.5960431708478084,-0.48023838986745526,0.0015970496,0.0015970496,0.3368565
2024-07-02,16.43000030517578,16.149999618530273,16.350000381469727,16.40999984741211,5402000.0,1.0,-0.009655995797156591,-0.009655995797156591,0.5902877804951782,-0.4852572057904184,0.0029082755,0.0029082755,0.33412424
2024-07-03,16.579999923706055,16.1200008392334,16.25,16.350000381469727,3486800.0,1.0,-0.003656274619152078,-0.003656274619152078,0.5881295262653581,-0.48713924680427834,0.009870171,0.009870171,0.34433505
2024-07-05,16.09000015258789,15.5,15.960000038146973,15.600000381469727,4583800.0,1.0,-0.04587155856277614,-0.04587155856277614,0.5611511082587789,-0.5106649688790454,0.026650999,0.026650999,0.42768794
2024-07-08,15.970000267028809,15.6899995803833,15.829999923706055,15.859999656677246,3377400.0,1.0,0.01666661979805828,0.01666661979805828,0.570503600429387,-0.5025094079614814,0.015178104,0.015178104,0.29886913
2024-07-09,16.209999084472656,15.65999984741211,16.15999984741211,15.729999542236328,3836500.0,1.0,-0.008196728704605416,-0.008196728704605416,0.5658273371916667,-0.5065872033775147,0.038226236,0.038226236,0.43182284
2024-07-10,15.739999771118164,15.34000015258789,15.649999618530273,15.510000228881836,4097400.0,1.0,-0.0139859707410529,-0.0139859707410529,0.5579136926092162,-0.5134880603143378,0.06424778,0.06424778,0.48301712
2024-07-11,15.420000076293945,15.140000343322754,15.319999694824219,15.220000267028809,4014400.0,1.0,-0.018697611706865458,-0.018697611706865458,0.5474820390188656,-0.5225846716533342,0.093555085,0.093555085,0.4922925
2024-07-12,15.729999542236328,15.1899995803833,15.210000038146973,15.5,4567900.0,1.0,0.01839682838756307,0.01839682838756307,0.5575539721359688,-0.5138017437881486,0.083196685,0.083196685,0.2533898
2024-07-15,15.029999732971191,14.390000343322754,14.850000381469727,14.479999542236328,8596800.0,1.0,-0.06580648114604337,-0.06580648114604337,0.5208633071807016,-0.5457967401687929,0.08523095,0.08523095,0.31392598
2024-07-16,14.84000015258789,14.510000228881836,14.649999618530273,14.609999656677246,4602600.0,1.0,0.008977908739687734,0.008977908739687734,0.5255395704184219,-0.5417189447527596,0.09447317,0.09447317,0.4266536
2024-07-17,14.25,13.579999923706055,14.229999542236328,13.739999771118164,10479300.0,1.0,-0.05954824818640314,-0.05954824818640314,0.49424460964737005,-0.5690087787697491,0.09933526,0.09933526,0.38974702
2024-07-18,14.350000381469727,13.890000343322754,13.920000076293945,14.109999656677246,6383300.0,1.0,0.026928667519837246,0.026928667519837246,0.5075539584140358,-0.557402759469271,0.10429355,0.10429355,0.32744566
2024-07-19,14.390000343322754,13.949999809265137,14.079999923706055,14.300000190734863,3667700.0,1.0,0.013465665391969361,0.013465665391969361,0.5143885101864087,-0.5514428931248752,0.0945245,0.0945245,0.32542068
2024-07-22,15.210000038146973,14.739999771118164,14.75,15.010000228881836,6541800.0,1.0,0.04965035165572873,0.04965035165572873,0.5399280806048303,-0.529171875030849,0.046918206,0.046918206,0.39326066
2024-07-23,14.949999809265137,14.619999885559082,14.890000343322754,14.859999656677246,3824000.0,1.0,-0.00999337574398984,-0.00999337574398984,0.534532376420615,-0.5338770373945039,0.052736174,0.052736174,0.38615873
2024-07-24,14.569999694824219,14.229999542236328,14.289999961853027,14.3100004196167,4630300.0,1.0,-0.03701206256848122,-0.03701206256848122,0.5147482306596562,-0.5511292096510644,0.098192364,0.098192364,0.37092862
2024-07-25,14.170000076293945,13.649999618530273,14.010000228881836,13.75,8785400.0,1.0,-0.03913350127153237,-0.03913350127153237,0.49460433012061755,-0.5686950952959382,0.12608553,0.12608553,0.4684735
2024-07-26,13.789999961853027,13.489999771118164,13.680000305175781,13.510000228881836,8509700.0,1.0,-0.017454528808593772,-0.017454528808593772,0.485971244591672,-0.5762233191803829,0.14584379,0.14584379,0.4971693
2024-07-29,13.680000305175781,13.229999542236328,13.510000228881836,13.59000015258789,9352000.0,1.0,0.005921533852755179,0.005921533852755179,0.48884893976798716,-0.5737139112189014,0.12010304,0.12010304,0.47283587
2024-07-30,14.119999885559082,13.220000267028809,13.260000228881836,14.010000228881836,5705100.0,1.0,0.03090508252966906,0.03090508252966906,0.503956856596058,-0.5605395044638717,0.07905879,0.07905879,0.44494918
2024-07-31,13.800000190734863,13.390000343322754,13.630000114440918,13.539999961853027,7292100.0,1.0,-0.033547484607451716,-0.033547484607451716,0.48705037170658205,-0.5752822986734532,0.13124172,0.13124172,0.41619688
2024-08-01,14.0600004196167,13.010000228881836,13.970000267028809,13.09000015258789,10103500.0,1.0,-0.03323484568190149,-0.03323484568190149,0.470863327763601,-0.5893977259354128,0.11755306,0.11755306,0.43031886
2024-08-02,13.380000114440918,12.710000038146973,13.3100004196167,13.050000190734863,6405000.0,1.0,-0.003055764811822348,-0.003055764811822348,0.4694244801754434,-0.5906524299161536,0.1019417,0.1019417,0.4272695
2024-08-05,13.0600004196167,12.579999923706055,12.859999656677246,12.9399995803833,7359000.0,1.0,-0.008429165420982931,-0.008429165420982931,0.4654676235793857,-0.5941028882990678,0.095443204,0.095443204,0.40490925
2024-08-06,13.449999809265137,12.970000267028809,13.289999961853027,13.319999694824219,5636100.0,1.0,0.029366315824073785,0.029366315824073785,0.47913669281929905,-0.5821831855247788,0.07949234,0.07949234,0.26231658
2024-08-07,14.020000457763672,13.630000114440918,13.779999732971191,13.859999656677246,4903300.0,1.0,0.04054053860548179,0.04054053860548179,0.49856115241184273,-0.5652446668275266,0.015412769,0.015412769,0.29953
2024-08-08,14.420000076293945,13.430000305175781,13.569999694824219,14.180000305175781,7151100.0,1.0,0.02308807044914829,0.02308807044914829,0.510071967421936,-0.5552070050670976,-0.0019829068,-0.0019829068,0.29762498
2024-08-09,14.350000381469727,13.9399995803833,14.220000267028809,14.279999732971191,3717800.0,1.0,0.007052145673008825,0.007052145673008825,0.5136690692399136,-0.5520702600724969,-0.016283717,-0.016283717,0.237823
2024-08-12,14.739999771118164,14.270000457763672,14.609999656677246,14.399999618530273,5573200.0,1.0,0.008403353487606458,0.008403353487606458,0.5179856120043864,-0.5483061481302745,0.003950636,0.003950636,0.32743
2024-08-13,14.829999923706055,14.149999618530273,14.75,14.329999923706055,4346000.0,1.0,-0.004861090047123429,-0.004861090047123429,0.5154676373013187,-0.5505018726179454,0.020825755,0.020825755,0.2608146
2024-08-14,15.069999694824219,14.569999694824219,14.729999542236328,14.739999771118164,6560900.0,1.0,0.028611294458826153,0.028611294458826153,0.5302158336561421,-0.5376411493367265,0.014267837,0.014267837,0.36640564
2024-08-15,15.220000267028809,14.529999732971191,14.800000190734863,14.569999694824219,5999100.0,1.0,-0.011533248231594073,-0.011533248231594073,0.5241007228302642,-0.5429736487335005,0.0152475545,0.0152475545,0.29843625
2024-08-16,14.420000076293945,14.010000228881836,14.329999923706055,14.069999694824219,4797400.0,1.0,-0.034317090629563785,-0.034317090629563785,0.5061151108258781,-0.5586574634500119,0.02819075,0.02819075,0.38500074
2024-08-19,14.850000381469727,14.479999542236328,14.479999542236328,14.6899995803833,4987700.0,1.0,0.04406538017105688,0.04406538017105688,0.528417265594737,-0.5392095367912781,0.02945546,0.02945546,0.37897384
2024-08-20,14.680000305175781,14.430000305175781,14.550000190734863,14.649999618530273,3978900.0,1.0,-0.002722938257019636,-0.002722938257019636,0.5269784180065794,-0.5404642407720188,0.027845751,0.027845751,0.34842673
2024-08-21,14.699999809265137,14.25,14.59000015258789,14.5600004196167,4044000.0,1.0,-0.0061432901881948165,-0.0061432901881948165,0.5237410366618491,-0.5432873022928089,0.027025767,0.027025767,0.38336873
2024-08-22,14.199999809265137,13.579999923706055,14.130000114440918,13.8100004196167,9987300.0,1.0,-0.051510987526451224,-0.051510987526451224,0.49676261865527,-0.5668130243675759,0.05277391,0.05277391,0.38360035
2024-08-23,13.739999771118164,13.529999732971191,13.539999961853027,13.720000267028809,4328600.0,1.0,-0.006517027505665296,-0.006517027505665296,0.4935252030057073,-0.5696361158028683,0.037193045,0.037193045,0.37791687
2024-08-26,13.710000038146973,13.260000228881836,13.539999961853027,13.329999923706055,7942500.0,1.0,-0.028425680446959034,-0.028425680446959034,0.4794964132925465,-0.5818695020509681,0.021343928,0.021343928,0.33691263
2024-08-27,13.170000076293945,12.84000015258789,13.130000114440918,13.079999923706055,7738500.0,1.0,-0.01875468877951003,-0.01875468877951003,0.47050360729035345,-0.5897114094092237,0.034077097,0.034077097,0.43179014
2024-08-28,13.40999984741211,12.760000228881836,12.869999885559082,13.199999809265137,9308800.0,1.0,0.009174303230812475,0.009174303230812475,0.47482015005482625,-0.5859472974670012,0.0270122,0.0270122,0.25371832
2024-08-29,13.470000267028809,12.710000038146973,12.75,13.430000305175781,8137700.0,1.0,0.017424280245004642,0.017424280245004642,0.4830935494153567,-0.5787327271418647,0.00846433,0.00846433,0.30548018
2024-08-30,13.520000457763672,13.140000343322754,13.329999923706055,13.369999885559082,7076500.0,1.0,-0.004467640971949627,-0.004467640971949627,0.4809352608807041,-0.5806147980702272,0.044780567,0.044780567,0.3935584
2024-09-03,13.960000038146973,13.029999732971191,13.210000038146973,13.890000343322754,7417900.0,1.0,0.03889307869967329,0.03889307869967329,0.49964031383158525,-0.5643036164060942,-0.005065441,-0.005065441,0.30221206
2024-09-04,14.069999694824219,13.390000343322754,14.020000457763672,13.460000038146973,4529400.0,1.0,-0.030957544603841036,-0.030957544603841036,0.4841726765302668,-0.5777917066349347,-0.008008133,-0.008008133,0.27024674
2024-09-05,14.34000015258789,13.800000190734863,13.8100004196167,14.180000305175781,8653500.0,1.0,0.053491847324536046,0.053491847324536046,0.5100719674219358,-0.5552070050670977,-0.01345342,-0.01345342,0.32176316
2024-09-06,14.369999885559082,14.020000457763672,14.210000038146973,14.319999694824219,4634100.0,1.0,0.009873017393189798,0.009873017393189798,0.5151079168280711,-0.5508155560917563,-0.024985544,-0.024985544,0.22239266
2024-09-09,13.90999984741211,13.449999809265137,13.890000343322754,13.479999542236328,6567900.0,1.0,-0.05865922978277005,-0.05865922978277005,0.4848920831719293,-0.5771643696018157,-0.0080911815,-0.0080911815,0.24380384
2024-09-10,14.15999984741211,13.789999961853027,14.029999732971191,14.069999694824219,5551900.0,1.0,0.04376855879996633,0.04376855879996633,0.506115110825878,-0.5586574634500119,-0.03769873,-0.03769873,0.23671931
2024-09-11,14.600000381469727,14.15999984741211,14.279999732971191,14.25,5735100.0,1.0,0.012793198939584638,0.012793198939584638,0.5125899421250034,-0.5530112805794271,-0.024357006,-0.024357006,0.20934358
2024-09-12,15.029999732971191,14.039999961853027,14.09000015258789,14.829999923706055,5352500.0,1.0,0.04070174903200385,0.04070174903200385,0.5334532493057047,-0.5348180579014341,-0.05155844,-0.05155844,0.27453536
2024-09-13,15.0,14.4399995803833,14.930000305175781,14.489999771118164,4517500.0,1.0,-0.022926510744237683,-0.022926510744237683,0.521223027653949,-0.5454830566949822,-0.049296398,-0.049296398,0.1992575
2024-09-16,14.989999771118164,14.329999923706055,14.359999656677246,14.859999656677246,4081800.0,1.0,0.02553484412722873,0.02553484412722873,0.5345323764206148,-0.5338770373945041,-0.029753443,-0.029753443,0.25330794
2024-09-17,15.170000076293945,14.619999885559082,15.09000015258789,14.640000343322754,3925000.0,1.0,-0.014804799356481602,-0.014804799356481602,0.5266187318381643,-0.5407778943313273,-0.03566103,-0.03566103,0.20442025
2024-09-18,14.819999694824219,14.380000114440918,14.8100004196167,14.4399995803833,3834700.0,1.0,-0.013661253978772825,-0.013661253978772825,0.5194244595925439,-0.5470514441495338,-0.03194194,-0.03194194,0.16178046
2024-09-19,14.619999885559082,14.079999923706055,14.210000038146973,14.609999656677246,5843300.0,1.0,0.011772858811221143,0.011772858811221143,0.5255395704184218,-0.5417189447527597,-0.028732494,-0.028732494,0.19913866
2024-09-20,15.399999618530273,14.510000228881836,14.569999694824219,15.34000015258789,6978600.0,1.0,0.049965811982549235,0.049965811982549235,0.5517985817833384,-0.5188205597111117,-0.058729753,-0.058729753,0.3370498
2024-09-23,16.100000381469727,15.529999732971191,15.569999694824219,16.09000015258789,8030500.0,1.0,0.048891785693592205,0.048891785693592205,0.5787769997899175,-0.49529483763634485,-0.06824188,-0.06824188,0.22463132
2024-09-24,16.079999923706055,15.609999656677246,15.880000114440918,15.8100004196167,5523800.0,1.0,-0.017402096352755914,-0.017402096352755914,0.5687050666728144,-0.5040777655015305,-0.061003704,-0.061003704,0.2364402
2024-09-25,16.09000015258789,15.710000038146973,16.020000457763672,15.850000381469727,5305700.0,1.0,0.0025300417957860866,0.0025300417957860866,0.5701439142609719,-0.5028230615207898,-0.05223018,-0.05223018,0.17500511
2024-09-26,16.040000915527344,15.350000381469727,16.010000228881836,15.470000267028809,7273400.0,1.0,-0.023974770050174676,-0.023974770050174676,0.5564748450210586,-0.5147427642950786,-0.060912035,-0.060912035,0.13838583
2024-09-27,16.450000762939453,15.84000015258789,15.890000343322754,16.3700008392334,9982000.0,1.0,0.058177152984461245,0.058177152984461245,0.5888489672118531,-0.48651187985665667,-0.08434112,-0.08434112,0.236746
2024-09-30,16.56999969482422,16.209999084472656,16.239999771118164,16.329999923706055,4395600.0,1.0,-0.0024435499985726583,-0.0024435499985726583,0.5874100853188631,-0.4877666137519,-0.07415402,-0.07415402,0.21657506
2024-10-01,16.530000686645508,16.049999237060547,16.25,16.3700008392334,6976800.0,1.0,0.002449535561189764,0.002449535561189764,0.5888489672118531,-0.48651187985665667,-0.071202494,-0.071202494,0.23539442
2024-10-02,16.760000228881836,16.139999389648438,16.6299991607666,16.40999984741211,6496300.0,1.0,0.0024434334836958005,0.0024434334836958005,0.5902877804951783,-0.4852572057904183,-0.07141844,-0.07141844,0.21007508
2024-10-03,16.799999237060547,16.479999542236328,16.639999389648438,16.68000030517578,5628900.0,1.0,0.016453410132496238,0.016453410132496238,0.6000000274438664,-0.476787931484541,-0.08614264,-0.08614264,0.17174529
2024-10-04,16.43000030517578,15.930000305175781,16.329999923706055,15.9399995803833,6119800.0,1.0,-0.04436455103438208,-0.04436455103438208,0.5733812956057023,-0.49999999999999967,-0.06954738,-0.06954738,0.08121708
2024-10-07,15.670000076293945,15.220000267028809,15.65999984741211,15.380000114440918,5846800.0,1.0,-0.035131711460742565,-0.035131711460742565,0.553237429371496,-0.5175658557303711,-0.063451625,-0.063451625,0.13603583
2024-10-08,15.600000381469727,15.229999542236328,15.430000305175781,15.25,4643200.0,1.0,-0.008452543138725677,-0.008452543138725677,0.5485611661337757,-0.5216436511464042,-0.042043675,-0.042043675,0.17940927
2024-10-09,15.319999694824219,14.819999694824219,15.180000305175781,14.859999656677246,5305500.0,1.0,-0.025573793004770695,-0.025573793004770695,0.5345323764206149,-0.533877037394504,-0.039391328,-0.039391328,0.20755751
2024-10-10,15.1899995803833,14.630000114440918,14.739999771118164,15.130000114440918,5696500.0,1.0,0.01816961399742345,0.01816961399742345,0.5442446233693029,-0.5254077630886267,-0.018640796,-0.018640796,0.27113706
2024-10-11,15.029999732971191,14.720000267028809,14.970000267028809,14.800000190734863,3820200.0,1.0,-0.021810966372107554,-0.021810966372107554,0.5323741221907947,-0.5357590784083639,-0.013236516,-0.013236516,0.15979908
2024-10-14,14.40999984741211,13.979999542236328,14.350000381469727,13.989999771118164,5819800.0,1.0,-0.05472975737688013,-0.05472975737688013,0.503237415649563,-0.5611668714114935,-0.0023517553,-0.0023517553,0.11140935
2024-10-15,14.359999656677246,13.989999771118164,14.220000267028809,14.010000228881836,4195200.0,1.0,0.0014296253102850098,0.0014296253102850098,0.503956856596058,-0.5605395044638717,0.022866149,0.022866149,0.18529043
2024-10-16,13.789999961853027,13.350000381469727,13.770000457763672,13.4399995803833,8522300.0,1.0,-0.04068527046298476,-0.04068527046298476,0.4834532355837718,-0.5784190735825564,0.02174544,0.02174544,0.3081683
2024-10-17,13.649999618530273,13.270000457763672,13.550000190734863,13.3100004196167,5290700.0,1.0,-0.009672556906649366,-0.009672556906649366,0.478777006650884,-0.5824968390840871,0.019208632,0.019208632,0.43060365
2024-10-18,13.130000114440918,12.949999809265137,13.100000381469727,13.029999732971191,6993900.0,1.0,-0.021036865350720357,-0.021036865350720357,0.4687050392289484,-0.5912797968637753,0.06721311,0.06721311,0.50123775
2024-10-21,13.279999732971191,13.09000015258789,13.119999885559082,13.25,6271600.0,1.0,0.01688413442343517,0.01688413442343517,0.4766187181162314,-0.5843789100124496,0.07522985,0.07522985,0.31755725
2024-10-22,13.680000305175781,13.260000228881836,13.279999732971191,13.5,8757000.0,1.0,0.018867924528301883,0.018867924528301883,0.48561152411842445,-0.5765370026541938,0.052399956,0.052399956,0.1769306
2024-10-23,13.970000267028809,13.399999618530273,13.510000228881836,13.819999694824219,7599900.0,1.0,0.02370368109809018,0.02370368109809018,0.49712230482368513,-0.5664993708082675,0.030527376,0.030527376,0.2510934
2024-10-24,14.350000381469727,13.609999656677246,13.890000343322754,14.319999694824219,8660800.0,1.0,0.03617945087128027,0.03617945087128027,0.5151079168280712,-0.5508155560917561,0.006166309,0.006166309,0.20635514
2024-10-25,14.539999961853027,14.020000457763672,14.100000381469727,14.449999809265137,6217900.0,1.0,0.00907822047565432,0.00907822047565432,0.5197841800657914,-0.546737760675723,0.017428745,0.017428745,0.1824648
2024-10-28,13.550000190734863,13.140000343322754,13.430000305175781,13.34000015258789,11750300.0,1.0,-0.0768165862511313,-0.0768165862511313,0.479856133765794,-0.5815558185771572,0.0044815736,0.0044815736,0.2640748
2024-10-29,13.550000190734863,13.239999771118164,13.4399995803833,13.40999984741211,6109200.0,1.0,0.005247353375077646,0.005247353375077646,0.48237410846886164,-0.5793600940894865,0.05403814,0.05403814,0.31868333
2024-10-30,13.4399995803833,13.050000190734863,13.109999656677246,13.229999542236328,7399700.0,1.0,-0.013422841702009247,-0.013422841702009247,0.4758992771697363,-0.5850062769600713,0.0657884,0.0657884,0.33048165
2024-10-31,13.069999694824219,12.609999656677246,12.970000267028809,12.710000038146973,12949400.0,1.0,-0.03930457460933956,-0.03930457460933956,0.4571942585236876,-0.6013174287097018,0.0678083,0.0678083,0.45873407
2024-11-01,12.779999732971191,12.350000381469727,12.720000267028809,12.479999542236328,7922000.0,1.0,-0.01809602637453467,-0.01809602637453467,0.44892085916315716,-0.6085319990348383,0.070547916,0.070547916,0.47766733
2024-11-04,13.109999656677246,12.529999732971191,12.579999923706055,13.0600004196167,10459400.0,1.0,0.04647443098194537,0.04647443098194537,0.4697842006486909,-0.5903387464423429,0.046480265,0.046480265,0.21331364
2024-11-05,13.130000114440918,12.4399995803833,13.100000381469727,12.529999732971191,8676400.0,1.0,-0.04058198082822595,-0.04058198082822595,0.4507194272245623,-0.6069636115802866,0.044342726,0.044342726,0.36879542
2024-11-06,13.119999885559082,12.680000305175781,12.789999961853027,12.869999885559082,7324700.0,1.0,0.027134889052967903,0.027134889052967903,0.46294964887631807,-0.5962986127867385,0.04371298,0.04371298,0.21360137
2024-11-07,12.760000228881836,12.479999542236328,12.619999885559082,12.65999984741211,7981000.0,1.0,-0.016317019426131063,-0.016317019426131063,0.4553956904622826,-0.6028858161642534,0.029981714,0.029981714,0.29308632
2024-11-08,12.890000343322754,12.40999984741211,12.75,12.529999732971191,6011500.0,1.0,-0.010268571564595375,-0.010268571564595375,0.4507194272245624,-0.6069636115802866,0.03595359,0.03595359,0.30389607
2024-11-11,13.880000114440918,13.5600004196167,13.680000305175781,13.800000190734863,13101900.0,1.0,0.10135678250828839,0.10135678250828839,0.49640289818202266,-0.5671267078413865,0.0077599855,0.0077599855,0.24433368
2024-11-12,14.140000343322754,13.430000305175781,13.65999984741211,13.65999984741211,9680400.0,1.0,-0.010144952274475205,-0.010144952274475205,0.49136691447105485,-0.5715181867312307,0.011957652,0.011957652,0.13463984
2024-11-13,14.140000343322754,13.430000305175781,13.489999771118164,14.109999656677246,9264000.0,1.0,0.03294288538007484,0.03294288538007484,0.5075539584140358,-0.557402759469271,0.013338194,0.013338194,0.21561937
2024-11-14,13.899999618530273,13.119999885559082,13.789999961853027,13.149999618530273,8651400.0,1.0,-0.06803685765454104,-0.06803685765454104,0.47302158199342126,-0.5875156849215528,0.02410074,0.02410074,0.20364287
2024-11-15,13.420000076293945,13.069999694824219,13.100000381469727,13.369999885559082,7318200.0,1.0,0.01673005881451095,0.01673005881451095,0.4809352608807042,-0.5806147980702272,-0.016423665,-0.016423665,0.1992855
2024-11-18,13.819999694824219,13.479999542236328,13.479999542236328,13.75,8377100.0,1.0,0.028421848742972378,0.028421848742972378,0.49460433012061755,-0.5686950952959382,-0.0279111,-0.0279111,0.17796037
2024-11-19,14.180000305175781,13.710000038146973,13.789999961853027,13.869999885559082,8884400.0,1.0,0.00872726440429683,0.00872726440429683,0.4989208728850903,-0.5649309833537157,-0.02249954,-0.02249954,0.2099246
2024-11-20,14.819999694824219,14.239999771118164,14.350000381469727,14.75,13846300.0,1.0,0.06344629572471305,0.06344629572471305,0.5305755541293897,-0.5373274658629155,-0.032174617,-0.032174617,0.18830547
2024-11-21,15.520000457763672,14.8100004196167,15.390000343322754,15.149999618530273,11904800.0,1.0,0.02711861820544237,0.02711861820544237,0.5449640300109657,-0.5247804260555073,-0.030932013,-0.030932013,0.07011466
2024-11-22,14.420000076293945,14.069999694824219,14.289999961853027,14.3100004196167,14879000.0,1.0,-0.05544549307355451,-0.05544549307355451,0.5147482306596564,-0.5511292096510643,-0.035071492,-0.035071492,0.13040845
2024-11-25,15.4399995803833,14.720000267028809,14.979999542236328,14.789999961853027,11781600.0,1.0,0.03354294396653734,0.03354294396653734,0.5320144017175474,-0.5360727618821746,-0.057497166,-0.057497166,0.25323734
2024-11-26,15.270000457763672,14.670000076293945,15.010000228881836,15.079999923706055,10170100.0,1.0,0.019607840608587335,0.019607840608587335,0.542446055307898,-0.5269761505431783,-0.07349741,-0.07349741,0.25426158
2024-11-27,14.180000305175781,13.8100004196167,14.050000190734863,13.8100004196167,9147000.0,1.0,-0.08421747417205827,-0.08421747417205827,0.4967626186552702,-0.5668130243675756,-0.04836632,-0.04836632,0.18134542
2024-11-29,14.649999618530273,14.239999771118164,14.350000381469727,14.430000305175781,4681700.0,1.0,0.044894993969615715,0.044894993969615715,0.519064773424129,-0.547365097708842,-0.055259287,-0.055259287,0.19812432
2024-12-02,14.199999809265137,13.770000457763672,13.970000267028809,13.880000114440918,9656700.0,1.0,-0.03811505052689346,-0.03811505052689346,0.49928059335833785,-0.5646172998799048,-0.05176076,-0.05176076,0.14814933
2024-12-03,13.600000381469727,13.130000114440918,13.600000381469727,13.210000038146973,9444000.0,1.0,-0.04827089847044519,-0.04827089847044519,0.4751798705280739,-0.5856336139931904,-0.038924873,-0.038924873,0.21780366
2024-12-04,13.350000381469727,12.899999618530273,13.149999618530273,13.260000228881836,8384500.0,1.0,0.0037850257827762857,0.0037850257827762857,0.47697843858947897,-0.5840652265386387,-0.04537731,-0.04537731,0.27879107
2024-12-05,13.65999984741211,13.199999809265137,13.420000076293945,13.319999694824219,6637600.0,1.0,0.00452484652388585,0.00452484652388585,0.47913669281929905,-0.5821831855247788,-0.052114323,-0.052114323,0.1487477
2024-12-06,13.4399995803833,13.149999618530273,13.220000267028809,13.369999885559082,4222400.0,1.0,0.003753768159190818,0.003753768159190818,0.48093526088070415,-0.5806147980702272,-0.050696164,-0.050696164,0.2307372
2024-12-09,13.960000038146973,13.59000015258789,13.760000228881836,13.770000457763672,6923600.0,1.0,0.029917769306537556,0.029917769306537556,0.4953237710671125,-0.5680677283483166,-0.083702534,-0.083702534,0.15409642
2024-12-10,13.829999923706055,13.3100004196167,13.380000114440918,13.8100004196167,6877200.0,1.0,0.0029048627830998708,0.0029048627830998708,0.49676261865527005,-0.5668130243675757,-0.068088144,-0.068088144,0.1792329
2024-12-11,14.739999771118164,14.279999732971191,14.279999732971191,14.5600004196167,10133100.0,1.0,0.05430847047148868,0.05430847047148868,0.5237410366618491,-0.5432873022928089,-0.054011308,-0.054011308,0.29688323
2024-12-12,15.420000076293945,14.489999771118164,14.710000038146973,15.039999961853027,13176100.0,1.0,0.03296700057711699,0.03296700057711699,0.5410072077197402,-0.5282308545239192,-0.044345718,-0.044345718,0.061274793
2024-12-13,14.600000381469727,14.15999984741211,14.569999694824219,14.229999542236328,7033000.0,1.0,-0.05385641101536953,-0.05385641101536953,0.5118705011785085,-0.5536386475270486,-0.056922857,-0.056922857,0.15437034
2024-12-16,14.069999694824219,13.800000190734863,13.84000015258789,13.949999809265137,5668400.0,1.0,-0.0196767211509824,-0.0196767211509824,0.5017985680614054,-0.5624215753922341,-0.05018784,-0.05018784,0.2704504
2024-12-17,14.479999542236328,13.40999984741211,13.619999885559082,14.460000038146973,7641100.0,1.0,0.036559156692110406,0.036559156692110406,0.520143900539039,-0.546424077201912,-0.03833781,-0.03833781,0.19929044
2024-12-18,14.699999809265137,14.300000190734863,14.489999771118164,14.539999961853027,6517300.0,1.0,0.005532498167012845,0.005532498167012845,0.5230215957153542,-0.5439146692404304,-0.042389575,-0.042389575,0.20880154
2024-12-19,15.4399995803833,14.789999961853027,14.850000381469727,15.399999618530273,9531300.0,1.0,0.05914715673545601,0.05914715673545601,0.5539568360131586,-0.5169385186972519,-0.04148174,-0.04148174,0.29103854
2024-12-20,16.020000457763672,15.130000114440918,15.3100004196167,15.869999885559082,11632600.0,1.0,0.030519498615004803,0.030519498615004803,0.5708633209026346,-0.5021957244876705,-0.043291587,-0.043291587,0.11126961
2024-12-23,15.729999542236328,15.239999771118164,15.670000076293945,15.630000114440918,7477600.0,1.0,-0.015122859032692948,-0.015122859032692948,0.5622302353736891,-0.5097239483721152,-0.03115334,-0.03115334,0.16979493
2024-12-24,16.209999084472656,15.960000038146973,16.0,16.139999389648438,4116700.0,1.0,0.032629511930477806,0.032629511930477806,0.5805755335464903,-0.4937264800962956,-0.04925514,-0.04925514,0.11385786
2024-12-26,15.420000076293945,15.09000015258789,15.34000015258789,15.369999885559082,10900000.0,1.0,-0.047707529938520454,-0.047707529938520454,0.5528777088982486,-0.5178795392041817,-0.032992266,-0.032992266,0.15338829
2024-12-27,15.890000343322754,15.289999961853027,15.739999771118164,15.760000228881836,11302800.0,1.0,0.025374127926258483,0.025374127926258483,0.5669064986114095,-0.5056461529560818,-0.06004831,-0.06004831,0.23345067
2024-12-30,19.479999542236328,17.690000534057617,18.6299991607666,18.030000686645508,30104400.0,1.0,0.1440355599490195,0.1440355599490195,0.648561193577642,-0.4344416197841592,-0.022614488,-0.022614488,0.16036431
2024-12-31,17.5,16.600000381469727,17.149999618530273,16.809999465942383,15119400.0,1.0,-0.06766506790023352,-0.06766506790023352,0.6046762563767544,-0.4727101659830101,0.0035441918,0.0035441918,0.23612319
2025-01-02,17.6200008392334,16.860000610351562,17.229999542236328,17.010000228881836,14092900.0,1.0,0.01189772571644987,0.01189772571644987,0.6118705286223747,-0.4664366161648036,-0.014268866,-0.014268866,0.29376602
2025-01-03,16.25,15.460000038146973,16.18000030517578,15.59000015258789,16484500.0,1.0,-0.08348030906448078,-0.08348030906448078,0.5607913877855316,-0.510978652352856,0.00020333286,0.00020333286,0.2248724
2025-01-06,17.260000228881836,16.5,17.010000228881836,17.15999984741211,16600100.0,1.0,0.10070555993956187,0.10070555993956187,0.6172661985017576,-0.4617314837156512,-0.023811309,-0.023811309,0.3044075
2025-01-07,16.719999313354492,15.920000076293945,16.6200008392334,15.989999771118164,16343200.0,1.0,-0.06818182323412969,-0.06818182323412969,0.5751798636671075,-0.498431612545448,-0.016908737,-0.016908737,0.31740385
2025-01-08,17.139999389648438,16.479999542236328,16.600000381469727,17.110000610351562,13468200.0,1.0,0.07004383084835264,0.07004383084835264,0.6154676647451849,-0.46329984125570034,-0.04145726,-0.04145726,0.28841302
2025-01-10,18.639999389648438,18.0,18.260000228881836,18.420000076293945,14921800.0,1.0,0.07656337926427836,0.07656337926427836,0.6625899489859702,-0.42220826345056206,-0.05891396,-0.05891396,0.20977433
2025-01-13,18.75,17.860000610351562,18.469999313354492,18.219999313354492,14321700.0,1.0,-0.010857804674867966,-0.010857804674867966,0.6553956767403498,-0.42848181326876866,-0.040703017,-0.040703017,0.20557928
2025-01-14,18.829999923706055,17.719999313354492,17.729999542236328,18.469999313354492,12135900.0,1.0,0.013721186027529697,0.013721186027529697,0.6643884827425429,-0.4206399059105129,-0.057701763,-0.057701763,0.24973702
2025-01-15,19.18000030517578,18.420000076293945,18.729999542236328,19.1200008392334,13993100.0,1.0,0.035192287495589225,0.035192287495589225,0.6877698332359768,-0.4002508989158441,-0.060577717,-0.060577717,0.18123333
2025-01-16,20.030000686645508,18.68000030517578,19.09000015258789,19.940000534057617,16418300.0,1.0,0.042887011445188694,0.042887011445188694,0.7172662259456237,-0.3745294523534063,-0.07576148,-0.07576148,0.109642945
2025-01-17,18.920000076293945,18.280000686645508,18.5,18.34000015258789,9260500.0,1.0,-0.08024073914827223,-0.08024073914827223,0.6597122538096553,-0.42471767141204353,-0.035095725,-0.035095725,0.1871131
2025-01-21,18.09000015258789,17.579999923706055,17.989999771118164,17.729999542236328,9103500.0,1.0,-0.03326066550034834,-0.03326066550034834,0.6377697852092115,-0.44385194451146903,-0.014989741,-0.014989741,0.20579685
2025-01-22,18.600000381469727,17.790000915527344,17.860000610351562,18.540000915527344,7320700.0,1.0,0.0456853578231311,0.0456853578231311,0.6669065260552758,-0.4184441215938368,-0.050462715,-0.050462715,0.19494659
2025-01-23,18.899999618530273,17.979999542236328,18.729999542236328,18.25,10105600.0,1.0,-0.015641904056459155,-0.015641904056459155,0.6564748381600927,-0.4275407628473359,-0.04376933,-0.04376933,0.19211651
2025-01-24,18.309999465942383,17.639999389648438,17.850000381469727,18.1200008392334,6331600.0,1.0,-0.0071232416858412195,-0.0071232416858412195,0.6517986092272048,-0.4316185283488666,-0.05626933,-0.05626933,0.2630587
2025-01-27,17.260000228881836,16.770000457763672,17.219999313354492,17.149999618530273,7871600.0,1.0,-0.05353207371838964,-0.05353207371838964,0.6169064780285102,-0.462045167189462,-0.027887236,-0.027887236,0.24394774
2025-01-28,16.850000381469727,16.280000686645508,16.59000015258789,16.290000915527344,7570400.0,1.0,-0.050145698083498225,-0.050145698083498225,0.5859712720355382,-0.48902128781813803,0.009070889,0.009070889,0.19039807
2025-01-29,16.860000610351562,16.350000381469727,16.709999084472656,16.760000228881836,5628500.0,1.0,0.0288520127034797,0.0288520127034797,0.6028777226201817,-0.4742785235230592,-0.01776922,-0.01776922,0.17917709
2025-01-30,16.700000762939453,16.020000457763672,16.489999771118164,16.139999389648438,7689100.0,1.0,-0.03699288966386627,-0.03699288966386627,0.5805755335464904,-0.4937264800962955,-0.004238834,-0.004238834,0.13582316
2025-01-31,16.25,15.859999656677246,15.970000267028809,16.190000534057617,5323600.0,1.0,0.003097964454772395,0.003097964454772395,0.5823741359127279,-0.4921580627272414,-0.009782638,-0.009782638,0.1550183
2025-02-03,17.979999542236328,17.3799991607666,17.440000534057617,17.639999389648438,9247600.0,1.0,0.08956138404940583,0.08956138404940583,0.6345323695596486,-0.4466750359467615,-0.02019434,-0.02019434,0.22845422
2025-02-04,17.510000228881836,16.729999542236328,16.729999542236328,17.06999969482422,5692400.0,1.0,-0.032312908987894184,-0.032312908987894184,0.6140287828521949,-0.46455457515094367,-0.018594053,-0.018594053,0.27356845
2025-02-05,17.81999969482422,16.93000030517578,16.940000534057617,17.799999237060547,5663600.0,1.0,0.04276505889204385,0.04276505889204385,0.6402877599122789,-0.44165622002379834,-0.04386038,-0.04386038,0.21902311
2025-02-06,18.1200008392334,17.440000534057617,17.489999771118164,17.889999389648438,7056300.0,1.0,0.005056188564351416,0.005056188564351416,0.6435251755618416,-0.43883312858850587,-0.040775098,-0.040775098,0.18517344
2025-02-07,17.950000762939453,17.40999984741211,17.770000457763672,17.479999542236328,5877500.0,1.0,-0.02291782344326654,-0.02291782344326654,0.6287769792070182,-0.45169385186972477,-0.043727793,-0.043727793,0.2146669
2025-02-10,18.40999984741211,17.709999084472656,17.81999969482422,18.209999084472656,7146500.0,1.0,0.041761988635780956,0.041761988635780956,0.6550359562671024,-0.42879549674257944,-0.03186933,-0.03186933,0.15036272
2025-02-11,18.889999389648438,18.5,18.68000030517578,18.579999923706055,6507800.0,1.0,0.020318553423151586,0.020318553423151586,0.6683453393386007,-0.4171894475275988,-0.048196413,-0.048196413,0.24576874
2025-02-12,18.920000076293945,18.43000030517578,18.760000228881836,18.790000915527344,4685600.0,1.0,0.011302529207944279,0.011302529207944279,0.6758993320574687,-0.4106022142355813,-0.057777863,-0.057777863,0.24261956
2025-02-13,19.940000534057617,19.0,19.540000915527344,19.149999618530273,8334700.0,1.0,0.019159057235885513,0.019159057235885513,0.6888489260460545,-0.3993099083234166,-0.065802306,-0.065802306,0.26783985
2025-02-14,20.0,19.56999969482422,19.610000610351562,19.649999618530273,4215300.0,1.0,0.026109661094519288,0.026109661094519288,0.7068345380504406,-0.38362609360690525,-0.07108274,-0.07108274,0.074515514
2025-02-18,21.09000015258789,19.489999771118164,19.6200008392334,20.950000762939453,8789900.0,1.0,0.06615782033823847,0.06615782033823847,0.7535971704276434,-0.3428481394465728,-0.067005776,-0.067005776,0.20990103
2025-02-19,22.729999542236328,21.709999084472656,21.729999542236328,22.610000610351562,25414200.0,1.0,0.07923626668065076,0.07923626668065076,0.813309396793432,-0.2907778793740756,-0.075474,-0.075474,0.104236566
2025-02-20,21.809999465942383,21.200000762939453,21.719999313354492,21.729999542236328,8367300.0,1.0,-0.0389208776806641,-0.0389208776806641,0.7816546812443,-0.3183814267793784,-0.05109966,-0.05109966,0.16470589
2025-02-21,22.84000015258789,21.84000015258789,22.389999389648438,22.09000015258789,12326600.0,1.0,0.016566986559380048,0.016566986559380048,0.7946043438425509,-0.30708906103820854,-0.06309005,-0.06309005,0.16406062
2025-02-24,21.299999237060547,20.84000015258789,21.040000915527344,21.239999771118164,5871300.0,1.0,-0.038478966754110555,-0.038478966754110555,0.7640287897131615,-0.3337515580220789,-0.06469449,-0.06469449,0.2529462
2025-02-25,21.940000534057617,21.139999389648438,21.31999969482422,21.75,5375400.0,1.0,0.024011310469754577,0.024011310469754577,0.782374122190795,-0.31775405983175675,-0.08715756,-0.08715756,0.17006633
2025-02-26,21.399999618530273,20.920000076293945,21.389999389648438,21.149999618530273,5491700.0,1.0,-0.027586224435389717,-0.027586224435389717,0.7607913740635988,-0.33657464945737137,-0.051750474,-0.051750474,0.23536506
2025-02-27,21.559999465942383,20.829999923706055,21.239999771118164,20.860000610351562,6753600.0,1.0,-0.013711537277033004,-0.013711537277033004,0.7503597547780806,-0.34567123088186524,-0.02819987,-0.02819987,0.23480572
2025-02-28,20.770000457763672,20.309999465942383,20.6200008392334,20.34000015258789,6454800.0,1.0,-0.024928113257370987,-0.024928113257370987,0.7316547018271995,-0.3619824125459983,-0.015340049,-0.015340049,0.28982872
2025-03-03,22.1299991607666,20.600000381469727,20.690000534057617,21.950000762939453,10418300.0,1.0,0.07915440502819848,0.07915440502819848,0.7895683944364155,-0.31148051001355015,-0.064250916,-0.064250916,0.29459596
2025-03-04,24.149999618530273,22.84000015258789,23.239999771118164,23.110000610351562,12699200.0,1.0,0.0528473716215383,0.0528473716215383,0.831295008797818,-0.27509406465756425,-0.08220785,-0.08220785,0.21472234
2025-03-05,23.760000228881836,22.670000076293945,22.709999084472656,23.6200008392334,8157700.0,1.0,0.02206837799274619,0.02206837799274619,0.8496403412754515,-0.2590965664672422,-0.08065587,-0.08065587,0.09608069
2025-03-06,23.239999771118164,22.579999923706055,23.239999771118164,22.770000457763672,10394500.0,1.0,-0.03598646703085018,-0.03598646703085018,0.8190647871460622,-0.28575906345111246,-0.06302441,-0.06302441,0.20765097
2025-03-07,23.479999542236328,22.1299991607666,22.200000762939453,23.190000534057617,12469700.0,1.0,0.018445325772961985,0.018445325772961985,0.8341727039741331,-0.27258465669608267,-0.069913246,-0.069913246,0.18943408
2025-03-10,24.329999923706055,23.6200008392334,23.8700008392334,23.829999923706055,8932200.0,1.0,0.027598075675268507,0.027598075675268507,0.8571942653846546,-0.2525093930042298,-0.08642918,-0.08642918,0.1211731
2025-03-11,24.09000015258789,23.209999084472656,24.079999923706055,23.280000686645508,7130400.0,1.0,-0.023080119128049525,-0.023080119128049525,0.8374101196236958,-0.2697615652607902,-0.08654819,-0.08654819,0.21073158
2025-03-12,22.43000030517578,21.6200008392334,22.309999465942383,21.649999618530273,5596800.0,1.0,-0.07001722594665893,-0.07001722594665893,0.7787769860679848,-0.32089083474086,-0.037739612,-0.037739612,0.111944325
2025-03-13,22.260000228881836,21.040000915527344,21.100000381469727,21.43000030517578,6906000.0,1.0,-0.010161631280870553,-0.010161631280870553,0.7708633414855344,-0.3277916916776832,-0.046433937,-0.046433937,0.16167502
2025-03-14,21.959999084472656,21.040000915527344,21.149999618530273,21.790000915527344,3893500.0,1.0,0.016798908316609573,0.016798908316609573,0.7838130040837852,-0.3164993259365133,-0.026755396,-0.026755396,0.15774809
2025-03-17,21.75,21.1299991607666,21.420000076293945,21.219999313354492,4523300.0,1.0,-0.02615886086386876,-0.02615886086386876,0.7633093487666665,-0.33437892496970056,-0.014841246,-0.014841246,0.27263302
2025-03-18,21.860000610351562,21.389999389648438,21.649999618530273,21.40999984741211,4571000.0,1.0,0.008953842611014728,0.008953842611014728,0.7701439005390394,-0.32841905862530485,-0.00044707116,-0.00044707116,0.27400643
2025-03-19,22.579999923706055,21.829999923706055,22.040000915527344,22.350000381469727,5751900.0,1.0,0.04390474267897937,0.04390474267897937,0.8039568703179913,-0.29893347020614214,0.00567377,0.00567377,0.17184384
2025-03-20,22.020000457763672,21.059999465942383,21.899999618530273,21.170000076293945,6852300.0,1.0,-0.052796433334923454,-0.052796433334923454,0.7615108150100938,-0.3359472825097497,-0.010253927,-0.010253927,0.10695501
2025-03-21,21.360000610351562,20.809999465942383,21.200000762939453,20.84000015258789,5283700.0,1.0,-0.015588092702729206,-0.015588092702729206,0.7496403138315856,-0.3462985978294869,0.005660733,0.005660733,0.1609551
2025-03-24,21.18000030517578,20.610000610351562,21.06999969482422,20.65999984741211,5504900.0,1.0,-0.00863725066496357,-0.00863725066496357,0.7431654825324602,-0.35194478070007185,-4.431978e-05,-4.431978e-05,0.1734446
2025-03-25,20.799999237060547,20.010000228881836,20.799999237060547,20.329999923706055,5849800.0,1.0,-0.015972890907227755,-0.015972890907227755,0.7312949813539519,-0.36229609601980917,0.018684726,0.018684726,0.16292323
2025-03-26,20.670000076293945,20.1200008392334,20.40999984741211,20.139999389648438,5044000.0,1.0,-0.00934582069703127,-0.00934582069703127,0.724460429581579,-0.368255962364205,0.0057501663,0.0057501663,0.26734844
2025-03-27,20.68000030517578,19.90999984741211,20.18000030517578,20.40999984741211,6161900.0,1.0,0.01340618003704841,0.01340618003704841,0.7341726765302671,-0.3597866880583276,0.0045655556,0.0045655556,0.1628434
2025-03-28,21.350000381469727,20.139999389648438,20.489999771118164,21.329999923706055,6055100.0,1.0,0.04507594724017583,0.04507594724017583,0.767266205362724,-0.33092846658678654,0.012330427,0.012330427,0.2589128
2025-03-31,22.1200008392334,21.209999084472656,22.1200008392334,21.610000610351562,6853300.0,1.0,0.013127083340226164,0.013127083340226164,0.7773381727846597,-0.32214550880709836,-0.019337058,-0.019337058,0.12863933
2025-04-01,21.229999542236328,20.56999969482422,21.1200008392334,20.700000762939453,5514300.0,1.0,-0.04211012594678987,-0.04211012594678987,0.7446043644254502,-0.3506900468048285,-0.016554594,-0.016554594,0.12859668
2025-04-02,21.3700008392334,20.940000534057617,21.06999969482422,21.049999237060547,3661000.0,1.0,0.01690813822324677,0.01690813822324677,0.7571942379407886,-0.3397114243664747,-0.033305295,-0.033305295,0.14683875
2025-04-03,21.979999542236328,21.3799991607666,21.809999465942383,21.56999969482422,4852000.0,1.0,0.024703110527821925,0.024703110527821925,0.7758992908916698,-0.3234002427023416,-0.045814086,-0.045814086,0.096607625
2025-04-04,20.700000762939453,19.93000030517578,20.170000076293945,20.040000915527344,6319300.0,1.0,-0.07093179420229678,-0.07093179420229678,0.7208633620684338,-0.37139267744430304,-0.021689009,-0.021689009,0.15880358
2025-04-07,20.549999237060547,18.84000015258789,20.09000015258789,19.06999969482422,8673300.0,1.0,-0.04840325231480158,-0.04840325231480158,0.6859712308697392,-0.4018193162848983,0.0040029474,0.0040029474,0.3009916
2025-04-08,19.780000686645508,18.110000610351562,19.59000015258789,18.280000686645508,7163200.0,1.0,-0.041426272722653756,-0.041426272722653756,0.657553999579835,-0.42659971242590355,0.024733849,0.024733849,0.40050068
2025-04-09,20.020000457763672,17.649999618530273,18.219999313354492,19.6200008392334,13737400.0,1.0,0.07330416314299315,0.07330416314299315,0.7057554452403628,-0.38456708419933283,0.022177301,0.022177301,0.22959635
2025-04-10,19.360000610351562,18.149999618530273,19.139999389648438,18.469999313354492,9175400.0,1.0,-0.058613734795530226,-0.058613734795530226,0.6643884827425428,-0.42063990591051303,0.02776194,0.02776194,0.22441997
2025-04-11,18.700000762939453,17.979999542236328,18.0,18.6299991607666,8203300.0,1.0,0.008662688324867718,0.008662688324867718,0.6701438730951732,-0.41562108998754976,0.029175535,0.029175535,0.22614948
2025-04-14,18.829999923706055,17.34000015258789,18.790000915527344,17.510000228881836,5991400.0,1.0,-0.060118034478681026,-0.060118034478681026,0.6298561406267608,-0.45075280144829233,0.053657,0.053657,0.20281745
2025-04-15,17.540000915527344,16.979999542236328,17.149999618530273,17.360000610351562,4816400.0,1.0,-0.008566511511682195,-0.008566511511682195,0.6244604707473779,-0.4554579338974447,0.074717306,0.074717306,0.30811775
2025-04-16,17.31999969482422,16.81999969482422,17.010000228881836,17.030000686645508,4598500.0,1.0,-0.019009211526713865,-0.019009211526713865,0.6125899695688697,-0.4658092492171819,0.114058554,0.114058554,0.44984964
2025-04-17,17.5,16.989999771118164,17.010000228881836,17.030000686645508,5057900.0,1.0,0.0,0.0,0.6125899695688697,-0.4658092492171819,0.1054381,0.1054381,0.30069104
2025-04-21,16.649999618530273,15.789999961853027,16.600000381469727,16.020000457763672,6147600.0,1.0,-0.05930711615730311,-0.05930711615730311,0.57625902508685,-0.49749056212401543,0.09185703,0.09185703,0.354026
2025-04-22,16.010000228881836,15.489999771118164,16.0,15.779999732971191,8225500.0,1.0,-0.0149813182231322,-0.0149813182231322,0.567625905253072,-0.5050188159229629,0.09131336,0.09131336,0.4250545
2025-04-23,16.09000015258789,15.630000114440918,15.819999694824219,15.729999542236328,8165700.0,1.0,-0.003168579948096717,-0.003168579948096717,0.5658273371916669,-0.5065872033775145,0.095716946,0.095716946,0.38215852
2025-04-24,15.539999961853027,15.039999961853027,15.34000015258789,15.5,6700700.0,1.0,-0.014621713218666121,-0.014621713218666121,0.5575539721359688,-0.5138017437881486,0.08870081,0.08870081,0.4109054
2025-04-25,15.869999885559082,15.279999732971191,15.300000190734863,15.699999809265137,5924200.0,1.0,0.012903213500976562,0.012903213500976562,0.5647482100767568,-0.5075282238844445,0.10395376,0.10395376,0.31162676
2025-04-28,16.84000015258789,15.880000114440918,15.920000076293945,16.6200008392334,10958400.0,1.0,0.05859879242962385,0.05859879242962385,0.5978417732140463,-0.4786699724984008,0.050747804,0.050747804,0.23281163
2025-04-29,17.059999465942383,16.59000015258789,16.860000610351562,16.8799991607666,7810900.0,1.0,0.015643700866695864,0.015643700866695864,0.6071942310798218,-0.4705144414953395,0.032495826,0.032495826,0.24497452
2025-04-30,16.8700008392334,16.329999923706055,16.579999923706055,16.739999771118164,8942000.0,1.0,-0.008293803116639409,-0.008293803116639409,0.6021582816736866,-0.474905890470681,0.020971458,0.020971458,0.26682955
2025-05-01,17.709999084472656,16.739999771118164,16.979999542236328,17.31999969482422,12380800.0,1.0,0.03464754669272696,0.03464754669272696,0.6230215888543879,-0.45671266779268804,0.023038514,0.023038514,0.2736798
2025-05-02,18.389999389648438,17.65999984741211,17.829999923706055,18.31999969482422,6073600.0,1.0,0.057736721571584715,0.057736721571584715,0.65899281286316,-0.4253450383596654,-0.0052484437,-0.0052484437,0.23231868
2025-05-05,18.450000762939453,17.68000030517578,18.25,17.979999542236328,6812600.0,1.0,-0.018558960603255237,-0.018558960603255237,0.6467625912114043,-0.4360100371532135,-0.0009975042,-0.0009975042,0.25805706
2025-05-06,18.270000457763672,17.149999618530273,17.989999771118164,17.3700008392334,10142700.0,1.0,-0.033926513822761684,-0.033926513822761684,0.6248201912206255,-0.4551442504236338,0.013141855,0.013141855,0.22585694
2025-05-07,18.299999237060547,17.860000610351562,18.079999923706055,18.170000076293945,5301000.0,1.0,0.04605637296537135,0.04605637296537135,0.6535971429837772,-0.4300501708088177,-0.012696254,-0.012696254,0.3004304
2025-05-08,18.389999389648438,17.68000030517578,18.190000534057617,18.06999969482422,6664100.0,1.0,-0.005503598296633716,-0.005503598296633716,0.650000006860967,-0.43318694571792105,-0.011857168,-0.011857168,0.2857464
2025-05-09,19.110000610351562,18.709999084472656,18.709999084472656,18.979999542236328,5945900.0,1.0,0.05035970463645101,0.05035970463645101,0.6827338152201765,-0.4046424077201908,-0.008130157,-0.008130157,0.24565539
2025-05-12,18.450000762939453,18.079999923706055,18.3799991607666,18.350000381469727,4895200.0,1.0,-0.033192791146525624,-0.033192791146525624,0.6600719742829025,-0.42440398793823286,-0.011077536,-0.011077536,0.11903452
2025-05-13,18.540000915527344,17.889999389648438,18.520000457763672,18.190000534057617,5938700.0,1.0,-0.008719337552367645,-0.008719337552367645,0.6543165839302721,-0.42942280386119613,-0.020737845,-0.020737845,0.23501159
2025-05-14,17.84000015258789,17.3700008392334,17.639999389648438,17.399999618530273,5132700.0,1.0,-0.043430505350904425,-0.043430505350904425,0.6258992840307029,-0.4542032598312066,0.007904707,0.007904707,0.17273833
2025-05-15,17.510000228881836,16.780000686645508,17.389999389648438,16.799999237060547,6212200.0,1.0,-0.03448278130022209,-0.03448278130022209,0.6043165359035066,-0.4730238494568212,-0.00088642444,-0.00088642444,0.1803449
2025-05-16,17.270000457763672,16.639999389648438,17.040000915527344,16.709999084472656,4364100.0,1.0,-0.005357152183040115,-0.005357152183040115,0.6010791202539439,-0.47584694089211366,-0.011372238,-0.011372238,0.16835564
2025-05-19,16.09000015258789,15.619999885559082,16.020000457763672,15.649999618530273,8609600.0,1.0,-0.06343504033625957,-0.06343504033625957,0.5629496420153516,-0.5090966113389963,0.014732591,0.014732591,0.24159276
2025-05-20,17.219999313354492,16.299999237060547,16.31999969482422,16.989999771118164,7823000.0,1.0,0.08562301503197944,0.08562301503197944,0.6111510876758794,-0.4670639831124255,0.019774418,0.019774418,0.38955662
2025-05-21,17.190000534057617,16.81999969482422,17.040000915527344,16.920000076293945,6372500.0,1.0,-0.00412005272320326,-0.00412005272320326,0.6086331129728118,-0.4692597076000963,0.0024621356,0.0024621356,0.2816273
2025-05-22,16.81999969482422,16.389999389648438,16.6299991607666,16.649999618530273,5650100.0,1.0,-0.015957473791147314,-0.015957473791147314,0.5989208660241238,-0.47772898190597357,-0.012284364,-0.012284364,0.22627854
2025-05-23,16.950000762939453,16.6299991607666,16.700000762939453,16.829999923706055,6403900.0,1.0,0.010810829387374543,0.010810829387374543,0.6053956973232492,-0.47208279903538863,-0.007136734,-0.007136734,0.22503406
2025-05-27,17.149999618530273,16.6200008392334,16.65999984741211,17.06999969482422,6089700.0,1.0,0.014260236019378203,0.014260236019378203,0.6140287828521948,-0.4645545751509438,-0.015119083,-0.015119083,0.2203347
2025-05-28,16.829999923706055,16.1299991607666,16.829999923706055,16.149999618530273,8838600.0,1.0,-0.053895728924523545,-0.053895728924523545,0.5809352540197378,-0.49341279662248483,0.005223859,0.005223859,0.14265282
2025-05-29,16.18000030517578,15.609999656677246,16.139999389648438,15.989999771118164,8699000.0,1.0,-0.009907111528877577,-0.009907111528877577,0.5751798636671074,-0.4984316125454481,-0.0011128038,-0.0011128038,0.2142595
2025-05-30,16.049999237060547,15.630000114440918,16.040000915527344,15.710000038146973,6572800.0,1.0,-0.017510927891127293,-0.017510927891127293,0.5651079305500042,-0.5072145404106337,0.012309191,0.012309191,0.27631915
2025-06-02,16.899999618530273,16.670000076293945,16.8700008392334,16.8700008392334,7573800.0,1.0,0.07383837035453311,0.07383837035453311,0.6068345792162392,-0.4708280651401453,0.016029987,0.016029987,0.25209782
2025-06-03,17.110000610351562,16.559999465942383,16.559999465942383,16.959999084472656,6070900.0,1.0,0.005334809766574189,0.005334809766574189,0.6100719262561369,-0.46800503353385803,-0.0143627655,-0.0143627655,0.2074551
2025-06-04,16.989999771118164,16.68000030517578,16.690000534057617,16.90999984741211,3854900.0,1.0,-0.0029480683820509723,-0.0029480683820509723,0.6082733924995642,-0.46957339107390716,-0.0022847466,-0.0022847466,0.20713936
2025-06-05,17.06999969482422,16.459999084472656,16.989999771118164,16.700000762939453,6843200.0,1.0,-0.0124186331382371,-0.0124186331382371,0.6007194683903613,-0.47616056453691946,0.0025529573,0.0025529573,0.2361163
2025-06-06,17.34000015258789,16.719999313354492,16.84000015258789,17.18000030517578,5596600.0,1.0,0.028742486245961096,0.028742486245961096,0.6179856394482522,-0.46110411676802987,-0.010969091,-0.010969091,0.19631387
2025-06-09,16.770000457763672,16.270000457763672,16.440000534057617,16.559999465942383,7169100.0,1.0,-0.03608852317928146,-0.03608852317928146,0.5956834503745609,-0.48055207334126615,0.009086705,0.009086705,0.22219971
2025-06-10,16.40999984741211,15.979999542236328,16.40999984741211,16.059999465942383,5250300.0,1.0,-0.03019323768870341,-0.03019323768870341,0.5776978383701749,-0.4962358880577774,0.015158388,0.015158388,0.2478737
2025-06-11,16.420000076293945,15.699999809265137,16.34000015258789,15.949999809265137,7700500.0,1.0,-0.0068492939187524415,-0.0068492939187524415,0.5737410160789496,-0.4996863165261891,0.03313986,0.03313986,0.26958668
2025-06-12,16.450000762939453,15.760000228881836,16.420000076293945,16.06999969482422,6750300.0,1.0,0.0075235038867760284,0.0075235038867760284,0.5780575588434224,-0.49592220458396663,0.022280954,0.022280954,0.29198536
2025-06-13,16.399999618530273,16.030000686645508,16.040000915527344,16.360000610351562,5568700.0,1.0,0.018046105851560634,0.018046105851560634,0.5884892467386055,-0.48682556333046756,0.014920569,0.014920569,0.33401766
2025-06-16,17.059999465942383,16.510000228881836,16.799999237060547,16.979999542236328,5656000.0,1.0,0.03789724381137671,0.03789724381137671,0.6107913672026318,-0.4673776665862365,-0.010546926,-0.010546926,0.2667825
2025-06-17,17.600000381469727,17.200000762939453,17.3700008392334,17.579999923706055,5443000.0,1.0,0.03533571246437761,0.03533571246437761,0.6323741153298281,-0.44855707696062175,-0.012219632,-0.012219632,0.22563064
2025-06-18,18.1200008392334,17.829999923706055,17.959999084472656,18.079999923706055,6006700.0,1.0,0.028441410817400925,0.028441410817400925,0.6503597273342142,-0.4328732622441105,-0.0046949247,-0.0046949247,0.119009376
2025-06-20,18.06999969482422,17.350000381469727,18.06999969482422,17.65999984741211,6748700.0,1.0,-0.023230092813399383,-0.023230092813399383,0.6352518105061433,-0.44604766899914017,-0.008580921,-0.008580921,0.1994659
2025-06-23,17.15999984741211,16.770000457763672,17.049999237060547,16.84000015258789,7132700.0,1.0,-0.046432599202110514,-0.046432599202110514,0.6057554177964966,-0.47176911556157797,-0.0114571275,-0.0114571275,0.19219773
2025-06-24,16.6200008392334,16.15999984741211,16.459999084472656,16.25,5854100.0,1.0,-0.035035638197261076,-0.035035638197261076,0.5845323901425478,-0.4902760217133817,-0.007787985,-0.007787985,0.19994792
2025-06-25,16.18000030517578,15.739999771118164,16.059999465942383,15.850000381469727,7409400.0,1.0,-0.024615361140324477,-0.024615361140324477,0.5701439142609719,-0.5028230615207898,-0.00929895,-0.00929895,0.21810217
2025-06-26,15.680000305175781,15.079999923706055,15.649999618530273,15.65999984741211,10473200.0,1.0,-0.011987415109449895,-0.011987415109449895,0.563309362488599,-0.5087829278651855,-0.013581982,-0.013581982,0.24693342
2025-06-27,16.600000381469727,16.010000228881836,16.059999465942383,16.540000915527344,6858600.0,1.0,0.056194193913779555,0.056194193913779555,0.5949640780377309,-0.4811793804598826,-0.007634814,-0.007634814,0.3790996
2025-06-30,15.739999771118164,15.170000076293945,15.609999656677246,15.279999732971191,10495700.0,1.0,-0.07617902737679383,-0.07617902737679383,0.5496402932486857,-0.5207026306394744,-0.024592914,-0.024592914,0.1154209
2025-07-01,15.220000267028809,14.600000381469727,14.949999809265137,15.109999656677246,7679900.0,1.0,-0.011125659637749807,-0.011125659637749807,0.5435251824228078,-0.5260351300362485,-0.00978074,-0.00978074,0.14572231
2025-07-02,15.59000015258789,15.3100004196167,15.34000015258789,15.420000076293945,4987000.0,1.0,0.020516242664486484,0.020516242664486484,0.5546762769596534,-0.5163111517496304,-0.0025807964,-0.0025807964,0.13910693
2025-07-03,15.829999923706055,15.100000381469727,15.59000015258789,15.25,5903200.0,1.0,-0.011024648213542876,-0.011024648213542876,0.5485611661337755,-0.5216436511464044,-0.001071394,-0.001071394,0.10992766
2025-07-07,15.390000343322754,14.859999656677246,14.9399995803833,15.109999656677246,5914200.0,1.0,-0.009180350381819968,-0.009180350381819968,0.5435251824228077,-0.5260351300362486,6.684102e-06,6.684102e-06,0.11981455
2025-07-08,15.039999961853027,14.75,14.859999656677246,14.829999923706055,5132000.0,1.0,-0.018530757070365445,-0.018530757070365445,0.5334532493057046,-0.5348180579014341,0.011791595,0.011791595,0.19983985
2025-07-09,14.289999961853027,13.970000267028809,14.270000457763672,14.199999809265137,10515100.0,1.0,-0.04248146444248124,-0.04248146444248124,0.5107913740635982,-0.5545796680339787,0.018382236,0.018382236,0.27320445
2025-07-10,14.899999618530273,14.470000267028809,14.579999923706055,14.75,6976600.0,1.0,0.03873240831848479,0.03873240831848479,0.5305755541293894,-0.5373274658629158,-0.00073460676,-0.00073460676,0.28089938
2025-07-11,15.149999618530273,14.600000381469727,14.989999771118164,14.920000076293945,4630900.0,1.0,0.011525428901284496,0.011525428901284496,0.5366906649552673,-0.5319949664661416,-0.008397224,-0.008397224,0.21842523
2025-07-14,15.510000228881836,15.180000305175781,15.260000228881836,15.289999961853027,4755800.0,1.0,0.024798919816828136,0.024798919816828136,0.5500000137219332,-0.5203889471656635,-0.032268036,-0.032268036,0.25882363
2025-07-15,15.710000038146973,15.149999618530273,15.350000381469727,15.539999961853027,5882200.0,1.0,0.016350555959694146,0.016350555959694146,0.5589928197241262,-0.5125470398074079,-0.009051279,-0.009051279,0.18145268
2025-07-16,15.949999809265137,15.489999771118164,15.829999923706055,15.800000190734863,4815500.0,1.0,0.016731031500648363,0.016731031500648363,0.5683453461995668,-0.5043914489753414,-0.018643918,-0.018643918,0.17832358
2025-07-17,16.0,15.619999885559082,15.960000038146973,15.699999809265137,9792500.0,1.0,-0.006329137991299971,-0.006329137991299971,0.5647482100767566,-0.5075282238844447,-0.015529485,-0.015529485,0.06304156
2025-07-18,16.010000228881836,15.5,15.9399995803833,15.850000381469727,5907600.0,1.0,0.009554176689611671,0.009554176689611671,0.5701439142609719,-0.5028230615207898,-0.023636205,-0.023636205,0.0699866
2025-07-21,15.050000190734863,14.59000015258789,15.0,14.680000305175781,9926200.0,1.0,-0.0738170377372227,-0.0738170377372227,0.5280575794263218,-0.5395231903505865,-0.006122986,-0.006122986,0.116291635
2025-07-22,14.529999732971191,14.319999694824219,14.390000343322754,14.470000267028809,14426000.0,1.0,-0.014305179412900437,-0.014305179412900437,0.5205036210122863,-0.5461103937281013,-0.006478963,-0.006478963,0.2661481
2025-07-23,14.020000457763672,13.670000076293945,13.989999771118164,13.710000038146973,16970800.0,1.0,-0.05252247511104502,-0.05252247511104502,0.4931654825324597,-0.5699497992766792,0.02982046,0.02982046,0.37600726
2025-07-24,14.100000381469727,13.699999809265137,14.0,13.859999656677246,19512100.0,1.0,0.01094089118256103,0.01094089118256103,0.4985611524118425,-0.5652446668275268,0.015979037,0.015979037,0.29020166
2025-07-25,14.069999694824219,13.789999961853027,13.890000343322754,13.829999923706055,11393900.0,1.0,-0.002164482951970248,-0.002164482951970248,0.4974820252969324,-0.5661856873344568,0.05711329,0.05711329,0.32963
2025-07-28,13.920000076293945,13.460000038146973,13.869999885559082,13.670000076293945,13369500.0,1.0,-0.011569041814516123,-0.011569041814516123,0.491726634944302,-0.5712045032574201,0.056373246,0.056373246,0.30715355
2025-07-29,14.020000457763672,13.699999809265137,13.829999923706055,13.90999984741211,6434300.0,1.0,0.017556676648039282,0.017556676648039282,0.5003597204732476,-0.5636762793729753,0.06317683,0.06317683,0.22296964
2025-07-30,13.479999542236328,13.260000228881836,13.350000381469727,13.350000381469727,9391300.0,1.0,-0.040258768661781685,-0.040258768661781685,0.4802158542390414,-0.5812421351033465,0.0605051,0.0605051,0.24829824
2025-07-31,13.6899995803833,13.079999923706055,13.1899995803833,13.59000015258789,9965300.0,1.0,0.017977510431482324,0.017977510431482324,0.48884893976798693,-0.5737139112189016,0.06108848,0.06108848,0.17011005
2025-08-01,13.729999542236328,13.420000076293945,13.579999923706055,13.619999885559082,4111500.0,1.0,0.002207485845059365,0.002207485845059365,0.48992806688289703,-0.5727728907119716,0.05144362,0.05144362,0.27964795
2025-08-04,13.3100004196167,12.75,13.239999771118164,12.960000038146973,11741000.0,1.0,-0.04845813898367868,-0.04845813898367868,0.4661870645258806,-0.5934755213514462,0.05230031,0.05230031,0.21506922
2025-08-05,13.380000114440918,13.050000190734863,13.079999923706055,13.1899995803833,6377600.0,1.0,0.017746878206739147,0.017746878206739147,0.47446042958157864,-0.5862609809408121,0.054972462,0.054972462,0.19256079
2025-08-06,13.600000381469727,13.300000190734863,13.420000076293945,13.539999961853027,5812400.0,1.0,0.02653528374559322,0.02653528374559322,0.4870503717065819,-0.5752822986734532,0.04816706,0.04816706,0.26760033
2025-08-07,13.850000381469727,13.350000381469727,13.479999542236328,13.529999732971191,6555300.0,1.0,-0.0007385693434276419,-0.0007385693434276419,0.4866906512333344,-0.575595982147264,0.0347928,0.0347928,0.21885239
2025-08-08,13.449999809265137,13.029999732971191,13.380000114440918,13.199999809265137,5272600.0,1.0,-0.024390238744933512,-0.024390238744933512,0.4748201500548262,-0.5859472974670012,0.048599366,0.048599366,0.32588485
2025-08-11,13.170000076293945,12.880000114440918,13.149999618530273,13.069999694824219,5634600.0,1.0,-0.009848493660558288,-0.009848493660558288,0.4701438868171059,-0.5900250928830346,0.05238877,0.05238877,0.3610942
2025-08-12,12.680000305175781,12.220000267028809,12.640000343322754,12.279999732971191,15996000.0,1.0,-0.06044376283848507,-0.06044376283848507,0.44172662122236916,-0.6148055189385424,0.051781368,0.051781368,0.31896877
2025-08-13,12.550000190734863,12.289999961853027,12.449999809265137,12.399999618530273,10040600.0,1.0,0.009771977863882952,0.009771977863882952,0.44604316398684196,-0.6110414069963199,0.06991689,0.06991689,0.2996621
2025-08-14,12.529999732971191,12.239999771118164,12.359999656677246,12.510000228881836,9931100.0,1.0,0.008871017236740997,0.008871017236740997,0.45000002058289973,-0.6075909486134058,0.06458147,0.06458147,0.27154043
2025-08-15,13.029999732971191,12.779999732971191,12.850000381469727,12.829999923706055,6292600.0,1.0,0.025579511508355912,0.025579511508355912,0.4615108012881604,-0.5975533167674794,0.059634157,0.059634157,0.26561493
2025-08-18,12.850000381469727,12.550000190734863,12.59000015258789,12.720000267028809,6028500.0,1.0,-0.008573628786544218,-0.008573628786544218,0.4575539789969352,-0.601003745235891,0.07956852,0.07956852,0.33275002
2025-08-19,12.279999732971191,12.020000457763672,12.279999732971191,12.15999984741211,12848700.0,1.0,-0.04402518929722532,-0.04402518929722532,0.4374100784578964,-0.6185696308807648,0.06421046,0.06421046,0.14978616
2025-08-20,12.170000076293945,12.0,12.149999618530273,12.130000114440918,7808300.0,1.0,-0.0024670833345097343,-0.0024670833345097343,0.43633095134298633,-0.6195106513876948,0.076480255,0.076480255,0.1868206
2025-08-21,12.449999809265137,12.1899995803833,12.239999771118164,12.399999618530273,7945600.0,1.0,0.022258821231824877,0.022258821231824877,0.44604316398684196,-0.6110414069963199,0.06699281,0.06699281,0.19368994
2025-08-22,12.199999809265137,11.84000015258789,12.180000305175781,11.90999984741211,11972100.0,1.0,-0.03951611178970682,-0.03951611178970682,0.4284172724557034,-0.6264115382390205,0.06970317,0.06970317,0.17983863
2025-08-25,12.010000228881836,11.729999542236328,11.75,11.949999809265137,9579400.0,1.0,0.003358519090302048,0.003358519090302048,0.429856120043861,-0.6251568342582796,0.06893058,0.06893058,0.25647655
2025-08-26,11.979999542236328,11.720000267028809,11.899999618530273,11.970000267028809,8306100.0,1.0,0.0016736785006612465,0.0016736785006612465,0.43057556099035604,-0.624529467310658,0.07926687,0.07926687,0.23259276
2025-08-27,12.380000114440918,12.09000015258789,12.289999961853027,12.1899995803833,8508900.0,1.0,0.0183792237633007,0.0183792237633007,0.4384892055728065,-0.6176286103738349,0.07386936,0.07386936,0.28070942
2025-08-28,12.739999771118164,12.140000343322754,12.25,12.569999694824219,11814000.0,1.0,0.031173103160104354,0.031173103160104354,0.4521582748127198,-0.6057089075995459,0.06458828,0.06458828,0.22837251
2025-08-29,12.850000381469727,12.430000305175781,12.649999618530273,12.829999923706055,10891300.0,1.0,0.020684187366280637,0.020684187366280637,0.4615108012881603,-0.5975533167674795,0.03452331,0.03452331,0.17397273
2025-09-02,12.819999694824219,12.300000190734863,12.449999809265137,12.779999732971191,12009900.0,1.0,-0.0038971310235534906,-0.0038971310235534906,0.4597122332267552,-0.5991217042220311,-0.0052587343,-0.0052587343,0.13474078
2025-09-03,13.210000038146973,12.920000076293945,13.140000343322754,13.0600004196167,9138500.0,1.0,0.021909287362747998,0.021909287362747998,0.4697842006486908,-0.5903387464423429,0.02142762,0.02142762,0.18826465
2025-09-04,13.3100004196167,12.859999656677246,13.15999984741211,13.100000381469727,8296000.0,1.0,0.003062784116985684,0.003062784116985684,0.4712230482368484,-0.5890840424616021,-0.025511507,-0.025511507,0.112008005
2025-09-05,13.25,12.890000343322754,13.220000267028809,12.9399995803833,8096400.0,1.0,-0.012213801253987078,-0.012213801253987078,0.4654676235793856,-0.5941028882990679,0.004006167,0.004006167,0.15531966
2025-09-08,13.460000038146973,13.09000015258789,13.40999984741211,13.15999984741211,8776000.0,1.0,0.017001566782299138,0.017001566782299138,0.4733813024666686,-0.5872020014477422,-0.00086089876,-0.00086089876,0.15415062
2025-09-09,13.350000381469727,12.960000038146973,13.279999732971191,13.260000228881836,8336300.0,1.0,0.0075988132696971356,0.0075988132696971356,0.4769784385894788,-0.5840652265386388,-0.002754453,-0.002754453,0.16882886
2025-09-10,13.0600004196167,12.829999923706055,12.9399995803833,12.880000114440918,5923300.0,1.0,-0.028657625028786438,-0.028657625028786438,0.46330936934956546,-0.5959849293129278,-0.016366024,-0.016366024,0.2018257
2025-09-11,12.930000305175781,12.390000343322754,12.789999961853027,12.420000076293945,8531900.0,1.0,-0.035714288358679847,-0.035714288358679847,0.44676260493333697,-0.6104140400486984,-0.0057645496,-0.0057645496,0.10776722
2025-09-12,12.770000457763672,12.489999771118164,12.720000267028809,12.510000228881836,5782200.0,1.0,0.007246389052740332,0.007246389052740332,0.4500000205828997,-0.6075909486134059,-0.006046568,-0.006046568,0.22174817
2025-09-15,12.949999809265137,12.600000381469727,12.619999885559082,12.90999984741211,7179400.0,1.0,0.031974389385444946,0.031974389385444946,0.46438849646447555,-0.5950439088059978,-0.006224774,-0.006224774,0.20558125
2025-09-16,13.279999732971191,12.960000038146973,13.020000457763672,13.220000267028809,7302500.0,1.0,0.0240124262804573,0.0240124262804573,0.4755395910013212,-0.5853199305193797,-0.02697602,-0.02697602,0.22296911
2025-09-17,13.430000305175781,13.079999923706055,13.350000381469727,13.100000381469727,6572900.0,1.0,-0.00907714698451001,-0.00907714698451001,0.47122304823684846,-0.5890840424616021,-0.010709893,-0.010709893,0.22161062
2025-09-18,13.029999732971191,12.649999618530273,13.0,12.670000076293945,9211000.0,1.0,-0.03282444982093491,-0.03282444982093491,0.45575541093553,-0.6025721326904426,-0.03341352,-0.03341352,0.16234653
2025-09-19,12.670000076293945,12.479999542236328,12.510000228881836,12.569999694824219,7616800.0,1.0,-0.007892689886942583,-0.007892689886942583,0.4521582748127198,-0.6057089075995459,-0.04761623,-0.04761623,0.15793656
2025-09-22,12.510000228881836,12.140000343322754,12.489999771118164,12.149999618530273,8917200.0,1.0,-0.033412894708890306,-0.033412894708890306,0.4370503579846489,-0.6188833143545756,-0.032443322,-0.032443322,0.20842314
2025-09-23,12.369999885559082,12.0600004196167,12.079999923706055,12.359999656677246,5679500.0,1.0,0.01728395429961127,0.01728395429961127,0.44460431639868436,-0.6122961109770608,-0.024222076,-0.024222076,0.31113264
2025-09-24,12.510000228881836,12.239999771118164,12.25,12.359999656677246,6307100.0,1.0,0.0,0.0,0.44460431639868436,-0.6122961109770608,-0.027508743,-0.027508743,0.28561515
2025-09-25,12.800000190734863,12.40999984741211,12.699999809265137,12.59000015258789,13007000.0,1.0,0.01860845487858831,0.01860845487858831,0.45287771575921487,-0.6050815406519242,-0.011900905,-0.011900905,0.22383016
2025-09-26,12.619999885559082,12.260000228881836,12.390000343322754,12.470000267028809,8745700.0,1.0,-0.009531364901089079,-0.009531364901089079,0.4485611729947421,-0.6088456525941466,-0.02776619,-0.02776619,0.13522914
2025-09-29,12.949999809265137,12.489999771118164,12.5,12.819999694824219,10866800.0,1.0,0.028067315180483332,0.028067315180483332,0.4611510808149128,-0.5978670002412902,-0.035019506,-0.035019506,0.15312749
2025-09-30,13.109999656677246,12.899999618530273,13.020000457763672,13.069999694824219,8161700.0,1.0,0.01950078049541082,0.01950078049541082,0.47014388681710584,-0.5900250928830346,-0.034345333,-0.034345333,0.24085242
2025-10-01,13.710000038146973,13.039999961853027,13.15999984741211,13.619999885559082,12776300.0,1.0,0.04208111733565434,0.04208111733565434,0.4899280668828971,-0.5727728907119716,-0.037075367,-0.037075367,0.19489391
2025-10-02,14.069999694824219,13.40999984741211,13.670000076293945,13.449999809265137,12824100.0,1.0,-0.012481650346722217,-0.012481650346722217,0.48381295605701924,-0.5781053901087456,-0.04210098,-0.04210098,0.17630637
2025-10-03,13.430000305175781,13.0,13.369999885559082,13.050000190734863,12367000.0,1.0,-0.02973974901135168,-0.02973974901135168,0.46942448017544336,-0.5906524299161537,-0.03828429,-0.03828429,0.15675697
2025-10-06,13.4399995803833,13.130000114440918,13.359999656677246,13.300000190734863,11112100.0,1.0,0.019157087842611054,0.019157087842611054,0.47841728617763635,-0.5828105225578981,-0.012932604,-0.012932604,0.27276397
2025-10-07,13.84000015258789,13.470000267028809,13.520000457763672,13.779999732971191,13272100.0,1.0,0.036090190628020435,0.036090190628020435,0.4956834572355274,-0.5677540747890084,-0.021576494,-0.021576494,0.28974938
2025-10-08,13.529999732971191,13.039999961853027,13.529999732971191,13.100000381469727,12162800.0,1.0,-0.04934683343095003,-0.04934683343095003,0.4712230482368484,-0.5890840424616021,-0.035474144,-0.035474144,0.19199799
2025-10-09,13.239999771118164,12.729999542236328,13.229999542236328,12.739999771118164,12023300.0,1.0,-0.02748096182201587,-0.02748096182201587,0.45827338563859765,-0.6003764082027718,-0.02355682,-0.02355682,0.295808
2025-10-10,12.569999694824219,12.149999618530273,12.460000038146973,12.329999923706055,14857800.0,1.0,-0.03218209221177437,-0.03218209221177437,0.44352518928377427,-0.6132371314839907,-0.022764679,-0.022764679,0.21699171
2025-10-13,12.300000190734863,11.930000305175781,12.020000457763672,12.180000305175781,15572900.0,1.0,-0.012165419258590493,-0.012165419258590493,0.43812951940439143,-0.6179422639331431,-0.01170431,-0.01170431,0.20777763
2025-10-14,12.109999656677246,11.8100004196167,11.970000267028809,11.949999809265137,12624900.0,1.0,-0.018883455677165095,-0.018883455677165095,0.429856120043861,-0.6251568342582796,-0.0063437,-0.0063437,0.27630448
2025-10-15,11.960000038146973,11.6899995803833,11.90999984741211,11.880000114440918,13214000.0,1.0,-0.005857715141547204,-0.005857715141547204,0.42733814534079334,-0.6273525587459503,0.0013815155,0.0013815155,0.17589407
2025-10-16,12.050000190734863,11.550000190734863,11.819999694824219,11.579999923706055,17492300.0,1.0,-0.02525254106438879,-0.02525254106438879,0.4165467712771952,-0.6367628535587577,0.0042197118,0.0042197118,0.28204724
2025-10-17,11.960000038146973,11.59000015258789,11.619999885559082,11.869999885559082,12810000.0,1.0,0.025043174763702103,0.025043174763702103,0.42697842486754584,-0.6276662422197612,0.0038428158,0.0038428158,0.19982377
2025-10-20,13.039999961853027,12.550000190734863,12.569999694824219,12.930000305175781,20825600.0,1.0,0.08930079442597849,0.08930079442597849,0.4651079374109707,-0.594416541858376,-0.015321314,-0.015321314,0.2890921
2025-10-21,13.199999809265137,12.84000015258789,12.90999984741211,13.149999618530273,22141600.0,1.0,0.017014641002477626,0.017014641002477626,0.47302158199342115,-0.5875156849215529,-0.008152603,-0.008152603,0.27876142
2025-10-22,13.229999542236328,12.9399995803833,13.1899995803833,13.0600004196167,13743000.0,1.0,-0.0068440457432981106,-0.0068440457432981106,0.4697842006486909,-0.5903387464423429,-0.009914212,-0.009914212,0.22355631
2025-10-23,13.220000267028809,12.890000343322754,12.989999771118164,12.930000305175781,13259000.0,1.0,-0.009954066635836534,-0.009954066635836534,0.4651079374109707,-0.594416541858376,-0.001361358,-0.001361358,0.18072039
2025-10-24,13.079999923706055,12.609999656677246,12.9399995803833,12.970000267028809,11876000.0,1.0,0.003093577796515312,0.003093577796515312,0.4665467849991283,-0.5931618378776352,-0.023477186,-0.023477186,0.26123774
2025-10-27,13.079999923706055,12.789999961853027,12.850000381469727,12.890000343322754,11835000.0,1.0,-0.006168074175713301,-0.006168074175713301,0.4636690898228131,-0.5956712458391169,-0.019515898,-0.019515898,0.17770234
2025-10-28,12.520000457763672,12.34000015258789,12.449999809265137,12.34000015258789,12228200.0,1.0,-0.04266874911448493,-0.04266874911448493,0.4438849097570219,-0.6129234480101798,0.019993551,0.019993551,0.21106626
2025-10-29,12.449999809265137,12.180000305175781,12.199999809265137,12.210000038146973,11310400.0,1.0,-0.010534855172887103,-0.010534855172887103,0.4392086465193016,-0.6170012434262131,0.043490514,0.043490514,0.29070142
2025-10-30,12.84000015258789,12.399999618530273,12.510000228881836,12.819999694824219,14142500.0,1.0,0.04995902168480426,0.04995902168480426,0.4611510808149129,-0.5978670002412902,-0.007803783,-0.007803783,0.24390487
2025-10-31,13.350000381469727,12.9399995803833,13.180000305175781,13.25,16695300.0,1.0,0.03354136625677029,0.03354136625677029,0.47661871811623135,-0.5843789100124497,-0.016382247,-0.016382247,0.33442697
2025-11-03,13.829999923706055,13.25,13.359999656677246,13.760000228881836,15043600.0,1.0,0.038490583311836746,0.038490583311836746,0.494964050593865,-0.5683814118221274,-0.035197075,-0.035197075,0.27654642
2025-11-04,14.170000076293945,13.5600004196167,13.65999984741211,13.930000305175781,16230700.0,1.0,0.01235465650190326,0.01235465650190326,0.5010791614197428,-0.5630489124253534,-0.028118238,-0.028118238,0.19747254
2025-11-05,14.029999732971191,13.569999694824219,13.819999694824219,13.630000114440918,12499400.0,1.0,-0.02153626591259994,-0.02153626591259994,0.4902877873561447,-0.5724592072381607,-0.020822765,-0.020822765,0.2073796
2025-11-06,14.25,13.520000457763672,13.84000015258789,14.170000076293945,19299500.0,1.0,0.03961848549662883,0.03961848549662883,0.5097122469486883,-0.5555206885409085,-0.019777138,-0.019777138,0.31776774
2025-11-07,14.170000076293945,13.800000190734863,13.979999542236328,13.949999809265137,13785700.0,1.0,-0.015525777406089292,-0.015525777406089292,0.5017985680614053,-0.5624215753922344,-0.035957646,-0.035957646,0.20112182
2025-11-10,14.130000114440918,13.75,13.880000114440918,14.100000381469727,11114700.0,1.0,0.010752729337312639,0.010752729337312639,0.5071942722456206,-0.5577164130285794,-0.048705194,-0.048705194,0.3090039
2025-11-11,14.770000457763672,14.180000305175781,14.180000305175781,14.5600004196167,14448900.0,1.0,0.03262411529800424,0.03262411529800424,0.5237410366618491,-0.5432873022928089,-0.040556304,-0.040556304,0.28052124
2025-11-12,14.770000457763672,14.420000076293945,14.619999885559082,14.649999618530273,10600500.0,1.0,0.006181263483503674,0.006181263483503674,0.5269784180065794,-0.5404642407720188,-0.033701118,-0.033701118,0.22953337
2025-11-13,15.09000015258789,14.609999656677246,14.710000038146973,14.8100004196167,13225600.0,1.0,0.010921556672537136,0.010921556672537136,0.5327338426640422,-0.5354453949345531,-0.026031073,-0.026031073,0.2813353
2025-11-14,14.779999732971191,14.100000381469727,14.489999771118164,14.5600004196167,12716500.0,1.0,-0.01688048567972089,-0.01688048567972089,0.5237410366618491,-0.5432873022928089,-0.029226162,-0.029226162,0.2114172
2025-11-17,14.649999618530273,14.069999694824219,14.5,14.119999885559082,10568100.0,1.0,-0.030219816028631663,-0.030219816028631663,0.5079136788872832,-0.5570890759954602,-0.037086926,-0.037086926,0.17073515
2025-11-18,14.270000457763672,13.789999961853027,14.029999732971191,14.220000267028809,11539700.0,1.0,0.007082180048173958,0.007082180048173958,0.5115108150100934,-0.553952301086357,-0.017518053,-0.017518053,0.15759674
2025-11-19,14.850000381469727,14.5600004196167,14.649999618530273,14.699999809265137,8212000.0,1.0,0.033755241436195904,0.033755241436195904,0.5287769860679845,-0.5388958533174673,-0.032026567,-0.032026567,0.2128077
2025-11-20,14.829999923706055,14.369999885559082,14.470000267028809,14.420000076293945,9230300.0,1.0,-0.019047601129539626,-0.019047601129539626,0.5187050529508814,-0.5476787811826529,-0.01552138,-0.01552138,0.16248016
2025-11-21,14.84000015258789,14.470000267028809,14.5,14.649999618530273,11438100.0,1.0,0.015950037518684956,0.015950037518684956,0.5269784180065794,-0.5404642407720188,-0.03637745,-0.03637745,0.15196349
2025-11-24,14.5,14.25,14.3100004196167,14.40999984741211,7753700.0,1.0,-0.016382237362968732,-0.016382237362968732,0.5183453324776338,-0.5479924646564638,-0.029945455,-0.029945455,0.15484215
2025-11-25,13.989999771118164,13.59000015258789,13.649999618530273,13.829999923706055,10551100.0,1.0,-0.04024982164106106,-0.04024982164106106,0.4974820252969326,-0.5661856873344566,-0.01843242,-0.01843242,0.21296051
2025-11-26,14.369999885559082,14.0600004196167,14.170000076293945,14.25,10074700.0,1.0,0.030368769241568838,0.030368769241568838,0.5125899421250034,-0.5530112805794271,-0.038205136,-0.038205136,0.104786105
2025-11-28,14.869999885559082,14.569999694824219,14.619999885559082,14.729999542236328,6018500.0,1.0,0.03368417840254945,0.03368417840254945,0.5298561131828945,-0.5379548328105374,-0.0458941,-0.0458941,0.1484178
2025-12-01,15.3100004196167,14.800000190734863,15.020000457763672,15.210000038146973,12186500.0,1.0,0.03258659272420927,0.03258659272420927,0.547122318545618,-0.5228983551271451,-0.054229412,-0.054229412,0.26465884
2025-12-02,15.319999694824219,14.869999885559082,15.239999771118164,14.960000038146973,10157400.0,1.0,-0.016436554856870123,-0.016436554856870123,0.538129512543425,-0.5307402624854007,-0.056758918,-0.056758918,0.2501835
2025-12-03,15.579999923706055,15.300000190734863,15.329999923706055,15.470000267028809,11076800.0,1.0,0.03409092430356764,0.03409092430356764,0.5564748450210587,-0.5147427642950786,-0.038671713,-0.038671713,0.18719575
2025-12-04,15.739999771118164,15.079999923706055,15.289999961853027,15.65999984741211,12809700.0,1.0,0.012281808474706057,0.012281808474706057,0.5633093624885991,-0.5087829278651854,-0.03891387,-0.03891387,0.24515934
2025-12-05,17.0,16.299999237060547,16.3700008392334,16.3700008392334,24469400.0,1.0,0.045338505666628004,0.045338505666628004,0.5888489672118531,-0.48651187985665667,-0.044893865,-0.044893865,0.0965655
2025-12-08,15.600000381469727,15.050000190734863,15.489999771118164,15.069999694824219,18518300.0,1.0,-0.07941362723045886,-0.07941362723045886,0.5420863348346503,-0.5272898340169891,-0.029217202,-0.029217202,0.17802574
2025-12-09,14.859999656677246,14.079999923706055,14.600000381469727,14.100000381469727,18381500.0,1.0,-0.0643662463833784,-0.0643662463833784,0.5071942722456206,-0.5577164130285794,-0.052793436,-0.052793436,0.13974619
2025-12-10,14.529999732971191,14.0600004196167,14.300000190734863,14.260000228881836,15030700.0,1.0,0.011347506601658175,0.011347506601658175,0.512949662598251,-0.5526975971056161,-0.04458421,-0.04458421,0.20491558
2025-12-11,13.59000015258789,12.989999771118164,13.5,13.079999923706055,26227900.0,1.0,-0.08274896817924582,-0.08274896817924582,0.47050360729035345,-0.5897114094092237,-0.009314281,-0.009314281,0.2012964
2025-12-12,12.920000076293945,12.579999923706055,12.720000267028809,12.729999542236328,18834700.0,1.0,-0.02675843910636344,-0.02675843910636344,0.4579136651653502,-0.6006900916765827,-0.010511473,-0.010511473,0.36597487
2025-12-15,12.649999618530273,12.369999885559082,12.569999694824219,12.460000038146973,16102700.0,1.0,-0.02120970257646404,-0.02120970257646404,0.44820145252149457,-0.6091593360679575,0.0014934503,0.0014934503,0.38715214
2025-12-16,12.25,11.920000076293945,12.029999732971191,12.100000381469727,18039800.0,1.0,-0.028892428216299115,-0.028892428216299115,0.4352518242280763,-0.6204516718946247,0.021466993,0.021466993,0.43029645
2025-12-17,12.6899995803833,12.319999694824219,12.40999984741211,12.640000343322754,12317500.0,1.0,0.04462809461394723,0.04462809461394723,0.45467628382062003,-0.6035131531973725,-0.0067886775,-0.0067886775,0.26501197
2025-12-18,12.779999732971191,11.970000267028809,12.6899995803833,12.029999732971191,15884200.0,1.0,-0.048259540647386356,-0.048259540647386356,0.43273381522017623,-0.622647426296798,0.045291718,0.045291718,0.32379982
2025-12-19,12.229999542236328,11.970000267028809,12.079999923706055,12.1899995803833,12523800.0,1.0,0.013300070736792291,0.013300070736792291,0.4384892055728066,-0.6176286103738348,0.01607446,0.01607446,0.277553
2025-12-22,11.890000343322754,11.479999542236328,11.75,11.850000381469727,24677600.0,1.0,-0.02789164976352554,-0.02789164976352554,0.4262590182258833,-0.6282935792528803,0.023104694,0.023104694,0.385099
2025-12-23,12.930000305175781,12.029999732971191,12.149999618530273,12.899999618530273,24265300.0,1.0,0.08860752770121993,0.08860752770121993,0.46402877599122805,-0.5953575922798087,0.0084969,0.0084969,0.17579153
2025-12-24,12.649999618530273,12.329999923706055,12.479999542236328,12.390000343322754,10352500.0,1.0,-0.03953482870456282,-0.03953482870456282,0.4456834778184269,-0.6113550605556283,0.016716767,0.016716767,0.16515099
2025-12-26,13.010000228881836,12.680000305175781,12.850000381469727,12.8100004196167,18068000.0,1.0,0.03389831030313828,0.03389831030313828,0.46079139464649777,-0.5981806538005985,-0.011223673,-0.011223673,0.18430729
2025-12-29,13.329999923706055,12.880000114440918,12.989999771118164,13.050000190734863,20827700.0,1.0,0.0187353445165106,0.0187353445165106,0.4694244801754433,-0.5906524299161537,-0.023981903,-0.023981903,0.13962251
2025-12-30,13.680000305175781,13.010000228881836,13.670000076293945,13.119999885559082,28028600.0,1.0,0.005363961210814061,0.005363961210814061,0.47194245487851094,-0.588456705428483,-0.019147597,-0.019147597,0.19597319
2025-12-31,12.640000343322754,12.180000305175781,12.59000015258789,12.260000228881836,19900800.0,1.0,-0.06554875489166967,-0.06554875489166967,0.4410072145807066,-0.6154328559716615,0.019971922,0.019971922,0.23755758
