date,high,low,open,close,volume,position,return,strategy_return,equity_curve,drawdown
2022-10-17,155.3300018310547,153.32000732421875,154.9199981689453,153.4199981689453,4348000.0,0.0,,,,
2022-10-18,154.24000549316406,153.24000549316406,154.0800018310547,153.75,4528400.0,0.0,0.0021509701146735782,0.0,1.0,0.0
2022-10-19,152.49000549316406,151.5399932861328,152.08999633789062,151.69000244140625,8257100.0,0.0,-0.013398358104674823,-0.0,1.0,0.0
2022-10-20,153.22999572753906,151.27000427246094,151.9199981689453,151.4499969482422,5019800.0,0.0,-0.0015822103586343728,-0.0,1.0,0.0
2022-10-21,154.30999755859375,151.8300018310547,151.97999572753906,154.14999389648438,6898400.0,0.0,0.017827646105301076,0.0,1.0,0.0
2022-10-24,154.05999755859375,153.05999755859375,153.4499969482422,153.64999389648438,4673300.0,0.0,-0.003243594030472474,-0.0,1.0,0.0
2022-10-25,154.7899932861328,153.8300018310547,153.9600067138672,154.0,3434100.0,0.0,0.002277944142005106,0.0,1.0,0.0
2022-10-26,155.72999572753906,154.77999877929688,154.77999877929688,154.97999572753906,4448200.0,0.0,0.006363608620383543,0.0,1.0,0.0
2022-10-27,155.08999633789062,154.22000122070312,154.7100067138672,154.74000549316406,3654900.0,0.0,-0.001548523944967184,-0.0,1.0,0.0
2022-10-28,153.5399932861328,152.5,152.9600067138672,153.16000366210938,4645400.0,0.0,-0.010210687443231947,-0.0,1.0,0.0
2022-10-31,152.8699951171875,151.88999938964844,152.16000366210938,151.91000366210938,6097800.0,0.0,-0.008161399648159207,-0.0,1.0,0.0
2022-11-01,153.97999572753906,152.8699951171875,153.82000732421875,153.4600067138672,4603600.0,0.0,0.010203429757038585,0.0,1.0,0.0
2022-11-02,155.4199981689453,152.25999450683594,154.16000366210938,152.38999938964844,7210900.0,0.0,-0.006972548399621914,-0.0,1.0,0.0
2022-11-03,151.9600067138672,150.57000732421875,150.6999969482422,151.80999755859375,5378800.0,0.0,-0.003806036048150885,-0.0,1.0,0.0
2022-11-04,156.60000610351562,154.66000366210938,154.9499969482422,156.47000122070312,7692000.0,0.0,0.030696289684813083,0.0,1.0,0.0
2022-11-07,156.57000732421875,155.80999755859375,156.22000122070312,155.85000610351562,4425700.0,0.0,-0.003962389674382338,-0.0,1.0,0.0
2022-11-08,159.8699951171875,155.97999572753906,155.99000549316406,159.4499969482422,11299600.0,0.0,0.023099074133724695,0.0,1.0,0.0
2022-11-09,160.35000610351562,158.4499969482422,159.36000061035156,158.64999389648438,6040600.0,0.0,-0.0050172660211307285,-0.0,1.0,0.0
2022-11-10,163.50999450683594,161.66000366210938,162.00999450683594,163.47999572753906,9939900.0,0.0,0.030444387121793204,0.0,1.0,0.0
2022-11-11,164.5800018310547,163.4199981689453,163.91000366210938,164.55999755859375,4622400.0,0.0,0.006606324071935177,0.0,1.0,0.0
2022-11-14,165.24000549316406,164.14999389648438,164.1999969482422,164.9199981689453,6187600.0,0.0,0.002187655661719301,0.0,1.0,0.0
2022-11-15,166.22999572753906,164.55999755859375,165.27000427246094,165.5,9903500.0,0.0,0.0035168677995043307,0.0,1.0,0.0
2022-11-16,165.7100067138672,164.8300018310547,165.41000366210938,165.1199951171875,3645800.0,0.0,-0.0022961020109516506,-0.0,1.0,0.0
2022-11-17,164.11000061035156,163.39999389648438,163.7899932861328,163.9199981689453,4574400.0,0.0,-0.007267423593311895,-0.0,1.0,0.0
2022-11-18,163.69000244140625,162.67999267578125,163.3800048828125,162.7899932861328,4321100.0,0.0,-0.006893636502166456,-0.0,1.0,0.0
2022-11-21,162.5,161.27999877929688,162.44000244140625,161.8800048828125,4766500.0,0.0,-0.005589952950737276,-0.0,1.0,0.0
2022-11-22,162.60000610351562,161.72000122070312,162.3000030517578,162.07000732421875,3203800.0,0.0,0.00117372396636517,0.0,1.0,0.0
2022-11-23,163.24000549316406,161.55999755859375,161.69000244140625,163.0800018310547,4167000.0,0.0,0.006231840940288613,0.0,1.0,0.0
2022-11-25,163.42999267578125,162.75999450683594,162.85000610351562,163.22000122070312,1436500.0,0.0,0.000858470616118101,0.0,1.0,0.0
2022-11-28,163.05999755859375,161.91000366210938,162.92999267578125,161.92999267578125,4052900.0,0.0,-0.007903495498554403,-0.0,1.0,0.0
2022-11-29,163.6300048828125,162.60000610351562,162.6999969482422,162.72999572753906,2620600.0,0.0,0.004940425418036076,0.0,1.0,0.0
2022-11-30,164.80999755859375,162.39999389648438,163.69000244140625,164.80999755859375,4874700.0,0.0,0.012781920270785507,0.0,1.0,0.0
2022-12-01,167.9499969482422,166.97999572753906,167.47999572753906,167.83999633789062,8625800.0,0.0,0.01838479961277617,0.0,1.0,0.0
2022-12-02,167.47000122070312,165.75999450683594,166.17999267578125,167.25999450683594,5185900.0,0.0,-0.0034556830535615868,-0.0,1.0,0.0
2022-12-05,166.72000122070312,164.32000732421875,166.5500030517578,164.38999938964844,5436200.0,0.0,-0.017158885635801036,-0.0,1.0,0.0
2022-12-06,165.5399932861328,164.4499969482422,165.1999969482422,164.83999633789062,3597800.0,0.0,0.0027373742314797944,0.0,1.0,0.0
2022-12-07,166.63999938964844,165.32000732421875,165.47000122070312,166.3300018310547,4610700.0,0.0,0.009039101712364994,0.0,1.0,0.0
2022-12-08,167.0500030517578,166.07000732421875,166.5800018310547,166.47000122070312,3217900.0,0.0,0.0008416965556858891,0.0,1.0,0.0
2022-12-09,168.08999633789062,166.60000610351562,167.25999450683594,167.05999755859375,5431300.0,0.0,0.003544160110315664,0.0,1.0,0.0
2022-12-12,166.60000610351562,165.42999267578125,166.44000244140625,165.67999267578125,3504400.0,0.0,-0.008260534556326027,-0.0,1.0,0.0
2022-12-13,169.7899932861328,168.02000427246094,169.2100067138672,168.50999450683594,6750200.0,0.0,0.017081132038632596,0.0,1.0,0.0
2022-12-14,168.80999755859375,167.13999938964844,168.42999267578125,168.10000610351562,5643000.0,0.0,-0.0024330212847030186,-0.0,1.0,0.0
2022-12-15,166.2100067138672,165.10000610351562,165.72999572753906,165.35000610351562,8363000.0,0.0,-0.01635930934057528,-0.0,1.0,0.0
2022-12-16,166.97999572753906,165.83999633789062,166.02000427246094,166.7899932861328,5372000.0,0.0,0.008708721678036602,0.0,1.0,0.0
2022-12-19,167.11000061035156,165.99000549316406,166.7100067138672,166.32000732421875,3940500.0,0.0,-0.0028178306902848504,-0.0,1.0,0.0
2022-12-20,169.52999877929688,168.02999877929688,168.10000610351562,169.0800018310547,7803100.0,0.0,0.016594482836064905,0.0,1.0,0.0
2022-12-21,169.7100067138672,168.67999267578125,169.0399932861328,168.8000030517578,3990100.0,0.0,-0.0016560135809358112,-0.0,1.0,0.0
2022-12-22,167.75999450683594,166.05999755859375,167.75999450683594,166.75999450683594,5672700.0,0.0,-0.012085358459954287,-0.0,1.0,0.0
2022-12-23,167.8000030517578,166.66000366210938,166.8800048828125,167.25999450683594,2912300.0,0.0,0.002998321039039853,0.0,1.0,0.0
2022-12-27,170.61000061035156,167.8000030517578,167.88999938964844,168.6699981689453,6885700.0,0.0,0.008430011409881644,0.0,1.0,0.0
2022-12-28,168.33999633789062,167.10000610351562,168.0500030517578,167.91000366210938,3662500.0,0.0,-0.004505807286929064,-0.0,1.0,0.0
2022-12-29,169.35000610351562,168.52000427246094,168.5399932861328,168.85000610351562,3345900.0,0.0,0.005598251568726287,0.0,1.0,0.0
2022-12-30,169.89999389648438,168.8000030517578,169.25999450683594,169.63999938964844,2864500.0,0.0,0.0046786689817972515,0.0,1.0,0.0
2023-01-03,172.08999633789062,170.02000427246094,171.32000732421875,171.05999755859375,7992900.0,0.0,0.008370656531798915,0.0,1.0,0.0
2023-01-04,173.08999633789062,171.85000610351562,172.86000061035156,172.6699981689453,7574600.0,0.0,0.0094119059589024,0.0,1.0,0.0
2023-01-05,171.0,169.7899932861328,170.82000732421875,170.52000427246094,4692600.0,0.0,-0.012451461859522062,-0.0,1.0,0.0
2023-01-06,173.9600067138672,171.22999572753906,171.75999450683594,173.7100067138672,7889000.0,0.0,0.01870749684189077,0.0,1.0,0.0
2023-01-09,175.0399932861328,173.8800048828125,174.50999450683594,174.10000610351562,5134500.0,0.0,0.0022451175785793698,0.0,1.0,0.0
2023-01-10,174.97999572753906,174.05999755859375,174.61000061035156,174.74000549316406,4398400.0,0.0,0.0036760446135073455,0.0,1.0,0.0
2023-01-11,174.7899932861328,173.72000122070312,174.75999450683594,174.6199951171875,3374200.0,0.0,-0.000686793935011365,-0.0,1.0,0.0
2023-01-12,176.7100067138672,174.8800048828125,176.00999450683594,176.63999938964844,6936900.0,0.0,0.011568000967502767,0.0,1.0,0.0
2023-01-13,178.8300018310547,176.88999938964844,176.9600067138672,178.75999450683594,7468800.0,0.0,0.012001783992939385,0.0,1.0,0.0
2023-01-17,178.24000549316406,177.08999633789062,178.2100067138672,177.58999633789062,6610800.0,0.0,-0.00654507834469964,-0.0,1.0,0.0
2023-01-18,179.17999267578125,176.89999389648438,178.9199981689453,177.0800018310547,5384700.0,0.0,-0.0028717524486322477,-0.0,1.0,0.0
2023-01-19,180.02999877929688,178.08999633789062,178.3699951171875,179.88999938964844,6678700.0,0.0,0.015868520044824974,0.0,1.0,0.0
2023-01-20,179.66000366210938,178.64999389648438,179.05999755859375,179.2899932861328,5754800.0,0.0,-0.003335405556458948,-0.0,1.0,0.0
2023-01-23,179.69000244140625,177.77999877929688,178.35000610351562,179.6300048828125,5265500.0,0.0,0.0018964337632443318,0.0,1.0,0.0
2023-01-24,180.32000732421875,178.35000610351562,179.55999755859375,180.27999877929688,4604600.0,0.0,0.003618515163479552,0.0,1.0,0.0
2023-01-25,181.22000122070312,179.2899932861328,179.35000610351562,181.11000061035156,6925300.0,0.0,0.004603959599926544,0.0,1.0,0.0
2023-01-26,180.27000427246094,178.4600067138672,180.14999389648438,179.47000122070312,5860100.0,0.0,-0.009055266877154966,-0.0,1.0,0.0
2023-01-27,179.72000122070312,178.25999450683594,179.27000427246094,179.22000122070312,6052700.0,0.0,-0.0013929904624704337,-0.0,1.0,0.0
2023-01-30,179.42999267578125,178.64999389648438,179.2899932861328,178.75999450683594,4210700.0,0.0,-0.002566715270248765,-0.0,1.0,0.0
2023-01-31,179.6999969482422,178.5399932861328,178.82000732421875,179.41000366210938,5976900.0,0.0,0.0036362115419990015,0.0,1.0,0.0
2023-02-01,181.72999572753906,178.6300048828125,179.75,181.6699981689453,7996000.0,0.0,0.012596814339808304,0.0,1.0,0.0
2023-02-02,181.11000061035156,177.74000549316406,181.0800018310547,177.89999389648438,8842400.0,0.0,-0.02075193653580043,-0.0,1.0,0.0
2023-02-03,175.42999267578125,173.1199951171875,174.9199981689453,173.4600067138672,13674400.0,0.0,-0.024957770292002968,-0.0,1.0,0.0
2023-02-06,174.4600067138672,173.27999877929688,174.11000061035156,173.82000732421875,8957000.0,0.0,0.0020754098721176284,0.0,1.0,0.0
2023-02-07,175.27000427246094,173.47000122070312,173.72000122070312,173.97999572753906,6794200.0,0.0,0.000920425708082595,0.0,1.0,0.0
2023-02-08,174.99000549316406,173.8300018310547,174.94000244140625,174.41000366210938,4075600.0,0.0,0.002471594120761589,0.0,1.0,0.0
2023-02-09,175.52000427246094,172.8699951171875,175.49000549316406,173.02999877929688,5361300.0,0.0,-0.007912418174625069,-0.0,1.0,0.0
2023-02-10,173.67999267578125,172.6300048828125,173.6300048828125,173.36000061035156,2971100.0,0.0,0.0019071943211166342,0.0,1.0,0.0
2023-02-13,172.89999389648438,172.07000732421875,172.6999969482422,172.47999572753906,3970800.0,0.0,-0.005076170279846859,-0.0,1.0,0.0
2023-02-14,173.50999450683594,171.41000366210938,171.97000122070312,172.61000061035156,5403100.0,0.0,0.0007537389032514774,0.0,1.0,0.0
2023-02-15,170.99000549316406,170.16000366210938,170.60000610351562,170.88999938964844,5423800.0,0.0,-0.00996466725346834,-0.0,1.0,0.0
2023-02-16,171.60000610351562,169.9600067138672,170.33999633789062,170.75,4540400.0,0.0,-0.0008192368783922488,-0.0,1.0,0.0
2023-02-17,171.47000122070312,169.52000427246094,169.8699951171875,171.25999450683594,4809800.0,0.0,0.002986790669610162,0.0,1.0,0.0
2023-02-21,171.5,170.33999633789062,171.1999969482422,170.6199951171875,4035900.0,0.0,-0.003737004613899475,-0.0,1.0,0.0
2023-02-22,170.9600067138672,169.55999755859375,170.80999755859375,169.66000366210938,4105700.0,0.0,-0.005626488586046308,-0.0,1.0,0.0
2023-02-23,170.1300048828125,169.0800018310547,169.83999633789062,169.57000732421875,5073500.0,0.0,-0.0005304511136865475,-0.0,1.0,0.0
2023-02-24,168.83999633789062,168.19000244140625,168.4199981689453,168.35000610351562,6496500.0,0.0,-0.00719467575637045,-0.0,1.0,0.0
2023-02-27,169.22999572753906,168.5500030517578,168.8800048828125,169.00999450683594,4509200.0,0.0,0.003920334893926292,0.0,1.0,0.0
2023-02-28,170.25,168.58999633789062,168.77999877929688,169.77999877929688,6761600.0,0.0,0.00455596886271592,0.0,1.0,0.0
2023-03-01,171.49000549316406,170.47000122070312,170.9499969482422,170.75999450683594,6590500.0,0.0,0.005772150633673867,0.0,1.0,0.0
2023-03-02,170.97999572753906,170.36000061035156,170.52000427246094,170.66000366210938,3950700.0,0.0,-0.0005855636445488699,-0.0,1.0,0.0
2023-03-03,172.60000610351562,170.97999572753906,171.4499969482422,172.49000549316406,6894500.0,0.0,0.010723085619275707,0.0,1.0,0.0
2023-03-06,172.3699951171875,171.5399932861328,172.32000732421875,171.6199951171875,4264100.0,0.0,-0.005043830646819902,-0.0,1.0,0.0
2023-03-07,170.47000122070312,168.52000427246094,170.4199981689453,168.6199951171875,8713300.0,0.0,-0.017480480627863337,-0.0,1.0,0.0
2023-03-08,169.58999633789062,168.52000427246094,168.61000061035156,168.5399932861328,5718600.0,0.0,-0.00047445044105887124,-0.0,1.0,0.0
2023-03-09,170.64999389648438,169.7100067138672,169.75,170.1999969482422,5583000.0,0.0,0.009849316056938173,0.0,1.0,0.0
2023-03-10,173.8800048828125,171.9199981689453,171.92999267578125,173.8699951171875,13803400.0,0.0,0.021562856843419187,0.0,1.0,0.0
2023-03-13,178.02000427246094,176.3000030517578,176.66000366210938,177.86000061035156,20554400.0,0.0,0.022948211912439564,0.0,1.0,0.0
2023-03-14,177.58999633789062,176.2100067138672,177.35000610351562,176.8300018310547,10019000.0,0.0,-0.005791064746217711,-0.0,1.0,0.0
2023-03-15,180.1300048828125,177.49000549316406,178.86000061035156,178.2100067138672,14546100.0,0.0,0.007804133170404848,0.0,1.0,0.0
2023-03-16,179.64999389648438,177.8699951171875,179.50999450683594,178.57000732421875,10762200.0,0.0,0.002020092008242713,0.0,1.0,0.0
2023-03-17,184.80999755859375,180.77000427246094,181.02000427246094,183.77000427246094,24156300.0,0.0,0.02912021467748982,0.0,1.0,0.0
2023-03-20,184.5399932861328,182.74000549316406,184.19000244140625,183.83999633789062,11845700.0,0.0,0.0003808677357699519,0.0,1.0,0.0
2023-03-21,182.72999572753906,179.89999389648438,182.64999389648438,180.3699951171875,10734500.0,0.0,-0.018875115806276432,-0.0,1.0,0.0
2023-03-22,183.94000244140625,180.27999877929688,180.39999389648438,183.44000244140625,11969600.0,0.0,0.01702060989813825,0.0,1.0,0.0
2023-03-23,186.24000549316406,183.60000610351562,183.91000366210938,185.74000549316406,11347100.0,0.0,0.012538176085624908,0.0,1.0,0.0
2023-03-24,185.99000549316406,183.6199951171875,185.61000061035156,183.64999389648438,9245900.0,0.0,-0.011252350246951037,-0.0,1.0,0.0
2023-03-27,182.14999389648438,180.69000244140625,181.14999389648438,181.9499969482422,6925000.0,0.0,-0.009256722051406152,-0.0,1.0,0.0
2023-03-28,183.6199951171875,182.1199951171875,182.30999755859375,183.44000244140625,6202600.0,0.0,0.008189093257242153,0.0,1.0,0.0
2023-03-29,183.27000427246094,182.24000549316406,182.49000549316406,182.52999877929688,4996500.0,0.0,-0.00496077000653139,-0.0,1.0,0.0
2023-03-30,184.44000244140625,182.5500030517578,182.75,184.17999267578125,6360300.0,0.0,0.009039576549164652,0.0,1.0,0.0
2023-03-31,184.4199981689453,182.8000030517578,184.11000061035156,183.22000122070312,8003300.0,0.0,-0.005212246135594234,-0.0,1.0,0.0
2023-04-03,185.0399932861328,183.32000732421875,183.85000610351562,184.5399932861328,9206600.0,0.0,0.007204410308019105,0.0,1.0,0.0
2023-04-04,188.22999572753906,184.66000366210938,184.72000122070312,187.97999572753906,13765400.0,0.0,0.018640958960437715,0.0,1.0,0.0
2023-04-05,188.86000061035156,186.77999877929688,188.33999633789062,187.8300018310547,11440800.0,0.0,-0.0007979247786651378,-0.0,1.0,0.0
2023-04-06,187.25999450683594,185.9499969482422,186.88999938964844,186.49000549316406,6648400.0,0.0,-0.007134091065472581,-0.0,1.0,0.0
2023-04-10,185.36000061035156,184.19000244140625,185.17999267578125,185.11000061035156,6408100.0,0.0,-0.007399886547073353,-0.0,1.0,0.0
2023-04-11,186.50999450683594,185.63999938964844,185.91000366210938,186.27999877929688,6031500.0,0.0,0.006320556237305208,0.0,1.0,0.0
2023-04-12,187.66000366210938,185.97000122070312,187.5399932861328,187.19000244140625,10000900.0,0.0,0.004885138866613126,0.0,1.0,0.0
2023-04-13,190.41000366210938,188.99000549316406,189.75999450683594,189.72000122070312,14060100.0,0.0,0.013515672558895409,0.0,1.0,0.0
2023-04-14,188.49000549316406,185.1699981689453,188.0800018310547,186.36000061035156,13272500.0,0.0,-0.017710313033589165,-0.0,1.0,0.0
2023-04-17,185.92999267578125,184.10000610351562,185.88999938964844,185.52999877929688,7468100.0,0.0,-0.0044537552497120325,-0.0,1.0,0.0
2023-04-18,186.99000549316406,185.0399932861328,185.24000549316406,186.25,8056900.0,0.0,0.003880780603893852,0.0,1.0,0.0
2023-04-19,185.5800018310547,184.27999877929688,184.35000610351562,185.36000061035156,7373500.0,0.0,-0.004778520212877502,-0.0,1.0,0.0
2023-04-20,187.02999877929688,185.77999877929688,186.13999938964844,186.08999633789062,5789900.0,0.0,0.00393825919904689,0.0,1.0,0.0
2023-04-21,185.67999267578125,183.22000122070312,184.97999572753906,184.25,10698700.0,0.0,-0.00988766926809792,-0.0,1.0,0.0
2023-04-24,185.02999877929688,183.4600067138672,184.07000732421875,184.80999755859375,8303400.0,0.0,0.003039335460481629,0.0,1.0,0.0
2023-04-25,186.22000122070312,184.3000030517578,184.83999633789062,185.75,8451900.0,0.0,0.005086318131183543,0.0,1.0,0.0
2023-04-26,186.64999389648438,184.3000030517578,186.6300048828125,184.74000549316406,8203600.0,0.0,-0.0054373863086726315,-0.0,1.0,0.0
2023-04-27,184.99000549316406,183.3800048828125,183.89999389648438,184.75,9107400.0,0.0,5.410039265330013e-05,0.0,1.0,0.0
2023-04-28,185.3800048828125,184.1699981689453,184.7899932861328,184.8000030517578,6700400.0,0.0,0.0002706525128974846,0.0,1.0,0.0
2023-05-01,186.22000122070312,183.91000366210938,186.0500030517578,183.97000122070312,7997700.0,0.0,-0.004491351825477108,-0.0,1.0,0.0
2023-05-02,187.63999938964844,184.52000427246094,184.64999389648438,187.52000427246094,14680600.0,0.0,0.019296640909943763,0.0,1.0,0.0
2023-05-03,189.2100067138672,186.92999267578125,187.61000061035156,189.11000061035156,11133800.0,0.0,0.008479075840785555,0.0,1.0,0.0
2023-05-04,191.36000061035156,188.80999755859375,188.86000061035156,190.44000244140625,14146800.0,0.0,0.00703295344911492,0.0,1.0,0.0
2023-05-05,187.5800018310547,185.77000427246094,186.55999755859375,187.4600067138672,12508100.0,0.0,-0.015647950479605433,-0.0,1.0,0.0
2023-05-08,188.6699981689453,187.49000549316406,187.82000732421875,187.69000244140625,6075400.0,0.0,0.0012269055761324754,0.0,1.0,0.0
2023-05-09,189.3300018310547,188.07000732421875,188.1199951171875,189.02000427246094,7098800.0,0.0,0.007086162362163639,0.0,1.0,0.0
2023-05-10,189.63999938964844,187.82000732421875,188.97999572753906,188.75,9392100.0,0.0,-0.001428442843921074,-0.0,1.0,0.0
2023-05-11,188.80999755859375,186.86000061035156,188.44000244140625,187.1300048828125,8245500.0,0.0,-0.008582755587748347,-0.0,1.0,0.0
2023-05-12,187.9199981689453,186.5800018310547,187.42999267578125,186.80999755859375,7087500.0,0.0,-0.0017100802429794726,-0.0,1.0,0.0
2023-05-15,187.8800048828125,187.02999877929688,187.3000030517578,187.2100067138672,5518100.0,0.0,0.0021412620336231925,0.0,1.0,0.0
2023-05-16,186.82000732421875,184.4600067138672,186.5800018310547,184.8699951171875,9519500.0,0.0,-0.0124993937971285,-0.0,1.0,0.0
2023-05-17,184.4499969482422,183.47999572753906,184.30999755859375,184.22999572753906,7474300.0,0.0,-0.0034618889303412725,-0.0,1.0,0.0
2023-05-18,182.27999877929688,181.33999633789062,182.10000610351562,181.83999633789062,8812600.0,0.0,-0.012972911279784505,-0.0,1.0,0.0
2023-05-19,184.33999633789062,181.80999755859375,182.25,183.63999938964844,8435000.0,0.0,0.0098988291245512,0.0,1.0,0.0
2023-05-22,183.83999633789062,182.91000366210938,183.22000122070312,183.2100067138672,4834300.0,0.0,-0.002341497915543389,-0.0,1.0,0.0
2023-05-23,183.75999450683594,182.47999572753906,182.77999877929688,183.42999267578125,6345000.0,0.0,0.001200731149241463,0.0,1.0,0.0
2023-05-24,183.5399932861328,181.77000427246094,183.5399932861328,181.9499969482422,6732900.0,0.0,-0.008068450017086337,-0.0,1.0,0.0
2023-05-25,181.30999755859375,180.10000610351562,181.17999267578125,180.1999969482422,6919200.0,0.0,-0.009618027091793824,-0.0,1.0,0.0
2023-05-26,181.3000030517578,180.08999633789062,181.00999450683594,180.9199981689453,5823700.0,0.0,0.003995567330169925,0.0,1.0,0.0
2023-05-30,182.39999389648438,181.1699981689453,181.72000122070312,182.0399932861328,4906100.0,0.0,0.006190554546333882,0.0,1.0,0.0
2023-05-31,183.4499969482422,182.10000610351562,182.38999938964844,182.32000732421875,8497900.0,0.0,0.0015382006614657051,0.0,1.0,0.0
2023-06-01,184.2100067138672,182.72000122070312,182.80999755859375,183.75999450683594,7300500.0,0.0,0.00789813034647624,0.0,1.0,0.0
2023-06-02,183.55999755859375,180.9600067138672,183.52999877929688,181.0500030517578,8726100.0,0.0,-0.014747450675273721,-0.0,1.0,0.0
2023-06-05,182.44000244140625,180.60000610351562,180.7899932861328,182.13999938964844,5748800.0,0.0,0.006020416015011243,0.0,1.0,0.0
2023-06-06,182.64999389648438,181.52000427246094,182.36000061035156,182.33999633789062,4967200.0,0.0,0.0010980396887689814,0.0,1.0,0.0
2023-06-07,183.0,180.14999389648438,181.94000244140625,180.14999389648438,9066500.0,0.0,-0.012010543410059138,-0.0,1.0,0.0
2023-06-08,183.0399932861328,181.9600067138672,182.0,182.52999877929688,6394100.0,0.0,0.013211240429905624,0.0,1.0,0.0
2023-06-09,182.7899932861328,181.72000122070312,182.36000061035156,182.0399932861328,4379200.0,0.0,-0.0026845203333208945,-0.0,1.0,0.0
2023-06-12,181.94000244140625,181.0399932861328,181.8000030517578,181.8800048828125,4873600.0,0.0,-0.0008788640365902101,-0.0,1.0,0.0
2023-06-13,182.42999267578125,180.1699981689453,182.10000610351562,180.5399932861328,5126700.0,0.0,-0.007367558613950331,-0.0,1.0,0.0
2023-06-14,181.9600067138672,180.13999938964844,181.69000244140625,180.63999938964844,6807000.0,0.0,0.0005539277015322863,0.0,1.0,0.0
2023-06-15,182.0500030517578,180.17999267578125,180.27999877929688,181.91000366210938,6739000.0,0.0,0.007030581691497284,0.0,1.0,0.0
2023-06-16,182.6199951171875,181.41000366210938,181.92999267578125,181.6300048828125,8779100.0,0.0,-0.0015392159510752013,-0.0,1.0,0.0
2023-06-20,180.08999633789062,179.22000122070312,180.05999755859375,179.75,7584200.0,0.0,-0.010350739592973501,-0.0,1.0,0.0
2023-06-21,179.9499969482422,178.19000244140625,179.14999389648438,179.49000549316406,6702300.0,0.0,-0.0014464228474878604,-0.0,1.0,0.0
2023-06-22,178.99000549316406,177.6300048828125,178.36000061035156,177.7100067138672,7945000.0,0.0,-0.009916979914319946,-0.0,1.0,0.0
2023-06-23,179.9499969482422,178.08999633789062,179.60000610351562,178.1999969482422,5419800.0,0.0,0.0027572461643308177,0.0,1.0,0.0
2023-06-26,179.0800018310547,178.4199981689453,179.0500030517578,178.50999450683594,3222100.0,0.0,0.0017396047357047806,0.0,1.0,0.0
2023-06-27,179.2899932861328,177.42999267578125,179.07000732421875,177.69000244140625,5036900.0,0.0,-0.004593535884055422,-0.0,1.0,0.0
2023-06-28,177.69000244140625,176.6999969482422,177.22999572753906,177.27999877929688,5866700.0,0.0,-0.002307409851291853,-0.0,1.0,0.0
2023-06-29,177.6300048828125,175.7899932861328,175.8300018310547,177.08999633789062,6862500.0,0.0,-0.001071764681377263,-0.0,1.0,0.0
2023-06-30,178.52999877929688,177.32000732421875,177.69000244140625,178.27000427246094,6420900.0,0.0,0.006663323502016594,0.0,1.0,0.0
2023-07-03,179.33999633789062,178.4600067138672,178.61000061035156,178.47000122070312,4085700.0,0.0,0.0011218766110339118,0.0,1.0,0.0
2023-07-05,179.4199981689453,177.8300018310547,179.41000366210938,177.83999633789062,5650600.0,0.0,-0.00353003237800964,-0.0,1.0,0.0
2023-07-06,177.8000030517578,176.66000366210938,177.50999450683594,177.30999755859375,5133000.0,0.0,-0.002980200124891419,-0.0,1.0,0.0
2023-07-07,179.64999389648438,178.35000610351562,178.3800048828125,178.63999938964844,5201100.0,0.0,0.007500997402107412,0.0,1.0,0.0
2023-07-10,178.9199981689453,178.25999450683594,178.3699951171875,178.77999877929688,3320500.0,0.0,0.0007836956455820054,0.0,1.0,0.0
2023-07-11,179.7100067138672,179.1300048828125,179.42999267578125,179.4499969482422,2818800.0,0.0,0.0037476125602418087,0.0,1.0,0.0
2023-07-12,181.9499969482422,181.10000610351562,181.17999267578125,181.8800048828125,7062000.0,0.0,0.013541420874312982,0.0,1.0,0.0
2023-07-13,182.14999389648438,181.49000549316406,181.9600067138672,182.00999450683594,4527900.0,0.0,0.0007146999149643118,0.0,1.0,0.0
2023-07-14,182.1699981689453,181.11000061035156,181.58999633789062,181.42999267578125,5390000.0,0.0,-0.0031866482531699436,-0.0,1.0,0.0
2023-07-17,181.6300048828125,180.63999938964844,180.99000549316406,181.55999755859375,4152400.0,0.0,0.0007165567329587841,0.0,1.0,0.0
2023-07-18,184.22999572753906,182.32000732421875,182.7899932861328,183.63999938964844,8238000.0,0.0,0.011456278139590825,0.0,1.0,0.0
2023-07-19,183.83999633789062,182.8699951171875,183.4499969482422,183.6699981689453,3911600.0,0.0,0.00016335645500209495,0.0,1.0,0.0
2023-07-20,183.77000427246094,182.47000122070312,183.72999572753906,182.74000549316406,4972900.0,0.0,-0.005063389149303599,-0.0,1.0,0.0
2023-07-21,182.4600067138672,181.67999267578125,182.05999755859375,182.17999267578125,3845400.0,0.0,-0.0030645332195952113,-0.0,1.0,0.0
2023-07-24,182.5399932861328,181.33999633789062,182.22000122070312,181.39999389648438,4370000.0,0.0,-0.00428147332668416,-0.0,1.0,0.0
2023-07-25,182.47000122070312,181.10000610351562,181.72000122070312,182.41000366210938,4090100.0,0.0,0.005567859975791123,0.0,1.0,0.0
2023-07-26,183.63999938964844,182.30999755859375,182.66000366210938,183.3000030517578,6158400.0,0.0,0.0048791150253855164,0.0,1.0,0.0
2023-07-27,181.63999938964844,180.32000732421875,181.63999938964844,180.4199981689453,7592800.0,0.0,-0.01571197400361901,-0.0,1.0,0.0
2023-07-28,182.27000427246094,181.25,181.47999572753906,181.86000061035156,3828800.0,0.0,0.007981390400291666,0.0,1.0,0.0
2023-07-31,183.08999633789062,182.30999755859375,182.42999267578125,182.35000610351562,5494800.0,0.0,0.0026944104889450315,0.0,1.0,0.0
2023-08-01,181.3800048828125,180.19000244140625,180.85000610351562,180.4600067138672,6239700.0,0.0,-0.010364679607279714,-0.0,1.0,0.0
2023-08-02,180.7899932861328,179.41000366210938,180.57000732421875,179.60000610351562,6339700.0,0.0,-0.004765602229612864,-0.0,1.0,0.0
2023-08-03,179.9499969482422,179.27999877929688,179.44000244140625,179.5399932861328,4636300.0,0.0,-0.0003341470787491252,-0.0,1.0,0.0
2023-08-04,180.77000427246094,179.85000610351562,180.25,180.19000244140625,5326200.0,0.0,0.003620414278603157,0.0,1.0,0.0
2023-08-07,180.14999389648438,179.27000427246094,180.14999389648438,179.77999877929688,4510400.0,1.0,-0.0022753962847783527,-0.0,1.0,0.0
2023-08-08,179.3300018310547,178.4600067138672,178.63999938964844,178.63999938964844,6162900.0,1.0,-0.006341080194621318,-0.006341080194621318,0.9936589198053787,-0.006341080194621318
2023-08-09,178.9199981689453,177.77999877929688,178.67999267578125,177.7899932861328,4644000.0,1.0,-0.00475820704444585,-0.00475820704444585,0.9889308849333843,-0.011069115066615676
2023-08-10,178.6999969482422,177.5399932861328,178.22000122070312,177.60000610351562,5934600.0,0.0,-0.0010686044760203073,-0.0010686044760203073,0.9878741089632698,-0.01212589103673023
2023-08-11,178.36000061035156,177.49000549316406,177.6999969482422,177.60000610351562,5289700.0,0.0,0.0,0.0,0.9878741089632698,-0.01212589103673023
2023-08-14,177.5800018310547,176.5800018310547,176.86000061035156,177.05999755859375,9554500.0,1.0,-0.003040588549344525,-0.0,0.9878741089632698,-0.01212589103673023
2023-08-15,177.42999267578125,176.3300018310547,176.75,176.58999633789062,7582700.0,1.0,-0.002654474343068869,-0.002654474343068869,0.9852518224868447,-0.01474817751315527
2023-08-16,176.9499969482422,175.55999755859375,176.6199951171875,175.57000732421875,6559400.0,0.0,-0.005776029417432049,-0.005776029417432049,0.9795609789765822,-0.02043902102341777
2023-08-17,176.55999755859375,174.92999267578125,176.52999877929688,175.3000030517578,7937700.0,1.0,-0.0015378724223797935,-0.0,0.9795609789765822,-0.02043902102341777
2023-08-18,176.05999755859375,175.10000610351562,175.8300018310547,175.3300018310547,6253000.0,0.0,0.00017112823031739666,0.00017112823031739666,0.9797286095134025,-0.02027139048659754
2023-08-21,175.94000244140625,174.9600067138672,175.89999389648438,175.80999755859375,4206400.0,0.0,0.002737670236275802,0.0,0.9797286095134025,-0.02027139048659754
2023-08-22,176.25,175.30999755859375,175.8300018310547,176.10000610351562,5892200.0,0.0,0.0016495566176504273,0.0,0.9797286095134025,-0.02027139048659754
2023-08-23,178.22000122070312,177.07000732421875,177.32000732421875,177.88999938964844,7949100.0,0.0,0.01016464068195777,0.0,0.9797286095134025,-0.02027139048659754
2023-08-24,178.49000549316406,177.41000366210938,177.66000366210938,177.85000610351562,5526400.0,0.0,-0.00022482031744353037,-0.0,0.9797286095134025,-0.02027139048659754
2023-08-25,178.3800048828125,176.6300048828125,177.5800018310547,177.6199951171875,6132800.0,0.0,-0.0012932863561120334,-0.0,0.9797286095134025,-0.02027139048659754
2023-08-28,178.72999572753906,177.50999450683594,177.64999389648438,178.1300048828125,4740700.0,0.0,0.0028713533365909427,0.0,0.9797286095134025,-0.02027139048659754
2023-08-29,179.8800048828125,177.89999389648438,178.02999877929688,179.8699951171875,7576600.0,0.0,0.009768091768254772,0.0,0.9797286095134025,-0.02027139048659754
2023-08-30,180.8800048828125,180.2899932861328,180.5800018310547,180.32000732421875,6593700.0,0.0,0.0025018747942815445,0.0,0.9797286095134025,-0.02027139048659754
2023-08-31,180.49000549316406,179.94000244140625,180.3699951171875,180.02000427246094,4795600.0,0.0,-0.0016637258183913595,-0.0,0.9797286095134025,-0.02027139048659754
2023-09-01,181.1199951171875,179.50999450683594,180.8000030517578,180.11000061035156,4970700.0,0.0,0.0004999240959600026,0.0,0.9797286095134025,-0.02027139048659754
2023-09-05,179.44000244140625,178.63999938964844,179.3300018310547,178.63999938964844,7056800.0,0.0,-0.008161685723844458,-0.0,0.9797286095134025,-0.02027139048659754
2023-09-06,179.00999450683594,177.6999969482422,178.3300018310547,177.8300018310547,6427200.0,0.0,-0.004534245193468567,-0.0,0.9797286095134025,-0.02027139048659754
2023-09-07,178.3699951171875,177.89999389648438,178.30999755859375,178.02000427246094,3257200.0,0.0,0.0010684498647577367,0.0,0.9797286095134025,-0.02027139048659754
2023-09-08,179.0500030517578,177.89999389648438,178.36000061035156,178.0800018310547,3292700.0,0.0,0.0003370270596214642,0.0,0.9797286095134025,-0.02027139048659754
2023-09-11,179.07000732421875,178.25999450683594,178.97000122070312,178.41000366210938,3689100.0,0.0,0.001853109993606994,0.0,0.9797286095134025,-0.02027139048659754
2023-09-12,177.6999969482422,177.0500030517578,177.11000061035156,177.49000549316406,4445400.0,0.0,-0.005156651253074851,-0.0,0.9797286095134025,-0.02027139048659754
2023-09-13,177.75,177.0399932861328,177.52999877929688,177.0800018310547,3874800.0,0.0,-0.0023100098564432514,-0.0,0.9797286095134025,-0.02027139048659754
2023-09-14,177.38999938964844,176.36000061035156,176.5,177.1699981689453,6184400.0,0.0,0.0005082241752882855,0.0,0.9797286095134025,-0.02027139048659754
2023-09-15,179.11000061035156,178.33999633789062,178.5500030517578,178.33999633789062,5620900.0,0.0,0.006603816566220333,0.0,0.9797286095134025,-0.02027139048659754
2023-09-18,179.41000366210938,178.3800048828125,178.82000732421875,179.38999938964844,5049300.0,0.0,0.005887647601878543,0.0,0.9797286095134025,-0.02027139048659754
2023-09-19,179.64999389648438,179.02999877929688,179.5399932861328,179.22000122070312,4224700.0,0.0,-0.0009476457412548323,-0.0,0.9797286095134025,-0.02027139048659754
2023-09-20,180.66000366210938,179.32000732421875,179.33999633789062,179.35000610351562,9328000.0,0.0,0.0007253927124595272,0.0,0.9797286095134025,-0.02027139048659754
2023-09-21,178.49000549316406,177.69000244140625,177.86000061035156,178.0500030517578,7571900.0,0.0,-0.007248413758109917,-0.0,0.9797286095134025,-0.02027139048659754
2023-09-22,178.9499969482422,178.50999450683594,178.64999389648438,178.6199951171875,3634800.0,0.0,0.0032013033173832195,0.0,0.9797286095134025,-0.02027139048659754
2023-09-25,178.7100067138672,177.63999938964844,178.41000366210938,177.6999969482422,5582100.0,0.0,-0.005150588926742139,-0.0,0.9797286095134025,-0.02027139048659754
2023-09-26,177.13999938964844,176.16000366210938,176.8300018310547,176.27999877929688,7181100.0,0.0,-0.007990985893820302,-0.0,0.9797286095134025,-0.02027139048659754
2023-09-27,175.32000732421875,173.6999969482422,175.27000427246094,174.10000610351562,10919600.0,1.0,-0.012366647894697436,-0.0,0.9797286095134025,-0.02027139048659754
2023-09-28,174.13999938964844,172.32000732421875,173.91000366210938,173.22999572753906,10061900.0,1.0,-0.004997187509914736,-0.004997187509914736,0.974832721942836,-0.02516727805716401
2023-09-29,174.02999877929688,171.27000427246094,173.9199981689453,171.4499969482422,10427400.0,1.0,-0.01027534966921384,-0.01027534966921384,0.9648159748558819,-0.035184025144118114
2023-10-02,170.4600067138672,169.5,170.22999572753906,169.64999389648438,12706000.0,1.0,-0.010498705650611395,-0.010498705650611395,0.9546866559288623,-0.04531334407113774
2023-10-03,170.0800018310547,168.75,169.13999938964844,169.16000366210938,11459800.0,1.0,-0.0028882419805683623,-0.0028882419805683623,0.9519292898509201,-0.04807071014907993
2023-10-04,169.41000366210938,168.5,169.2100067138672,169.13999938964844,10034600.0,1.0,-0.00011825651470720455,-0.00011825651470720455,0.9518167180108545,-0.048183281989145454
2023-10-05,169.0,168.3000030517578,168.74000549316406,168.8300018310547,6970200.0,1.0,-0.0018327868021307259,-0.0018327868021307259,0.9500722408920369,-0.0499277591079631
2023-10-06,170.22999572753906,168.5,169.1699981689453,169.6999969482422,9948400.0,1.0,0.005153083621109555,0.005153083621109555,0.9549680425954485,-0.04503195740455146
2023-10-09,172.86000061035156,171.0800018310547,171.17999267578125,172.82000732421875,10201500.0,1.0,0.01838544744893622,0.01838544744893622,0.9725255573580006,-0.027474442641999386
2023-10-10,172.8000030517578,171.89999389648438,172.0800018310547,172.52999877929688,5844000.0,1.0,-0.0016780958953311886,-0.0016780958953311886,0.9708935662120934,-0.02910643378790656
2023-10-11,174.1300048828125,173.25999450683594,173.60000610351562,173.7899932861328,7128000.0,1.0,0.007303045938392039,0.007303045938392039,0.9779840465274297,-0.02201595347257035
2023-10-12,174.22999572753906,173.24000549316406,174.05999755859375,173.25999450683594,5912700.0,1.0,-0.0030496507265770356,-0.0030496507265770356,0.9750015367693565,-0.024998463230643475
2023-10-13,179.10000610351562,176.72000122070312,176.88999938964844,178.8300018310547,18796500.0,1.0,0.03214825984540237,0.03214825984540237,1.0063461395230844,0.0
2023-10-16,178.3300018310547,177.5399932861328,177.83999633789062,177.9600067138672,8385400.0,1.0,-0.004864928190345896,-0.004864928190345896,1.0014503378196729,-0.004864928190345785
2023-10-17,179.1300048828125,177.97999572753906,178.3699951171875,178.2899932861328,8231900.0,1.0,0.001854273768354009,0.001854273768354009,1.003307300911401,-0.0030196753307201174
2023-10-18,182.02000427246094,179.75,180.88999938964844,180.8699951171875,13920800.0,1.0,0.014470816805260078,0.014470816805260078,1.01782597706227,0.0
2023-10-19,183.42999267578125,180.82000732421875,181.0399932861328,183.08999633789062,13406600.0,1.0,0.012274016037125302,0.012274016037125302,1.030318789427735,0.0
2023-10-20,185.22999572753906,183.08999633789062,183.42999267578125,183.58999633789062,12785700.0,1.0,0.0027308974274993236,0.0027308974274993236,1.0331324843592875,0.0
2023-10-23,183.55999755859375,182.7100067138672,183.50999450683594,182.97000122070312,9479800.0,1.0,-0.0033770637265356784,-0.0033770637265356784,1.029643530121652,-0.0033770637265357895
2023-10-24,183.39999389648438,181.67999267578125,182.07000732421875,182.9499969482422,6594000.0,1.0,-0.0001093308866343401,-0.0001093308866343401,1.0295309582815866,-0.0034860253957985643
2023-10-25,184.3000030517578,182.0399932861328,183.4199981689453,183.72000122070312,10087000.0,1.0,0.004208823642007475,0.004208823642007475,1.0338640725189807,0.0
2023-10-26,184.49000549316406,182.8699951171875,183.39999389648438,184.00999450683594,7671400.0,1.0,0.0015784524505007003,0.0015784524505007003,1.0354959777977328,0.0
2023-10-27,186.36000061035156,183.47000122070312,183.75999450683594,186.14999389648438,14102800.0,1.0,0.011629799758343662,0.011629799758343662,1.0475385886700908,0.0
2023-10-30,185.6999969482422,184.72999572753906,185.5399932861328,185.10000610351562,8756400.0,1.0,-0.00564054701797434,-0.00564054701797434,1.0416298980075547,-0.00564054701797434
2023-10-31,186.2100067138672,183.5,185.0800018310547,184.08999633789062,10104600.0,1.0,-0.005456562573315948,-0.005456562573315948,1.0359461792908398,-0.01106633159353887
2023-11-01,185.0,182.6699981689453,183.91000366210938,183.50999450683594,9048600.0,1.0,-0.003150642851826202,-0.003150642851826202,1.0326822828661804,-0.014182108386834091
2023-11-02,184.27999877929688,183.5,184.1300048828125,184.1199951171875,7343700.0,1.0,0.0033240729584831374,0.0033240729584831374,1.0361149941173604,-0.010905177791333931
2023-11-03,185.47000122070312,184.35000610351562,184.47999572753906,184.7899932861328,8530400.0,1.0,0.003638921283475316,0.003638921283475316,1.039885335021582,-0.00730593959142356
2023-11-06,184.22999572753906,183.33999633789062,184.13999938964844,183.35000610351562,8274700.0,1.0,-0.007792560392528847,-0.007792560392528847,1.0317819657471212,-0.015041568008462014
2023-11-07,182.64999389648438,181.75,182.25,182.58999633789062,6795800.0,1.0,-0.0041451308444239165,-0.0041451308444239165,1.0275050944961825,-0.01912434958538556
2023-11-08,182.07000732421875,180.57000732421875,182.00999450683594,180.77000427246094,6738300.0,1.0,-0.00996764391222027,-0.00996764391222027,1.0172632895962523,-0.028901368790885895
2023-11-09,182.27999877929688,180.88999938964844,180.97999572753906,181.49000549316406,6486300.0,1.0,0.003982968433291267,0.003982968433291267,1.0213150171670602,-0.025033513597167656
2023-11-10,180.58999633789062,179.25,180.50999450683594,179.50999450683594,7606600.0,1.0,-0.010909752197912126,-0.010909752197912126,1.0101727234137612,-0.03567015636509163
2023-11-13,180.72999572753906,179.11000061035156,179.39999389648438,180.50999450683594,5385900.0,1.0,0.005570720464602941,0.005570720464602941,1.015800113276866,-0.030298144370527358
2023-11-14,182.75,181.6199951171875,181.6999969482422,182.1199951171875,6831600.0,1.0,0.008919177105678688,0.008919177105678688,1.0248602143911507,-0.021649201780462812
2023-11-15,182.17999267578125,181.30999755859375,182.02999877929688,181.63999938964844,4909400.0,1.0,-0.002635601473798599,-0.002635601473798599,1.0221590912996639,-0.024227744586142297
2023-11-16,184.32000732421875,182.8000030517578,182.85000610351562,183.69000244140625,8253300.0,1.0,0.011286077178189302,0.011286077178189302,1.0336952576924596,-0.013215103603205658
2023-11-17,184.1300048828125,183.4499969482422,183.9600067138672,183.6699981689453,4871100.0,0.0,-0.00010890234740634774,-0.00010890234740634774,1.0335826858523942,-0.013322566794808366
2023-11-20,183.47999572753906,182.22999572753906,182.32000732421875,183.3699951171875,5389300.0,1.0,-0.0016333808174913145,-0.0,1.0335826858523942,-0.013322566794808366
2023-11-21,186.1199951171875,185.07000732421875,185.57000732421875,185.35000610351562,7322400.0,0.0,0.01079790063288577,0.01079790063288577,1.0447432089900996,-0.0026685219143478545
2023-11-22,185.72000122070312,184.27000427246094,185.47000122070312,184.55999755859375,4337700.0,1.0,-0.004262252597287075,-0.0,1.0447432089900996,-0.0026685219143478545
2023-11-24,185.75,185.16000366210938,185.47000122070312,185.52000427246094,2445100.0,1.0,0.005201596914642392,0.005201596914642392,1.050177542042576,0.0
2023-11-27,186.8000030517578,185.92999267578125,186.55999755859375,186.77000427246094,6320400.0,0.0,0.006737817869841178,0.006737817869841178,1.0572534470518564,0.0
2023-11-28,189.39999389648438,187.52000427246094,187.89999389648438,189.25999450683594,10901900.0,1.0,0.013331852960406732,0.0,1.0572534470518564,0.0
2023-11-29,189.99000549316406,189.02000427246094,189.16000366210938,189.5399932861328,8407300.0,0.0,0.0014794398574642376,0.0014794398574642376,1.0588175899408665,0.0
2023-11-30,189.24000549316406,188.27999877929688,188.88999938964844,188.75,7558100.0,0.0,-0.004167950375202456,-0.0,1.0588175899408665,0.0
2023-12-01,192.39999389648438,188.69000244140625,188.80999755859375,192.00999450683594,16727600.0,0.0,0.017271494075951965,0.0,1.0588175899408665,0.0
2023-12-04,190.3800048828125,187.25999450683594,189.60000610351562,187.86000061035156,18460500.0,0.0,-0.02161342646325959,-0.0,1.0588175899408665,0.0
2023-12-05,187.8800048828125,186.3000030517578,187.5500030517578,187.14999389648438,7027700.0,1.0,-0.0037794459254785195,-0.0,1.0588175899408665,0.0
2023-12-06,188.4600067138672,187.5,188.32000732421875,187.83999633789062,5778600.0,0.0,0.0036868953454944897,0.0036868953454944897,1.062721339584947,0.0
2023-12-07,188.58999633789062,187.25999450683594,188.4499969482422,188.14999389648438,5802000.0,0.0,0.0016503277504122948,0.0,1.062721339584947,0.0
2023-12-08,186.77999877929688,184.89999389648438,185.92999267578125,185.63999938964844,7883200.0,1.0,-0.01334039111485108,-0.0,1.062721339584947,0.0
2023-12-11,184.52999877929688,183.14999389648438,184.5,183.58999633789062,8519500.0,1.0,-0.011042895165362276,-0.011042895165362276,1.0509858192419173,-0.011042895165362165
2023-12-12,183.97999572753906,183.25999450683594,183.83999633789062,183.49000549316406,5056900.0,0.0,-0.0005446421195114404,-0.0005446421195114404,1.050413408097749,-0.011581522859045124
2023-12-13,187.66000366210938,183.3800048828125,183.82000732421875,187.6300048828125,10635500.0,0.0,0.022562533466176538,0.0,1.050413408097749,-0.011581522859045124
2023-12-14,189.82000732421875,188.0800018310547,188.86000061035156,188.72999572753906,9107200.0,0.0,0.005862552982469849,0.0,1.050413408097749,-0.011581522859045124
2023-12-15,188.9600067138672,186.82000732421875,188.52000427246094,187.0,8324800.0,1.0,-0.009166511771857233,-0.0,1.050413408097749,-0.011581522859045124
2023-12-18,188.49000549316406,187.24000549316406,187.5,187.85000610351562,5358000.0,0.0,0.004545487184575592,0.004545487184575592,1.0551880487827636,-0.00708867933820323
2023-12-19,189.72000122070312,188.1300048828125,188.22999572753906,189.1300048828125,6025600.0,0.0,0.00681394057869511,0.0,1.0551880487827636,-0.00708867933820323
2023-12-20,188.9600067138672,188.08999633789062,188.69000244140625,188.10000610351562,6002400.0,0.0,-0.005445982936102989,-0.0,1.0551880487827636,-0.00708867933820323
2023-12-21,189.6199951171875,188.75,189.2100067138672,189.42999267578125,4620000.0,0.0,0.007070635455129759,0.0,1.0551880487827636,-0.00708867933820323
2023-12-22,191.8800048828125,190.07000732421875,191.60000610351562,190.27000427246094,7176300.0,0.0,0.004434417088942322,0.0,1.0551880487827636,-0.00708867933820323
2023-12-26,191.74000549316406,190.39999389648438,190.97000122070312,191.72000122070312,4502700.0,0.0,0.007620733251079592,0.0,1.0551880487827636,-0.00708867933820323
2023-12-27,193.17999267578125,191.5399932861328,191.77000427246094,192.58999633789062,5813300.0,0.0,0.004537842226414179,0.0,1.0551880487827636,-0.00708867933820323
2023-12-28,192.88999938964844,191.44000244140625,192.33999633789062,191.47000122070312,6171500.0,1.0,-0.005815437657636813,-0.0,1.0551880487827636,-0.00708867933820323
2023-12-29,191.63999938964844,190.74000549316406,190.99000549316406,191.1699981689453,4612300.0,1.0,-0.001566841018672216,-0.001566841018672216,1.0535347368655181,-0.008644413523320127
2024-01-02,191.88999938964844,190.5,191.44000244140625,190.72000122070312,6025600.0,1.0,-0.002353909884146743,-0.002353909884146743,1.0510548110351186,-0.010977975237031479
2024-01-03,189.86000061035156,188.16000366210938,188.77000427246094,189.1300048828125,8661600.0,1.0,-0.008336809604204354,-0.008336809604204354,1.0422923671919357,-0.019223263551845116
2024-01-04,189.75,188.69000244140625,189.0800018310547,189.32000732421875,4416700.0,1.0,0.0010046128932528209,0.0010046128932528209,1.0433394675425558,-0.01823796259700683
2024-01-05,191.25999450683594,189.0800018310547,189.67999267578125,189.35000610351562,7481900.0,1.0,0.00015845540955172766,0.00015845540955172766,1.0435047903251868,-0.018082397091287672
2024-01-08,188.74000549316406,187.11000061035156,187.2100067138672,187.8699951171875,6215000.0,1.0,-0.007816271130823282,-0.007816271130823282,1.0353484739576924,-0.02575733130375024
2024-01-09,188.77999877929688,187.72999572753906,188.67999267578125,187.92999267578125,4437300.0,1.0,0.0003193567900841021,0.0003193567900841021,1.035679119522954,-0.02544620029231237
2024-01-10,188.44000244140625,187.2100067138672,188.13999938964844,187.5,4504700.0,1.0,-0.00228804710551489,-0.00228804710551489,1.0333094369112872,-0.02767602529290214
2024-01-11,188.5500030517578,186.55999755859375,188.02000427246094,187.8699951171875,6831100.0,1.0,0.0019733072916665595,0.0019733072916665595,1.0353484739576921,-0.025757331303750464
2024-01-12,191.0800018310547,189.16000366210938,190.6699981689453,189.7100067138672,6833700.0,1.0,0.009794068475553752,0.009794068475553752,1.045488747807694,-0.016215531894733015
2024-01-16,189.25999450683594,187.5399932861328,189.14999389648438,187.91000366210938,6548100.0,1.0,-0.009488181898979597,-0.009488181898979597,1.0355689603951581,-0.025549857877506743
2024-01-17,187.4199981689453,185.4499969482422,187.30999755859375,185.83999633789062,8643200.0,1.0,-0.01101595063528893,-0.01101595063528893,1.0241611838480076,-0.03628435253967843
2024-01-18,187.39999389648438,186.3000030517578,186.36000061035156,187.3699951171875,4685200.0,0.0,0.008232882099906247,0.008232882099906247,1.0325929821259285,-0.02835019523630289
2024-01-19,188.3000030517578,187.44000244140625,188.25999450683594,187.92999267578125,5719700.0,1.0,0.00298872590696031,0.0,1.0325929821259285,-0.02835019523630289
2024-01-22,187.75999450683594,186.85000610351562,187.22999572753906,187.22000122070312,4397500.0,1.0,-0.003777957126316789,-0.003777957126316789,1.028691890110521,-0.0320210465404942
2024-01-23,188.14999389648438,187.27999877929688,187.4499969482422,187.9499969482422,5040800.0,1.0,0.0038991332271092194,0.0038991332271092194,1.0327028968397087,-0.028246767639917958
2024-01-24,188.3699951171875,186.32000732421875,188.3300018310547,186.39999389648438,6085400.0,1.0,-0.008246890539639895,-0.008246890539639895,1.0241863090895027,-0.03626071017873278
2024-01-25,187.63999938964844,186.4600067138672,187.33999633789062,187.13999938964844,4651000.0,1.0,0.003969986681303217,0.003969986681303217,1.0282523150957612,-0.03243467803389366
2024-01-26,187.3800048828125,186.75999450683594,187.27000427246094,187.00999450683594,5064800.0,1.0,-0.0006946931881827156,-0.0006946931881827156,1.0275379952167312,-0.033106839072185146
2024-01-29,188.5399932861328,187.19000244140625,188.30999755859375,188.3300018310547,5629700.0,0.0,0.0070584854445867595,0.0070584854445867595,1.0347908571997284,-0.0262820377693056
2024-01-30,189.8300018310547,187.97999572753906,189.6999969482422,188.58999633789062,4976500.0,0.0,0.0013805262268788976,0.0,1.0347908571997284,-0.0262820377693056
2024-01-31,190.4600067138672,188.1300048828125,189.3699951171875,188.4499969482422,7886100.0,1.0,-0.0007423479101065222,-0.0,1.0347908571997284,-0.0262820377693056
2024-02-01,191.36000061035156,188.99000549316406,189.7100067138672,190.41000366210938,10278100.0,0.0,0.01040067256889099,0.01040067256889099,1.0455533780827448,-0.01615471606969643
2024-02-02,188.8699951171875,187.85000610351562,188.07000732421875,188.61000061035156,7337600.0,0.0,-0.009453300862028224,-0.0,1.0455533780827448,-0.01615471606969643
2024-02-05,187.82000732421875,186.6999969482422,186.8800048828125,187.57000732421875,5436100.0,1.0,-0.005513988032274764,-0.0,1.0455533780827448,-0.01615471606969643
2024-02-06,188.85000610351562,187.74000549316406,187.94000244140625,188.5500030517578,4866100.0,0.0,0.005224693124019186,0.005224693124019186,1.0510160736280088,-0.011014426379647113
2024-02-07,189.38999938964844,188.27999877929688,188.4499969482422,188.5,6276900.0,0.0,-0.0002651978305409086,-0.0,1.0510160736280088,-0.011014426379647113
2024-02-08,188.52999877929688,187.82000732421875,187.91000366210938,188.3300018310547,3873300.0,0.0,-0.0009018470501077624,-0.0,1.0510160736280088,-0.011014426379647113
2024-02-09,187.77000427246094,187.13999938964844,187.55999755859375,187.60000610351562,4412600.0,1.0,-0.003876152075832917,-0.0,1.0510160736280088,-0.011014426379647113
2024-02-12,187.27000427246094,186.36000061035156,186.60000610351562,187.11000061035156,4706300.0,1.0,-0.0026119694947860372,-0.0026119694947860372,1.0482708517051627,-0.01359762652872687
2024-02-13,185.3800048828125,184.3300018310547,185.35000610351562,184.52999877929688,9525800.0,1.0,-0.013788690196348319,-0.013788690196348319,1.033816569689138,-0.027198823265464966
2024-02-14,184.8800048828125,183.77999877929688,184.27000427246094,184.4199981689453,7031600.0,1.0,-0.0005961123453055439,-0.0005961123453055439,1.0332002988691649,-0.02777872205644416
2024-02-15,186.02000427246094,185.10000610351562,185.60000610351562,185.66000366210938,6228900.0,0.0,0.0067238125229136525,0.0067238125229136525,1.0401473439773794,-0.021241688452764196
2024-02-16,186.6699981689453,184.83999633789062,185.0800018310547,186.33999633789062,6518500.0,0.0,0.0036625695484677756,0.0,1.0401473439773794,-0.021241688452764196
2024-02-20,188.02999877929688,187.39999389648438,187.9600067138672,187.47000122070312,5531200.0,0.0,0.006064210073093879,0.0,1.0401473439773794,-0.021241688452764196
2024-02-21,188.0399932861328,187.10000610351562,187.8800048828125,187.47999572753906,5789200.0,0.0,5.331256612173263e-05,0.0,1.0401473439773794,-0.021241688452764196
2024-02-22,187.63999938964844,187.0500030517578,187.55999755859375,187.55999755859375,4550800.0,0.0,0.00042672195902415666,0.0,1.0401473439773794,-0.021241688452764196
2024-02-23,189.17999267578125,187.4600067138672,187.55999755859375,188.6199951171875,6827300.0,0.0,0.005651511902278639,0.0,1.0401473439773794,-0.021241688452764196
2024-02-26,188.36000061035156,187.52999877929688,187.7899932861328,188.1999969482422,4491900.0,0.0,-0.0022266895335479875,-0.0,1.0401473439773794,-0.021241688452764196
2024-02-27,188.72000122070312,187.8800048828125,188.5800018310547,188.0,5165400.0,0.0,-0.0010626830578386315,-0.0,1.0401473439773794,-0.021241688452764196
2024-02-28,188.52000427246094,188.02999877929688,188.33999633789062,188.33999633789062,2824100.0,0.0,0.00180849115899262,0.0,1.0401473439773794,-0.021241688452764196
2024-02-29,189.9199981689453,189.22999572753906,189.63999938964844,189.30999755859375,6848600.0,1.0,0.005150266749304189,0.0,1.0401473439773794,-0.021241688452764196
2024-03-01,193.39999389648438,189.44000244140625,190.27000427246094,192.88999938964844,13411000.0,0.0,0.018910791174389097,0.018910791174389097,1.059817353189931,-0.0027325944128967494
2024-03-04,196.3300018310547,193.8800048828125,194.14999389648438,196.00999450683594,12216300.0,0.0,0.016174996770490724,0.0,1.059817353189931,-0.0027325944128967494
2024-03-05,198.13999938964844,196.64999389648438,197.44000244140625,197.19000244140625,9672200.0,0.0,0.006020141664404566,0.0,1.059817353189931,-0.0027325944128967494
2024-03-06,199.3000030517578,197.44000244140625,198.0800018310547,198.80999755859375,10459300.0,0.0,0.008215401882095241,0.0,1.059817353189931,-0.0027325944128967494
2024-03-07,200.11000061035156,198.91000366210938,199.5399932861328,199.94000244140625,8403700.0,0.0,0.005683843351386164,0.0,1.059817353189931,-0.0027325944128967494
2024-03-08,203.3000030517578,200.4499969482422,200.88999938964844,201.6300048828125,13540100.0,0.0,0.008452547868211147,0.0,1.059817353189931,-0.0027325944128967494
2024-03-11,202.41000366210938,201.4600067138672,201.7100067138672,202.0,7329600.0,0.0,0.00183502012710135,0.0,1.059817353189931,-0.0027325944128967494
2024-03-12,200.6300048828125,199.16000366210938,200.4199981689453,199.7899932861328,9436600.0,0.0,-0.01094062729637224,-0.0,1.059817353189931,-0.0027325944128967494
2024-03-13,201.86000061035156,200.35000610351562,200.44000244140625,201.19000244140625,5930000.0,1.0,0.00700740378557585,0.0,1.059817353189931,-0.0027325944128967494
2024-03-14,200.47000122070312,199.33999633789062,200.3699951171875,200.35000610351562,6865000.0,1.0,-0.004175139558116325,-0.004175139558116325,1.0553924678342497,-0.006896325007983539
2024-03-15,200.6300048828125,199.57000732421875,199.94000244140625,199.7100067138672,4556700.0,1.0,-0.00319440663913817,-0.00319440663913817,1.0520211151281036,-0.01006870198073051
2024-03-18,200.14999389648438,199.50999450683594,199.66000366210938,200.02999877929688,7206800.0,0.0,0.0016022835845583838,0.0016022835845583838,1.0537067512914822,-0.00848255131207365
2024-03-19,199.80999755859375,198.94000244140625,199.6199951171875,199.8000030517578,4657500.0,1.0,-0.0011498061737871268,-0.0,1.0537067512914822,-0.00848255131207365
2024-03-20,202.66000366210938,199.1199951171875,199.16000366210938,202.17999267578125,9593800.0,1.0,0.011911859798154678,0.011911859798154678,1.0662583583812353,0.0
2024-03-21,203.9199981689453,200.60000610351562,203.8800048828125,201.97000122070312,7396500.0,0.0,-0.0010386361790747367,-0.0010386361790747367,1.0651509038739797,-0.0010386361790747367
2024-03-22,201.86000061035156,199.72000122070312,201.32000732421875,200.35000610351562,6918500.0,1.0,-0.00802096899240623,-0.0,1.0651509038739797,-0.0010386361790747367
2024-03-25,201.9499969482422,200.97000122070312,201.19000244140625,200.99000549316406,4034800.0,1.0,0.0031944066391380588,0.0031944066391380588,1.0685534289929985,0.0
2024-03-26,202.75999450683594,201.07000732421875,202.64999389648438,201.63999938964844,5752700.0,0.0,0.003233961285236564,0.003233961285236564,1.0720090894135688,0.0
2024-03-27,203.22000122070312,202.32000732421875,202.32000732421875,203.10000610351562,6041000.0,0.0,0.007240660177973313,0.0,1.0720090894135688,0.0
2024-03-28,206.0500030517578,203.8699951171875,204.5399932861328,205.72000122070312,9194500.0,0.0,0.012900024807739996,0.0,1.0720090894135688,0.0
2024-04-01,208.72999572753906,206.2899932861328,208.67999267578125,207.82000732421875,13677100.0,1.0,0.010208079384865787,0.0,1.0720090894135688,0.0
2024-04-02,211.02999877929688,208.36000061035156,209.07000732421875,210.88999938964844,13421100.0,1.0,0.014772360490971526,0.014772360490971526,1.0878451941319842,0.0
2024-04-03,212.8300018310547,210.3000030517578,210.57000732421875,212.74000549316406,11416200.0,0.0,0.008772374739768773,0.008772374739768773,1.0973881798337666,0.0
2024-04-04,213.4499969482422,211.02000427246094,212.0,211.52000427246094,12307300.0,0.0,-0.005734705223284009,-0.0,1.0973881798337666,0.0
2024-04-05,215.74000549316406,212.22000122070312,212.49000549316406,215.13999938964844,13382700.0,1.0,0.017114197447370305,0.0,1.0973881798337666,0.0
2024-04-08,216.80999755859375,214.61000061035156,215.97999572753906,216.47999572753906,10331400.0,0.0,0.00622848536623688,0.00622848536623688,1.1042232460529424,0.0
2024-04-09,218.86000061035156,216.4499969482422,217.80999755859375,217.6699981689453,13069900.0,0.0,0.005497054993034878,0.0,1.1042232460529424,0.0
2024-04-10,217.77999877929688,214.67999267578125,215.3699951171875,215.61000061035156,13317500.0,1.0,-0.009463856185613961,-0.0,1.1042232460529424,0.0
2024-04-11,219.83999633789062,215.88999938964844,216.85000610351562,219.8000030517578,11415200.0,0.0,0.019433247203493043,0.019433247203493043,1.1256818893613327,0.0
2024-04-12,225.08999633789062,216.02000427246094,221.8699951171875,216.88999938964844,30898800.0,1.0,-0.013239324939518515,-0.0,1.1256818893613327,0.0
2024-04-15,221.02999877929688,215.16000366210938,217.94000244140625,220.9499969482422,13239000.0,0.0,0.01871915519396472,0.01871915519396472,1.146753703347323,0.0
2024-04-16,221.99000549316406,218.77999877929688,220.17999267578125,221.22000122070312,10746100.0,0.0,0.0012220152803359419,0.0,1.146753703347323,0.0
2024-04-17,221.75999450683594,218.52000427246094,221.0500030517578,219.58999633789062,11521100.0,0.0,-0.007368252752093185,-0.0,1.146753703347323,0.0
2024-04-18,221.4600067138672,219.30999755859375,221.30999755859375,220.33999633789062,6496900.0,0.0,0.0034154561341945833,0.0,1.146753703347323,0.0
2024-04-19,222.36000061035156,220.0800018310547,220.49000549316406,221.02999877929688,8689000.0,0.0,0.003131535140574959,0.0,1.146753703347323,0.0
2024-04-22,216.9600067138672,215.13999938964844,216.35000610351562,215.57000732421875,13404300.0,1.0,-0.02470249054532203,-0.0,1.146753703347323,0.0
2024-04-23,215.86000061035156,213.8699951171875,213.9600067138672,215.0399932861328,10730300.0,1.0,-0.002458663172418052,-0.002458663172418052,1.143934222249069,-0.002458663172418052
2024-04-24,216.35000610351562,214.36000061035156,214.75999450683594,214.63999938964844,5741100.0,1.0,-0.0018600907225296837,-0.0018600907225296837,1.1418064008150792,-0.004314180558390834
2024-04-25,217.0500030517578,214.33999633789062,214.47000122070312,215.9199981689453,6606500.0,1.0,0.005963468053189924,0.005963468053189924,1.1486155268092677,0.0
2024-04-26,217.07000732421875,215.52999877929688,216.77000427246094,216.6199951171875,6268500.0,1.0,0.003241927353549112,0.003241927353549112,1.1523392549043419,0.0
2024-04-29,217.22000122070312,215.25,216.02000427246094,216.17999267578125,6409900.0,1.0,-0.002031218037689575,-0.002031218037689575,1.1499986026242424,-0.002031218037689575
2024-04-30,214.1300048828125,211.8000030517578,213.3800048828125,211.8699951171875,11248600.0,1.0,-0.019937078844561418,-0.019937078844561418,1.1270709898125875,-0.021927800328083058
2024-05-01,215.5,212.41000366210938,212.9600067138672,213.7899932861328,10373900.0,0.0,0.00906215232545482,0.00906215232545482,1.1372846788038702,-0.013064361069363595
2024-05-02,213.7100067138672,211.49000549316406,211.89999389648438,213.1300048828125,6287000.0,1.0,-0.0030870874411647042,-0.0,1.1372846788038702,-0.013064361069363595
2024-05-03,213.22999572753906,210.7100067138672,212.88999938964844,212.9600067138672,8679900.0,1.0,-0.0007976266365629092,-0.0007976266365629092,1.1363775502507014,-0.013851567223547745
2024-05-06,215.91000366210938,214.47000122070312,215.13999938964844,215.1999969482422,6840500.0,0.0,0.010518361024399514,0.010518361024399514,1.148330379584261,-0.0034789019839592816
2024-05-07,214.92999267578125,213.8800048828125,214.52000427246094,214.2100067138672,5660700.0,0.0,-0.004600326433150892,-0.0,1.148330379584261,-0.0034789019839592816
2024-05-08,214.8000030517578,213.5,213.6199951171875,213.5800018310547,4462700.0,0.0,-0.002941061869504713,-0.0,1.148330379584261,-0.0034789019839592816
2024-05-09,216.9499969482422,214.44000244140625,214.47999572753906,216.9499969482422,7732500.0,0.0,0.015778607960932778,0.0,1.148330379584261,-0.0034789019839592816
2024-05-10,219.60000610351562,218.0800018310547,219.22000122070312,218.7100067138672,8700900.0,0.0,0.008112513438038427,0.0,1.148330379584261,-0.0034789019839592816
2024-05-13,217.30999755859375,215.8000030517578,217.05999755859375,216.25999450683594,4896300.0,0.0,-0.011202103844459854,-0.0,1.148330379584261,-0.0034789019839592816
2024-05-14,218.3800048828125,216.97999572753906,217.30999755859375,218.08999633789062,4662700.0,0.0,0.008462045119477013,0.0,1.148330379584261,-0.0034789019839592816
2024-05-15,221.19000244140625,217.64999389648438,219.05999755859375,220.88999938964844,9297700.0,0.0,0.012838750510223873,0.0,1.148330379584261,-0.0034789019839592816
2024-05-16,220.58999633789062,219.41000366210938,220.13999938964844,220.02999877929688,4301700.0,0.0,-0.0038933433506626036,-0.0,1.148330379584261,-0.0034789019839592816
2024-05-17,223.85000610351562,221.6699981689453,222.17999267578125,223.66000366210938,10481900.0,0.0,0.0164977725898805,0.0,1.148330379584261,-0.0034789019839592816
2024-05-20,225.66000366210938,223.02000427246094,223.7899932861328,224.55999755859375,5990900.0,0.0,0.004023937591649318,0.0,1.148330379584261,-0.0034789019839592816
2024-05-21,225.2100067138672,223.6999969482422,224.77000427246094,224.22999572753906,4002600.0,0.0,-0.001469548604570936,-0.0,1.148330379584261,-0.0034789019839592816
2024-05-22,223.24000549316406,219.74000549316406,223.08999633789062,220.11000061035156,8903100.0,0.0,-0.01837396956557802,-0.0,1.148330379584261,-0.0034789019839592816
2024-05-23,219.22999572753906,215.66000366210938,218.77999877929688,215.72000122070312,9537900.0,1.0,-0.019944570339717638,-0.0,1.148330379584261,-0.0034789019839592816
2024-05-24,217.2100067138672,215.74000549316406,216.9600067138672,215.9199981689453,4212400.0,0.0,0.0009271136061119734,0.0009271136061119734,1.1493950123034853,-0.002555013715210941
2024-05-28,218.58999633789062,217.2100067138672,218.42999267578125,218.19000244140625,3809700.0,0.0,0.010513172896031486,0.0,1.1493950123034853,-0.002555013715210941
2024-05-29,217.16000366210938,216.1199951171875,216.9199981689453,216.16000366210938,4185000.0,0.0,-0.009303812074716977,-0.0,1.1493950123034853,-0.002555013715210941
2024-05-30,217.50999450683594,216.41000366210938,216.69000244140625,216.57000732421875,3068800.0,0.0,0.0018967600627461945,0.0,1.1493950123034853,-0.002555013715210941
2024-05-31,217.9600067138672,214.64999389648438,217.77000427246094,215.3000030517578,5617200.0,0.0,-0.00586417430627717,-0.0,1.1493950123034853,-0.002555013715210941
2024-06-03,217.82000732421875,215.5399932861328,215.9199981689453,217.22000122070312,6172600.0,0.0,0.008917780500373507,0.0,1.1493950123034853,-0.002555013715210941
2024-06-04,216.24000549316406,214.1999969482422,216.24000549316406,215.27000427246094,5509400.0,0.0,-0.008977059834655465,-0.0,1.1493950123034853,-0.002555013715210941
2024-06-05,218.0800018310547,215.92999267578125,216.69000244140625,217.82000732421875,5479200.0,0.0,0.011845603201319,0.0,1.1493950123034853,-0.002555013715210941
2024-06-06,219.97000122070312,218.10000610351562,218.36000061035156,219.42999267578125,5283900.0,0.0,0.007391356612921562,0.0,1.1493950123034853,-0.002555013715210941
2024-06-07,215.19000244140625,211.5399932861328,215.07000732421875,211.60000610351562,12195100.0,1.0,-0.03568330143379639,-0.0,1.1493950123034853,-0.002555013715210941
2024-06-10,214.02000427246094,212.75999450683594,213.1300048828125,213.5399932861328,4215300.0,0.0,0.009168181127878317,0.009168181127878317,1.1599328739637635,0.0
2024-06-11,214.3800048828125,213.24000549316406,213.9499969482422,214.14999389648438,4004100.0,0.0,0.0028566106093961263,0.0,1.1599328739637635,0.0
2024-06-12,216.5500030517578,214.1999969482422,216.47000122070312,214.72000122070312,5911900.0,0.0,0.0026617200115086614,0.0,1.1599328739637635,0.0
2024-06-13,214.9600067138672,212.25999450683594,214.44000244140625,212.97000122070312,5861100.0,0.0,-0.008150148984962247,-0.0,1.1599328739637635,0.0
2024-06-14,216.0399932861328,214.97999572753906,215.33999633789062,215.72999572753906,7076500.0,0.0,0.012959545903254766,0.0,1.1599328739637635,0.0
2024-06-17,215.24000549316406,213.60000610351562,214.89999389648438,214.61000061035156,3877700.0,0.0,-0.005191652247571676,-0.0,1.1599328739637635,0.0
2024-06-18,215.8300018310547,214.0399932861328,214.3800048828125,215.47000122070312,4921400.0,0.0,0.004007271832187298,0.0,1.1599328739637635,0.0
2024-06-20,218.74000549316406,216.14999389648438,216.32000732421875,218.16000366210938,7290500.0,0.0,0.012484347826456466,0.0,1.1599328739637635,0.0
2024-06-21,217.89999389648438,214.25999450683594,217.8300018310547,214.77999877929688,8865600.0,0.0,-0.015493238109986152,-0.0,1.1599328739637635,0.0
2024-06-24,215.94000244140625,215.1999969482422,215.5500030517578,215.6300048828125,4626900.0,0.0,0.003957566385821121,0.0,1.1599328739637635,0.0
2024-06-25,215.30999755859375,214.1199951171875,214.9600067138672,214.55999755859375,3820900.0,0.0,-0.004962237629221655,-0.0,1.1599328739637635,0.0
2024-06-26,213.11000061035156,212.1199951171875,212.38999938964844,212.5800018310547,4690300.0,0.0,-0.009228168111804491,-0.0,1.1599328739637635,0.0
2024-06-27,215.5,214.4499969482422,214.7100067138672,214.99000549316406,4977800.0,0.0,0.011336925587312363,0.0,1.1599328739637635,0.0
2024-06-28,215.80999755859375,214.82000732421875,215.63999938964844,215.00999450683594,3955100.0,0.0,9.297647872519299e-05,0.0,1.1599328739637635,0.0
2024-07-01,216.0,214.49000549316406,215.25,215.57000732421875,3797900.0,0.0,0.002604589701363791,0.0,1.1599328739637635,0.0
2024-07-02,216.0800018310547,214.6199951171875,215.3300018310547,215.55999755859375,4921700.0,0.0,-4.643394389247657e-05,-0.0,1.1599328739637635,0.0
2024-07-03,218.74000549316406,217.3300018310547,217.33999633789062,217.99000549316406,5055300.0,0.0,0.011273000380832565,0.0,1.1599328739637635,0.0
2024-07-05,221.27999877929688,219.5800018310547,219.5800018310547,220.92999267578125,5950600.0,0.0,0.013486798057397165,0.0,1.1599328739637635,0.0
2024-07-08,220.0399932861328,217.41000366210938,219.63999938964844,218.19000244140625,5790800.0,0.0,-0.012402074526820739,-0.0,1.1599328739637635,0.0
2024-07-09,219.2899932861328,217.27000427246094,218.57000732421875,218.55999755859375,3901500.0,0.0,0.0016957473442755777,0.0,1.1599328739637635,0.0
2024-07-10,220.7100067138672,219.16000366210938,220.13999938964844,219.36000061035156,5556200.0,0.0,0.0036603361122538036,0.0,1.1599328739637635,0.0
2024-07-11,224.14999389648438,221.47999572753906,222.64999389648438,223.25,9322000.0,0.0,0.017733403441032136,0.0,1.1599328739637635,0.0
2024-07-12,223.6199951171875,221.86000061035156,222.02999877929688,223.11000061035156,5179300.0,0.0,-0.0006270969301161999,-0.0,1.1599328739637635,0.0
2024-07-15,225.58999633789062,223.02000427246094,223.38999938964844,223.8300018310547,5719300.0,0.0,0.0032271131671974818,0.0,1.1599328739637635,0.0
2024-07-16,228.2899932861328,225.3000030517578,225.4499969482422,228.2899932861328,11070700.0,0.0,0.019925798233449088,0.0,1.1599328739637635,0.0
2024-07-17,229.64999389648438,226.6699981689453,228.7899932861328,227.22999572753906,8620500.0,0.0,-0.004643206403117217,-0.0,1.1599328739637635,0.0
2024-07-18,228.32000732421875,225.57000732421875,227.7100067138672,225.77999877929688,5485500.0,0.0,-0.006381186355259194,-0.0,1.1599328739637635,0.0
2024-07-19,222.67999267578125,221.41000366210938,221.52000427246094,221.72999572753906,8666000.0,0.0,-0.017937829186174925,-0.0,1.1599328739637635,0.0
2024-07-22,221.9199981689453,220.39999389648438,221.5800018310547,221.8000030517578,5334100.0,0.0,0.00031573231212611574,0.0,1.1599328739637635,0.0
2024-07-23,222.75,221.86000061035156,222.33999633789062,222.5800018310547,4435700.0,0.0,0.003516676143213937,0.0,1.1599328739637635,0.0
2024-07-24,224.8800048828125,221.74000549316406,223.47000122070312,221.8000030517578,6838800.0,0.0,-0.0035043524704835294,-0.0,1.1599328739637635,0.0
2024-07-25,219.25999450683594,217.52000427246094,219.02000427246094,218.3300018310547,9777100.0,1.0,-0.01564473026582147,-0.0,1.1599328739637635,0.0
2024-07-26,221.0399932861328,219.6999969482422,219.9600067138672,220.6300048828125,6328800.0,0.0,0.010534525866662925,0.010534525866662925,1.1721522168281275,0.0
2024-07-29,221.5500030517578,219.0500030517578,221.25999450683594,220.32000732421875,4665100.0,0.0,-0.0014050562105476505,-0.0,1.1721522168281275,0.0
2024-07-30,222.9199981689453,220.36000061035156,221.41000366210938,222.52000427246094,4939500.0,0.0,0.009985461488319247,0.0,1.1721522168281275,0.0
2024-07-31,226.60000610351562,223.63999938964844,223.72999572753906,226.5500030517578,7316600.0,0.0,0.018110725786084414,0.0,1.1721522168281275,0.0
2024-08-01,227.57000732421875,225.0500030517578,226.74000549316406,225.77000427246094,7217200.0,0.0,-0.003442943141866439,-0.0,1.1721522168281275,0.0
2024-08-02,228.75999450683594,222.8699951171875,227.9499969482422,225.33999633789062,11109400.0,0.0,-0.0019046282784819235,-0.0,1.1721522168281275,0.0
2024-08-05,223.10000610351562,220.24000549316406,220.55999755859375,222.47999572753906,8939000.0,0.0,-0.012691935106198704,-0.0,1.1721522168281275,0.0
2024-08-06,222.13999938964844,220.11000061035156,221.5,220.6999969482422,14362300.0,0.0,-0.008000713832612472,-0.0,1.1721522168281275,0.0
2024-08-07,222.30999755859375,220.35000610351562,221.94000244140625,220.5500030517578,5287800.0,1.0,-0.0006796279952806517,-0.0,1.1721522168281275,0.0
2024-08-08,224.25,222.52000427246094,222.72999572753906,224.00999450683594,6327100.0,0.0,0.015688013635013043,0.015688013635013043,1.190540956788038,0.0
2024-08-09,225.27999877929688,223.82000732421875,224.82000732421875,224.55999755859375,4441000.0,0.0,0.0024552612171107047,0.0,1.190540956788038,0.0
2024-08-12,228.5399932861328,225.97000122070312,226.13999938964844,228.41000366210938,5561300.0,0.0,0.017144665770273848,0.0,1.190540956788038,0.0
2024-08-13,228.8699951171875,227.58999633789062,228.07000732421875,228.05999755859375,6740200.0,0.0,-0.001532358906807807,-0.0,1.190540956788038,0.0
2024-08-14,227.47999572753906,225.35000610351562,226.5500030517578,226.1999969482422,5462500.0,0.0,-0.008155751250824572,-0.0,1.190540956788038,0.0
2024-08-15,227.5,225.1199951171875,226.50999450683594,226.91000366210938,5273300.0,0.0,0.0031388449312386157,0.0,1.190540956788038,0.0
2024-08-16,232.02000427246094,229.00999450683594,229.99000549316406,231.99000549316406,11924500.0,0.0,0.02238773852658915,0.0,1.190540956788038,0.0
2024-08-19,231.77999877929688,229.74000549316406,230.14999389648438,231.61000061035156,5164800.0,0.0,-0.0016380226467286318,-0.0,1.190540956788038,0.0
2024-08-20,234.00999450683594,231.1300048828125,233.7100067138672,232.4600067138672,9073600.0,0.0,0.0036699887797402297,0.0,1.190540956788038,0.0
2024-08-21,232.8699951171875,230.47999572753906,231.69000244140625,232.14999389648438,5337400.0,0.0,-0.0013336178629832496,-0.0,1.190540956788038,0.0
2024-08-22,230.3800048828125,228.25999450683594,230.35000610351562,229.3699951171875,5765400.0,1.0,-0.011975011209935604,-0.0,1.190540956788038,0.0
2024-08-23,232.72999572753906,230.52000427246094,231.0399932861328,232.02000427246094,5418200.0,0.0,0.011553425520716143,0.011553425520716143,1.2042957830616507,0.0
2024-08-26,233.5,232.05999755859375,233.4499969482422,232.75999450683594,3151400.0,0.0,0.0031893380775307456,0.0,1.2042957830616507,0.0
2024-08-27,233.47000122070312,231.57000732421875,231.69000244140625,233.38999938964844,4435600.0,0.0,0.002706671669018279,0.0,1.2042957830616507,0.0
2024-08-28,232.02000427246094,230.72999572753906,232.0,231.75,4961500.0,0.0,-0.007026862307456638,-0.0,1.2042957830616507,0.0
2024-08-29,233.61000061035156,231.9199981689453,231.9499969482422,232.9499969482422,5524200.0,0.0,0.005177980359189593,0.0,1.2042957830616507,0.0
2024-08-30,232.86000061035156,230.5500030517578,232.52999877929688,231.2899932861328,5743000.0,0.0,-0.0071260085162319076,-0.0,1.2042957830616507,0.0
2024-09-03,230.5399932861328,228.52000427246094,230.3800048828125,230.2899932861328,6417900.0,0.0,-0.0043235765879541255,-0.0,1.2042957830616507,0.0
2024-09-04,231.05999755859375,229.3800048828125,229.7899932861328,230.42999267578125,4696000.0,0.0,0.000607926500195255,0.0,1.2042957830616507,0.0
2024-09-05,232.88999938964844,231.3300018310547,232.72000122070312,232.35000610351562,4838100.0,0.0,0.008332306942507639,0.0,1.2042957830616507,0.0
2024-09-06,232.75999450683594,229.6199951171875,231.8300018310547,230.6300048828125,6315800.0,0.0,-0.007402630408956501,-0.0,1.2042957830616507,0.0
2024-09-09,231.6199951171875,230.38999938964844,231.25999450683594,231.60000610351562,3548800.0,0.0,0.004205876079289794,0.0,1.2042957830616507,0.0
2024-09-10,232.74000549316406,231.1199951171875,232.38999938964844,232.6199951171875,4378300.0,0.0,0.004404097525005923,0.0,1.2042957830616507,0.0
2024-09-11,232.8699951171875,231.08999633789062,231.72000122070312,232.25,4637300.0,1.0,-0.001590555949419148,-0.0,1.2042957830616507,0.0
2024-09-12,236.4499969482422,234.4199981689453,234.6300048828125,236.3300018310547,9930200.0,0.0,0.017567284525531468,0.017567284525531468,1.2254519897355924,0.0
2024-09-13,238.97999572753906,237.75999450683594,238.1300048828125,238.67999267578125,7455100.0,0.0,0.009943683944142245,0.0,1.2254519897355924,0.0
2024-09-16,239.27999877929688,238.0500030517578,238.72999572753906,238.66000366210938,4713500.0,0.0,-8.374817448153493e-05,-0.0,1.2254519897355924,0.0
2024-09-17,238.60000610351562,236.61000061035156,238.0800018310547,237.33999633789062,5257100.0,0.0,-0.0055309113549146804,-0.0,1.2254519897355924,0.0
2024-09-18,240.2899932861328,235.3000030517578,238.19000244140625,235.50999450683594,11081100.0,0.0,-0.007710465405288858,-0.0,1.2254519897355924,0.0
2024-09-19,239.52000427246094,237.38999938964844,238.24000549316406,239.1699981689453,6108200.0,0.0,0.01554075728197235,0.0,1.2254519897355924,0.0
2024-09-20,242.6300048828125,240.47000122070312,241.11000061035156,242.2100067138672,7737400.0,0.0,0.012710660066880486,0.0,1.2254519897355924,0.0
2024-09-23,243.4600067138672,242.58999633789062,242.97000122070312,242.67999267578125,5426200.0,0.0,0.0019404068737312041,0.0,1.2254519897355924,0.0
2024-09-24,246.19000244140625,243.14999389648438,243.38999938964844,246.07000732421875,8386300.0,0.0,0.01396907347432852,0.0,1.2254519897355924,0.0
2024-09-25,246.47000122070312,244.7899932861328,246.19000244140625,245.72999572753906,7393400.0,0.0,-0.001381767735031958,-0.0,1.2254519897355924,0.0
2024-09-26,247.3699951171875,245.19000244140625,246.44000244140625,246.97999572753906,7041100.0,0.0,0.005086884066794806,0.0,1.2254519897355924,0.0
2024-09-27,246.75,244.19000244140625,246.30999755859375,245.02000427246094,8329600.0,0.0,-0.007935830791900744,-0.0,1.2254519897355924,0.0
2024-09-30,244.0800018310547,242.5,243.97000122070312,243.05999755859375,6916700.0,0.0,-0.007999374253898295,-0.0,1.2254519897355924,0.0
2024-10-01,246.97999572753906,245.05999755859375,245.1999969482422,245.61000061035156,10605500.0,0.0,0.010491249392624136,0.0,1.2254519897355924,0.0
2024-10-02,246.07000732421875,243.99000549316406,245.61000061035156,245.66000366210938,6798800.0,0.0,0.00020358719772617384,0.0,1.2254519897355924,0.0
2024-10-03,245.91000366210938,243.69000244140625,244.72000122070312,245.49000549316406,5674500.0,0.0,-0.0006920058878576718,-0.0,1.2254519897355924,0.0
2024-10-04,246.69000244140625,244.0500030517578,245.0,245.0,5947800.0,0.0,-0.001996030315693287,-0.0,1.2254519897355924,0.0
2024-10-07,244.82000732421875,243.80999755859375,244.5800018310547,244.1699981689453,3849000.0,0.0,-0.0033877625757333663,-0.0,1.2254519897355924,0.0
2024-10-08,244.0399932861328,240.6300048828125,243.7899932861328,242.3699951171875,7669800.0,0.0,-0.007371925565205384,-0.0,1.2254519897355924,0.0
2024-10-09,241.83999633789062,240.63999938964844,241.16000366210938,241.0500030517578,4120500.0,1.0,-0.005446185963701722,-0.0,1.2254519897355924,0.0
2024-10-10,243.02000427246094,241.50999450683594,241.77000427246094,242.82000732421875,4792700.0,0.0,0.007342892553628744,0.007342892553628744,1.2344503520258514,0.0
2024-10-11,245.9199981689453,244.47000122070312,244.5,245.47000122070312,5789500.0,0.0,0.010913408354139564,0.0,1.2344503520258514,0.0
2024-10-14,245.86000061035156,244.25999450683594,245.16000366210938,245.07000732421875,3922900.0,0.0,-0.001629502157067031,-0.0,1.2344503520258514,0.0
2024-10-15,246.5500030517578,244.52999877929688,244.99000549316406,245.9199981689453,5640800.0,0.0,0.003468359323146597,0.0,1.2344503520258514,0.0
2024-10-16,248.08999633789062,246.36000061035156,247.6199951171875,247.14999389648438,5431900.0,0.0,0.005001609209081437,0.0,1.2344503520258514,0.0
2024-10-17,249.05999755859375,247.6199951171875,247.75,248.6300048828125,5176200.0,0.0,0.00598831083503093,0.0,1.2344503520258514,0.0
2024-10-18,251.3699951171875,249.89999389648438,250.0,251.27000427246094,7833600.0,0.0,0.010618185005034864,0.0,1.2344503520258514,0.0
2024-10-21,253.13999938964844,250.72999572753906,252.74000549316406,251.22000122070312,9258600.0,0.0,-0.00019900127714245208,-0.0,1.2344503520258514,0.0
2024-10-22,253.94000244140625,252.52000427246094,253.05999755859375,253.92999267578125,5756300.0,0.0,0.01078732362833379,0.0,1.2344503520258514,0.0
2024-10-23,253.17999267578125,250.1999969482422,253.0800018310547,250.8699951171875,8081000.0,0.0,-0.012050555849465017,-0.0,1.2344503520258514,0.0
2024-10-24,253.32000732421875,251.39999389648438,253.27000427246094,252.8000030517578,5962200.0,0.0,0.007693259346016168,0.0,1.2344503520258514,0.0
2024-10-25,253.5500030517578,251.77000427246094,252.0,253.32000732421875,4424500.0,0.0,0.0020569789010425055,0.0,1.2344503520258514,0.0
2024-10-28,253.6300048828125,252.9499969482422,253.00999450683594,253.3300018310547,4029100.0,0.0,3.945407605776552e-05,0.0,1.2344503520258514,0.0
2024-10-29,256.2900085449219,254.22999572753906,254.49000549316406,256.0899963378906,8875500.0,0.0,0.010894858433216914,0.0,1.2344503520258514,0.0
2024-10-30,257.7099914550781,255.91000366210938,256.760009765625,257.5,6386200.0,0.0,0.005505891218995584,0.0,1.2344503520258514,0.0
2024-10-31,255.60000610351562,252.1999969482422,255.52000427246094,253.50999450683594,9930800.0,0.0,-0.015495166963743978,-0.0,1.2344503520258514,0.0
2024-11-01,254.86000061035156,252.44000244140625,254.3300018310547,252.47000122070312,6473000.0,0.0,-0.0041023758773532926,-0.0,1.2344503520258514,0.0
2024-11-04,253.5800018310547,252.27000427246094,253.32000732421875,252.8300018310547,4581400.0,0.0,0.0014259144001700363,0.0,1.2344503520258514,0.0
2024-11-05,253.99000549316406,252.41000366210938,253.77999877929688,253.39999389648438,6029900.0,0.0,0.002254447895034817,0.0,1.2344503520258514,0.0
2024-11-06,247.35000610351562,244.9499969482422,245.63999938964844,245.6999969482422,14600200.0,0.0,-0.030386729020158154,-0.0,1.2344503520258514,0.0
2024-11-07,250.24000549316406,248.1199951171875,248.2899932861328,249.64999389648438,8821400.0,0.0,0.016076503855530166,0.0,1.2344503520258514,0.0
2024-11-08,249.35000610351562,247.77999877929688,249.07000732421875,247.9600067138672,6267900.0,0.0,-0.006769426092267161,-0.0,1.2344503520258514,0.0
2024-11-11,242.72999572753906,241.05999755859375,242.72999572753906,242.13999938964844,11653800.0,0.0,-0.02347155656813127,-0.0,1.2344503520258514,0.0
2024-11-12,241.66000366210938,239.38999938964844,241.2899932861328,240.0500030517578,10145500.0,0.0,-0.008631355179477884,-0.0,1.2344503520258514,0.0
2024-11-13,241.47000122070312,237.58999633789062,241.30999755859375,237.6300048828125,8431700.0,0.0,-0.010081225320474285,-0.0,1.2344503520258514,0.0
2024-11-14,237.99000549316406,236.1300048828125,236.57000732421875,237.00999450683594,8262400.0,0.0,-0.0026091417886487944,-0.0,1.2344503520258514,0.0
2024-11-15,237.8800048828125,236.3300018310547,237.57000732421875,236.58999633789062,7299500.0,1.0,-0.0017720694429753658,-0.0,1.2344503520258514,0.0
2024-11-18,241.5,240.4499969482422,240.4600067138672,241.08999633789062,6323400.0,0.0,0.019020246289590537,0.019020246289590537,1.257929901753655,0.0
2024-11-19,243.30999755859375,242.02999877929688,242.75,243.25,6579100.0,0.0,0.008959325127211537,0.0,1.257929901753655,0.0
2024-11-20,245.2100067138672,243.50999450683594,243.74000549316406,244.6199951171875,6630700.0,0.0,0.005632045702723465,0.0,1.257929901753655,0.0
2024-11-21,246.80999755859375,245.69000244140625,246.22999572753906,246.66000366210938,7646400.0,0.0,0.008339500390982302,0.0,1.257929901753655,0.0
2024-11-22,250.38999938964844,247.86000061035156,248.1999969482422,249.83999633789062,7503000.0,0.0,0.012892210445830665,0.0,1.257929901753655,0.0
2024-11-25,244.39999389648438,241.47999572753906,244.27000427246094,242.47999572753906,10733100.0,0.0,-0.029458856541118794,-0.0,1.257929901753655,0.0
2024-11-26,243.08999633789062,241.5800018310547,242.7100067138672,242.9499969482422,4945900.0,0.0,0.0019383092584315254,0.0,1.257929901753655,0.0
2024-11-27,245.17999267578125,243.1999969482422,244.85000610351562,243.49000549316406,6930600.0,0.0,0.002222714763140843,0.0,1.257929901753655,0.0
2024-11-29,245.80999755859375,244.72999572753906,245.25,245.58999633789062,2708500.0,0.0,0.008624546377060671,0.0,1.257929901753655,0.0
2024-12-02,244.5800018310547,243.13999938964844,244.4600067138672,243.44000244140625,4765000.0,0.0,-0.008754403389975018,-0.0,1.257929901753655,0.0
2024-12-03,245.17999267578125,243.3000030517578,244.9600067138672,243.92999267578125,3557800.0,0.0,0.002012776164397767,0.0,1.257929901753655,0.0
2024-12-04,245.33999633789062,244.3699951171875,244.92999267578125,244.6699981689453,4608600.0,0.0,0.003033679807253664,0.0,1.257929901753655,0.0
2024-12-05,244.3800048828125,242.14999389648438,244.16000366210938,242.86000061035156,4806200.0,0.0,-0.007397709454119217,-0.0,1.257929901753655,0.0
2024-12-06,243.86000061035156,242.44000244140625,242.7899932861328,242.9499969482422,3540700.0,0.0,0.0003705687954560499,0.0,1.257929901753655,0.0
2024-12-09,247.11000061035156,245.25999450683594,246.27999877929688,245.36000061035156,4711500.0,0.0,0.009919751769426055,0.0,1.257929901753655,0.0
2024-12-10,248.86000061035156,247.8300018310547,247.86000061035156,248.58999633789062,4642000.0,0.0,0.01316431251835759,0.0,1.257929901753655,0.0
2024-12-11,251.25999450683594,248.97000122070312,249.35000610351562,250.9600067138672,11033800.0,0.0,0.009533812345188464,0.0,1.257929901753655,0.0
2024-12-12,248.24000549316406,246.8699951171875,247.80999755859375,247.27999877929688,10149600.0,0.0,-0.014663722649505995,-0.0,1.257929901753655,0.0
2024-12-13,245.94000244140625,244.27000427246094,245.6699981689453,244.2899932861328,6602600.0,0.0,-0.012091578404740733,-0.0,1.257929901753655,0.0
2024-12-16,245.5399932861328,244.2899932861328,245.41000366210938,244.8800048828125,3310000.0,0.0,0.002415209844427002,0.0,1.257929901753655,0.0
2024-12-17,244.5500030517578,243.22999572753906,243.8000030517578,243.94000244140625,4421300.0,0.0,-0.0038386247250202787,-0.0,1.257929901753655,0.0
2024-12-18,243.7100067138672,238.82000732421875,243.57000732421875,239.25999450683594,8015800.0,0.0,-0.01918507783771317,-0.0,1.257929901753655,0.0
2024-12-19,240.0500030517578,238.72999572753906,239.6699981689453,239.60000610351562,8111400.0,0.0,0.0014210967336203417,0.0,1.257929901753655,0.0
2024-12-20,242.9600067138672,241.1699981689453,241.41000366210938,242.10000610351562,9527800.0,0.0,0.010434056495473909,0.0,1.257929901753655,0.0
2024-12-23,241.6699981689453,240.64999389648438,241.60000610351562,240.9600067138672,5835500.0,0.0,-0.004708795377563968,-0.0,1.257929901753655,0.0
2024-12-24,241.66000366210938,240.82000732421875,241.49000549316406,241.44000244140625,2421000.0,0.0,0.001992014086009908,0.0,1.257929901753655,0.0
2024-12-26,243.55999755859375,242.1999969482422,242.38999938964844,243.07000732421875,4645100.0,0.0,0.006751179863859091,0.0,1.257929901753655,0.0
2024-12-27,241.9499969482422,241.0500030517578,241.1999969482422,241.39999389648438,4728100.0,0.0,-0.0068705038771271765,-0.0,1.257929901753655,0.0
2024-12-30,241.0800018310547,239.5800018310547,241.0800018310547,240.6300048828125,3522500.0,1.0,-0.0031896811646235923,-0.0,1.257929901753655,0.0
2024-12-31,242.52000427246094,241.0500030517578,241.0500030517578,242.1300048828125,2522100.0,0.0,0.006233636577161361,0.006233636577161361,1.2657713796007315,0.0
2025-01-02,245.52999877929688,244.0800018310547,244.22000122070312,245.4199981689453,6241900.0,0.0,0.013587714119632333,0.0,1.2657713796007315,0.0
2025-01-03,244.82000732421875,243.36000061035156,244.55999755859375,243.49000549316406,4872100.0,0.0,-0.007864039973028869,-0.0,1.2657713796007315,0.0
2025-01-06,243.7899932861328,242.0500030517578,242.3300018310547,243.19000244140625,3758900.0,0.0,-0.0012320959587239777,-0.0,1.2657713796007315,0.0
2025-01-07,245.77000427246094,243.80999755859375,245.52000427246094,244.55999755859375,5090300.0,0.0,0.005633435188264313,0.0,1.2657713796007315,0.0
2025-01-08,246.4499969482422,244.50999450683594,245.72000122070312,245.86000061035156,6303300.0,0.0,0.005315681488123669,0.0,1.2657713796007315,0.0
2025-01-10,249.0399932861328,247.5500030517578,248.00999450683594,248.2100067138672,12380100.0,0.0,0.009558310004399662,0.0,1.2657713796007315,0.0
2025-01-13,246.7899932861328,245.14999389648438,246.33999633789062,245.74000549316406,8448600.0,0.0,-0.009951255605703757,-0.0,1.2657713796007315,0.0
2025-01-14,247.0399932861328,245.52000427246094,245.6199951171875,247.02999877929688,4914800.0,0.0,0.005249423200524461,0.0,1.2657713796007315,0.0
2025-01-15,248.89999389648438,247.00999450683594,248.2100067138672,248.8800048828125,6345000.0,0.0,0.007488993695735191,0.0,1.2657713796007315,0.0
2025-01-16,251.38999938964844,250.27000427246094,250.55999755859375,250.60000610351562,9236000.0,0.0,0.006910965874952435,0.0,1.2657713796007315,0.0
2025-01-17,250.80999755859375,249.14999389648438,249.6999969482422,249.27000427246094,8312900.0,0.0,-0.005307269747253374,-0.0,1.2657713796007315,0.0
2025-01-21,253.36000061035156,251.8300018310547,251.9499969482422,253.1300048828125,7668100.0,0.0,0.01548521901629396,0.0,1.2657713796007315,0.0
2025-01-22,254.67999267578125,253.77999877929688,254.2899932861328,254.42999267578125,5213800.0,0.0,0.005135652699768123,0.0,1.2657713796007315,0.0
2025-01-23,254.5399932861328,252.82000732421875,253.19000244140625,254.07000732421875,6511500.0,1.0,-0.0014148699521492336,-0.0,1.2657713796007315,0.0
2025-01-24,257.07000732421875,255.61000061035156,255.9600067138672,255.64999389648438,7341300.0,0.0,0.006218705580030903,0.006218705580030903,1.273642839142098,0.0
2025-01-27,254.25999450683594,251.9199981689453,253.86000061035156,252.99000549316406,5799800.0,1.0,-0.0104048052682425,-0.0,1.273642839142098,0.0
2025-01-28,255.25,253.88999938964844,254.22999572753906,255.17999267578125,5332000.0,0.0,0.008656417783572623,0.008656417783572623,1.2846680236647676,0.0
2025-01-29,254.82000732421875,253.3000030517578,254.5500030517578,254.1999969482422,5671800.0,1.0,-0.0038404097330004827,-0.0,1.2846680236647676,0.0
2025-01-30,258.2900085449219,256.45001220703125,257.20001220703125,258.04998779296875,12981200.0,0.0,0.01514551884715587,0.01514551884715587,1.3041249874295209,0.0
2025-01-31,259.989990234375,257.8599853515625,259.0799865722656,258.55999755859375,8961100.0,0.0,0.0019763991077348386,0.0,1.3041249874295209,0.0
2025-02-03,261.3900146484375,259.5199890136719,259.75,259.94000244140625,11521100.0,0.0,0.005337271410283728,0.0,1.3041249874295209,0.0
2025-02-04,262.5400085449219,261.3500061035156,261.8299865722656,262.5,9850400.0,0.0,0.00984841707528572,0.0,1.3041249874295209,0.0
2025-02-05,265.989990234375,263.8900146484375,264.45001220703125,264.1300048828125,12681100.0,0.0,0.006209542410714253,0.0,1.3041249874295209,0.0
2025-02-06,263.7200012207031,261.489990234375,263.6600036621094,263.42999267578125,8731400.0,0.0,-0.0026502562908058414,-0.0,1.3041249874295209,0.0
2025-02-07,266.3500061035156,263.260009765625,265.2200012207031,263.8999938964844,9154000.0,0.0,0.0017841598670260694,0.0,1.3041249874295209,0.0
2025-02-10,268.6600036621094,267.239990234375,268.0,268.3699951171875,13250300.0,0.0,0.016938239196991,0.0,1.3041249874295209,0.0
2025-02-11,268.3599853515625,266.7099914550781,267.70001220703125,267.3900146484375,7169500.0,0.0,-0.0036516022155236305,-0.0,1.3041249874295209,0.0
2025-02-12,268.42999267578125,266.3500061035156,267.1499938964844,267.6700134277344,9328600.0,1.0,0.0010471549570203464,0.0,1.3041249874295209,0.0
2025-02-13,270.3900146484375,268.2200012207031,268.3999938964844,270.30999755859375,8347500.0,0.0,0.009862831092105617,0.009862831092105617,1.3169873519035327,0.0
2025-02-14,270.2099914550781,265.45001220703125,270.07000732421875,266.2900085449219,11546700.0,1.0,-0.014871773334245608,-0.0,1.3169873519035327,0.0
2025-02-18,271.010009765625,269.6000061035156,269.67999267578125,270.70001220703125,8185900.0,0.0,0.01656090548123368,0.01656090548123368,1.3387978549583872,0.0
2025-02-19,271.3299865722656,269.239990234375,270.67999267578125,270.8500061035156,9342500.0,0.0,0.000554096378723612,0.0,1.3387978549583872,0.0
2025-02-20,271.8399963378906,270.1700134277344,270.2300109863281,270.989990234375,7356900.0,0.0,0.0005168326664386491,0.0,1.3387978549583872,0.0
2025-02-21,271.510009765625,269.510009765625,270.79998779296875,270.739990234375,8917400.0,0.0,-0.0009225433005247696,-0.0,1.3387978549583872,0.0
2025-02-24,272.32000732421875,270.3800048828125,271.45001220703125,272.2099914550781,5374400.0,0.0,0.005429568123388684,0.0,1.3387978549583872,0.0
2025-02-25,271.67999267578125,266.45001220703125,271.4599914550781,268.6199951171875,10079800.0,0.0,-0.013188334192659745,-0.0,1.3387978549583872,0.0
2025-02-26,269.0799865722656,266.6600036621094,267.0799865722656,269.0299987792969,7276000.0,0.0,0.0015263333689308212,0.0,1.3387978549583872,0.0
2025-02-27,266.6700134277344,264.45001220703125,266.489990234375,264.92999267578125,9374600.0,1.0,-0.015239958822878874,-0.0,1.3387978549583872,0.0
2025-02-28,263.3999938964844,261.25,262.55999755859375,263.2699890136719,11504500.0,1.0,-0.006265820058134697,-0.006265820058134697,1.3304091885050013,-0.006265820058134586
2025-03-03,266.8800048828125,265.07000732421875,265.07000732421875,266.739990234375,7725600.0,0.0,0.013180390342641513,0.013180390342641513,1.3479445009249342,0.0
2025-03-04,269.3999938964844,267.5199890136719,269.010009765625,269.05999755859375,8481300.0,0.0,0.008697635934455272,0.0,1.3479445009249342,0.0
2025-03-05,270.260009765625,267.9599914550781,267.9700012207031,269.6199951171875,6990400.0,0.0,0.0020813110966888537,0.0,1.3479445009249342,0.0
2025-03-06,269.510009765625,268.1600036621094,268.25,268.25,6136400.0,0.0,-0.005081207410422395,-0.0,1.3479445009249342,0.0
2025-03-07,270.3399963378906,267.6400146484375,269.0899963378906,268.3900146484375,10431200.0,0.0,0.0005219558189655249,0.0,1.3479445009249342,0.0
2025-03-10,268.44000244140625,265.6400146484375,267.6199951171875,266.0400085449219,7593900.0,1.0,-0.008755937163287819,-0.0,1.3479445009249342,0.0
2025-03-11,269.7300109863281,268.44000244140625,268.4700012207031,269.1600036621094,8436600.0,0.0,0.011727541035094546,0.011727541035094546,1.3637525753725614,0.0
2025-03-12,271.2300109863281,268.3599853515625,268.4700012207031,270.3299865722656,7236200.0,0.0,0.004346793335703092,0.0,1.3637525753725614,0.0
2025-03-13,275.3500061035156,271.54998779296875,271.57000732421875,275.1300048828125,13741500.0,0.0,0.017756144523255468,0.0,1.3637525753725614,0.0
2025-03-14,276.29998779296875,274.6600036621094,276.2699890136719,275.239990234375,13365000.0,0.0,0.00039975774946587883,0.0,1.3637525753725614,0.0
2025-03-17,276.7900085449219,275.3900146484375,275.5400085449219,276.7300109863281,8583400.0,0.0,0.0054135329342379634,0.0,1.3637525753725614,0.0
2025-03-18,280.2099914550781,278.9700012207031,279.8999938964844,279.9599914550781,9596500.0,0.0,0.011671955843306048,0.0,1.3637525753725614,0.0
2025-03-19,281.4800109863281,279.05999755859375,279.8500061035156,281.1099853515625,8822200.0,0.0,0.004107707999658539,0.0,1.3637525753725614,0.0
2025-03-20,280.8999938964844,279.42999267578125,279.489990234375,280.75,5863300.0,0.0,-0.0012805854303336028,-0.0,1.3637525753725614,0.0
2025-03-21,279.4599914550781,276.5899963378906,279.4599914550781,278.489990234375,9359300.0,0.0,-0.008049901213267985,-0.0,1.3637525753725614,0.0
2025-03-24,279.0899963378906,276.8599853515625,278.9100036621094,277.25,7870100.0,0.0,-0.004452548665506595,-0.0,1.3637525753725614,0.0
2025-03-25,279.9599914550781,278.2699890136719,278.7799987792969,278.4700012207031,5090200.0,0.0,0.004400365088198743,0.0,1.3637525753725614,0.0
2025-03-26,279.0199890136719,277.7799987792969,278.92999267578125,278.239990234375,3717500.0,0.0,-0.0008259812019960622,-0.0,1.3637525753725614,0.0
2025-03-27,282.07000732421875,279.5899963378906,280.54998779296875,281.9700012207031,8476300.0,0.0,0.013405732882559862,0.0,1.3637525753725614,0.0
2025-03-28,284.6400146484375,282.8599853515625,283.82000732421875,284.05999755859375,9563700.0,0.0,0.007412123023167849,0.0,1.3637525753725614,0.0
2025-03-31,288.3900146484375,285.8500061035156,287.5299987792969,288.1400146484375,13925100.0,0.0,0.014363222998346137,0.0,1.3637525753725614,0.0
2025-04-01,289.1300048828125,285.9100036621094,288.5400085449219,287.57000732421875,15923600.0,0.0,-0.0019782303576065807,-0.0,1.3637525753725614,0.0
2025-04-02,289.0299987792969,287.3599853515625,288.2799987792969,288.1600036621094,11074800.0,0.0,0.0020516615880092903,0.0,1.3637525753725614,0.0
2025-04-03,289.0899963378906,282.45001220703125,282.7799987792969,286.4200134277344,20524400.0,0.0,-0.006038278082531101,-0.0,1.3637525753725614,0.0
2025-04-04,284.0299987792969,278.0199890136719,283.6400146484375,279.7200012207031,21517200.0,1.0,-0.02339226273628292,-0.0,1.3637525753725614,0.0
2025-04-07,280.1400146484375,272.5799865722656,278.8599853515625,273.7099914550781,19807000.0,1.0,-0.02148580630415131,-0.02148580630415131,1.3344512516913192,-0.0214858063041512
2025-04-08,278.32000732421875,274.239990234375,277.8699951171875,275.20001220703125,12639500.0,1.0,0.005443793790763651,0.005443793790763651,1.341715729129353,-0.01615897681233569
2025-04-09,285.8699951171875,281.0400085449219,282.2200012207031,285.3800048828125,25342200.0,0.0,0.03699125081478161,0.03699125081478161,1.3913474721877146,0.0
2025-04-10,292.8599853515625,287.2300109863281,288.80999755859375,292.3500061035156,19837800.0,0.0,0.0244235794430141,0.0,1.3913474721877146,0.0
2025-04-11,299.2699890136719,296.80999755859375,297.9599914550781,297.92999267578125,21080100.0,0.0,0.019086664805096243,0.0,1.3913474721877146,0.0
2025-04-14,296.5799865722656,294.5299987792969,295.5400085449219,296.2300109863281,12427600.0,0.0,-0.005705977012200658,-0.0,1.3913474721877146,0.0
2025-04-15,298.0199890136719,296.0899963378906,296.92999267578125,297.7799987792969,7924100.0,0.0,0.005232379352138938,0.0,1.3913474721877146,0.0
2025-04-16,308.05999755859375,303.79998779296875,304.6499938964844,307.4700012207031,20778100.0,0.0,0.0325408102664011,0.0,1.3913474721877146,0.0
2025-04-17,307.1300048828125,302.7300109863281,306.30999755859375,306.1199951171875,18287800.0,0.0,-0.004390692094044635,-0.0,1.3913474721877146,0.0
2025-04-21,316.4100036621094,313.95001220703125,315.0199890136719,315.5899963378906,20372300.0,0.0,0.03093558529908469,0.0,1.3913474721877146,0.0
2025-04-22,317.6300048828125,310.3599853515625,317.489990234375,311.1099853515625,35242300.0,0.0,-0.014195668551963636,-0.0,1.3913474721877146,0.0
2025-04-23,304.739990234375,300.5899963378906,304.17999267578125,303.6499938964844,25421500.0,0.0,-0.023978630729734163,-0.0,1.3913474721877146,0.0
2025-04-24,308.5,304.7099914550781,306.9800109863281,308.07000732421875,10845000.0,0.0,0.014556277018207942,0.0,1.3913474721877146,0.0
2025-04-25,305.3699951171875,301.010009765625,301.7799987792969,304.7300109863281,10691600.0,0.0,-0.010841679678267213,-0.0,1.3913474721877146,0.0
2025-04-28,309.1099853515625,302.9700012207031,304.1499938964844,309.07000732421875,9375500.0,0.0,0.01424210344049559,0.0,1.3913474721877146,0.0
2025-04-29,306.95001220703125,304.0,305.80999755859375,306.05999755859375,6852100.0,0.0,-0.009738925467677184,-0.0,1.3913474721877146,0.0
2025-04-30,306.07000732421875,303.44000244140625,304.6099853515625,303.7699890136719,8331900.0,0.0,-0.007482221012837353,-0.0,1.3913474721877146,0.0
2025-05-01,297.94000244140625,295.32000732421875,297.4100036621094,297.4599914550781,14969100.0,0.0,-0.02077228754256477,-0.0,1.3913474721877146,0.0
2025-05-02,300.8500061035156,297.0299987792969,300.1700134277344,297.9800109863281,8678400.0,0.0,0.0017481999132260562,0.0,1.3913474721877146,0.0
2025-05-05,307.6499938964844,304.67999267578125,305.9200134277344,306.8800048828125,8924000.0,0.0,0.029867754776654154,0.0,1.3913474721877146,0.0
2025-05-06,315.6199951171875,311.3999938964844,313.1199951171875,315.4800109863281,11445300.0,0.0,0.02802400275899264,0.0,1.3913474721877146,0.0
2025-05-07,313.260009765625,310.0799865722656,312.1000061035156,310.75,7888300.0,0.0,-0.014993060801348546,-0.0,1.3913474721877146,0.0
2025-05-08,310.4800109863281,303.04998779296875,309.760009765625,304.6300048828125,11927600.0,0.0,-0.0196942722998793,-0.0,1.3913474721877146,0.0
2025-05-09,308.57000732421875,306.010009765625,307.7900085449219,306.8399963378906,6913100.0,0.0,0.007254674259445482,0.0,1.3913474721877146,0.0
2025-05-12,299.4700012207031,296.82000732421875,298.3299865722656,298.19000244140625,14375900.0,0.0,-0.028190568373488878,-0.0,1.3913474721877146,0.0
2025-05-13,300.29998779296875,297.239990234375,299.0199890136719,299.4599914550781,10233600.0,0.0,0.004258992599597278,0.0,1.3913474721877146,0.0
2025-05-14,294.79998779296875,291.9599914550781,293.6700134277344,293.1600036621094,14800600.0,0.0,-0.021037827999516923,-0.0,1.3913474721877146,0.0
2025-05-15,297.8999938964844,293.75,294.1000061035156,297.8399963378906,13497700.0,0.0,0.015963953531585195,0.0,1.3913474721877146,0.0
2025-05-16,294.5799865722656,291.7799987792969,292.6199951171875,294.239990234375,14173000.0,0.0,-0.012087047232674286,-0.0,1.3913474721877146,0.0
2025-05-19,298.5799865722656,296.4800109863281,297.8500061035156,298.0299987792969,11656300.0,0.0,0.012880671121226372,0.0,1.3913474721877146,0.0
2025-05-20,303.67999267578125,298.29998779296875,298.3500061035156,303.5799865722656,12851000.0,0.0,0.0186222454642182,0.0,1.3913474721877146,0.0
2025-05-21,306.4599914550781,303.6700134277344,304.54998779296875,305.82000732421875,12414500.0,0.0,0.007378683875855163,0.0,1.3913474721877146,0.0
2025-05-22,305.2799987792969,302.1000061035156,305.0899963378906,303.1099853515625,9704200.0,0.0,-0.008861493387459118,-0.0,1.3913474721877146,0.0
2025-05-23,310.25,307.4700012207031,308.8599853515625,309.75,13339500.0,0.0,0.021906288045034472,0.0,1.3913474721877146,0.0
2025-05-27,304.8800048828125,302.739990234375,303.80999755859375,304.5,9578500.0,0.0,-0.016949152542372836,-0.0,1.3913474721877146,0.0
2025-05-28,304.989990234375,303.05999755859375,304.6400146484375,303.80999755859375,8803300.0,0.0,-0.0022660178699712707,-0.0,1.3913474721877146,0.0
2025-05-29,306.8900146484375,304.4599914550781,305.739990234375,305.6099853515625,9487900.0,0.0,0.0059247154716217665,0.0,1.3913474721877146,0.0
2025-05-30,304.0199890136719,301.5,303.6400146484375,303.6000061035156,9553300.0,0.0,-0.006576942326457891,-0.0,1.3913474721877146,0.0
2025-06-02,311.7200012207031,308.7200012207031,309.2099914550781,311.6700134277344,13593200.0,0.0,0.026581051258171673,0.0,1.3913474721877146,0.0
2025-06-03,309.55999755859375,307.1499938964844,309.55999755859375,308.9100036621094,9315100.0,0.0,-0.008855551213511115,-0.0,1.3913474721877146,0.0
2025-06-04,311.8800048828125,308.739990234375,309.4100036621094,310.8999938964844,7462500.0,0.0,0.006441974072654677,0.0,1.3913474721877146,0.0
2025-06-05,312.20001220703125,307.6499938964844,311.239990234375,309.3299865722656,10817800.0,0.0,-0.00504987891618125,-0.0,1.3913474721877146,0.0
2025-06-06,309.20001220703125,305.1000061035156,309.0899963378906,305.17999267578125,7787500.0,0.0,-0.013416073696802311,-0.0,1.3913474721877146,0.0
2025-06-09,307.6099853515625,305.05999755859375,305.3900146484375,306.6199951171875,7159000.0,0.0,0.004718534884218695,0.0,1.3913474721877146,0.0
2025-06-10,308.6000061035156,305.8699951171875,308.30999755859375,306.7099914550781,7071700.0,0.0,0.000293510988597534,0.0,1.3913474721877146,0.0
2025-06-11,308.6199951171875,305.8500061035156,307.5,308.3699951171875,9248800.0,0.0,0.005412290790508978,0.0,1.3913474721877146,0.0
2025-06-12,313.1000061035156,311.1499938964844,311.739990234375,312.20001220703125,11531400.0,0.0,0.0124202002480438,0.0,1.3913474721877146,0.0
2025-06-13,317.6000061035156,315.0400085449219,317.260009765625,316.2900085449219,16592900.0,0.0,0.013100564311248064,0.0,1.3913474721877146,0.0
2025-06-16,314.8699951171875,311.6499938964844,314.79998779296875,311.7799987792969,12848400.0,0.0,-0.01425909653729851,-0.0,1.3913474721877146,0.0
2025-06-17,313.0,310.1199951171875,312.6600036621094,311.94000244140625,8234100.0,0.0,0.0005131941200071655,0.0,1.3913474721877146,0.0
2025-06-18,312.9800109863281,309.8599853515625,312.8900146484375,310.260009765625,9370800.0,0.0,-0.005385627565021256,-0.0,1.3913474721877146,0.0
2025-06-20,310.8900146484375,309.25,309.3299865722656,310.1300048828125,8794700.0,0.0,-0.00041901914110908933,-0.0,1.3913474721877146,0.0
2025-06-23,312.6700134277344,310.30999755859375,310.3399963378906,311.0799865722656,12687900.0,0.0,0.0030631724583116693,0.0,1.3913474721877146,0.0
2025-06-24,306.3399963378906,303.5400085449219,305.07000732421875,306.19000244140625,12035200.0,1.0,-0.015719378751237634,-0.0,1.3913474721877146,0.0
2025-06-25,307.3599853515625,305.1199951171875,305.30999755859375,307.1199951171875,6733200.0,0.0,0.003037305817845004,0.003037305817845004,1.3955734199596344,0.0
2025-06-26,307.2799987792969,304.8599853515625,305.7699890136719,306.7799987792969,6787500.0,0.0,-0.0011070472235482631,-0.0,1.3955734199596344,0.0
2025-06-27,302.3599853515625,299.8900146484375,300.0299987792969,301.2200012207031,13301300.0,1.0,-0.018123728993798327,-0.0,1.3955734199596344,0.0
2025-06-30,304.9200134277344,301.95001220703125,302.3900146484375,304.8299865722656,8192100.0,0.0,0.01198454729743359,0.01198454729743359,1.4122987356181818,0.0
2025-07-01,309.0,307.3599853515625,308.55999755859375,307.54998779296875,9335600.0,0.0,0.008923010663382636,0.0,1.4122987356181818,0.0
2025-07-02,309.3999938964844,306.9599914550781,308.0400085449219,309.25,8316400.0,0.0,0.005527596405484614,0.0,1.4122987356181818,0.0
2025-07-03,307.57000732421875,306.1499938964844,307.04998779296875,307.1400146484375,5275800.0,0.0,-0.006822911403597365,-0.0,1.4122987356181818,0.0
2025-07-07,307.7099914550781,304.5299987792969,305.07000732421875,307.3699951171875,7351600.0,0.0,0.000748780548875283,0.0,1.4122987356181818,0.0
2025-07-08,306.45001220703125,302.7699890136719,306.29998779296875,304.1600036621094,11840500.0,0.0,-0.010443411868664265,-0.0,1.4122987356181818,0.0
2025-07-09,305.5400085449219,303.2300109863281,303.5799865722656,305.5199890136719,10644100.0,0.0,0.004471282664348264,0.0,1.4122987356181818,0.0
2025-07-10,306.510009765625,304.82000732421875,306.1099853515625,306.20001220703125,7053700.0,0.0,0.0022257895319868215,0.0,1.4122987356181818,0.0
2025-07-11,310.2799987792969,308.5199890136719,308.8599853515625,309.1400146484375,9187300.0,0.0,0.009601575193336043,0.0,1.4122987356181818,0.0
2025-07-14,309.3800048828125,307.7300109863281,309.07000732421875,308.010009765625,5772900.0,0.0,-0.0036553174266280575,-0.0,1.4122987356181818,0.0
2025-07-15,308.739990234375,305.7900085449219,307.7300109863281,306.7300109863281,8149000.0,0.0,-0.004155705135267751,-0.0,1.4122987356181818,0.0
2025-07-16,311.0899963378906,305.7300109863281,307.1099853515625,308.260009765625,17693100.0,0.0,0.004988096125243757,0.0,1.4122987356181818,0.0
2025-07-17,307.6700134277344,305.1199951171875,305.5,307.5899963378906,6642300.0,0.0,-0.0021735334020257513,-0.0,1.4122987356181818,0.0
2025-07-18,309.3699951171875,308.32000732421875,309.239990234375,308.3900146484375,5574300.0,0.0,0.002600924347578637,0.0,1.4122987356181818,0.0
2025-07-21,313.30999755859375,311.6099853515625,311.8800048828125,313.1300048828125,10995800.0,0.0,0.015370115792427752,0.0,1.4122987356181818,0.0
2025-07-22,316.239990234375,313.6199951171875,314.4800109863281,316.1000061035156,13691800.0,0.0,0.009484882235462067,0.0,1.4122987356181818,0.0
2025-07-23,314.9599914550781,311.4200134277344,314.0,312.17999267578125,10547500.0,0.0,-0.01240118112003663,-0.0,1.4122987356181818,0.0
2025-07-24,310.989990234375,309.05999755859375,309.2900085449219,310.2699890136719,7698800.0,0.0,-0.006118276977772341,-0.0,1.4122987356181818,0.0
2025-07-25,308.30999755859375,306.20001220703125,307.82000732421875,307.3999938964844,9376400.0,0.0,-0.0092499926477293,-0.0,1.4122987356181818,0.0
2025-07-28,306.5799865722656,304.04998779296875,306.44000244140625,305.4100036621094,9275400.0,0.0,-0.00647361832754334,-0.0,1.4122987356181818,0.0
2025-07-29,307.0299987792969,304.989990234375,305.79998779296875,306.25,5741100.0,0.0,0.002750389076383808,0.0,1.4122987356181818,0.0
2025-07-30,304.6499938964844,300.9599914550781,304.4200134277344,300.9599914550781,13459600.0,1.0,-0.017273497289540862,-0.0,1.4122987356181818,0.0
2025-07-31,304.6099853515625,302.8599853515625,304.5899963378906,302.9599914550781,8981000.0,0.0,0.0066454015709211944,0.0066454015709211944,1.421684027854469,0.0
2025-08-01,309.54998779296875,307.45001220703125,308.6099853515625,309.1099853515625,12843400.0,0.0,0.020299689958884537,0.0,1.421684027854469,0.0
2025-08-04,311.739990234375,310.3699951171875,310.79998779296875,310.9100036621094,7639000.0,0.0,0.005823229257701401,0.0,1.421684027854469,0.0
2025-08-05,312.239990234375,310.2200012207031,310.3699951171875,311.1600036621094,6997700.0,0.0,0.0008040912066364925,0.0,1.421684027854469,0.0
2025-08-06,311.239990234375,309.8399963378906,310.32000732421875,310.5,7418200.0,0.0,-0.00212110700071233,-0.0,1.421684027854469,0.0
2025-08-07,313.1400146484375,310.70001220703125,311.7200012207031,313.1199951171875,10891500.0,0.0,0.008437987494967825,0.0,1.421684027854469,0.0
2025-08-08,313.5299987792969,311.0,312.3500061035156,313.04998779296875,19886800.0,0.0,-0.00022357985855403495,-0.0,1.421684027854469,0.0
2025-08-11,309.6600036621094,307.6300048828125,308.6199951171875,308.54998779296875,10326700.0,0.0,-0.014374701087597641,-0.0,1.421684027854469,0.0
2025-08-12,309.30999755859375,306.7099914550781,308.2200012207031,308.2699890136719,9697400.0,0.0,-0.0009074665058316222,-0.0,1.421684027854469,0.0
2025-08-13,310.3900146484375,308.45001220703125,309.1000061035156,309.2099914550781,4718600.0,0.0,0.0030492830145867345,0.0,1.421684027854469,0.0
2025-08-14,308.3399963378906,306.5199890136719,307.92999267578125,307.25,5817700.0,0.0,-0.006338706734070332,-0.0,1.421684027854469,0.0
2025-08-15,308.0,306.8699951171875,307.3399963378906,307.42999267578125,5990100.0,0.0,0.0005858183101099534,0.0,1.421684027854469,0.0
2025-08-18,307.8900146484375,306.6300048828125,307.7900085449219,306.95001220703125,6150100.0,0.0,-0.0015612675411803556,-0.0,1.421684027854469,0.0
2025-08-19,307.4800109863281,305.19000244140625,306.760009765625,305.2699890136719,5029900.0,1.0,-0.005473279447945512,-0.0,1.421684027854469,0.0
2025-08-20,308.4700012207031,307.3999938964844,307.5400085449219,308.3599853515625,6515400.0,0.0,0.010122175284489776,0.010122175284489776,1.4360745627835714,0.0
2025-08-21,308.1499938964844,307.0299987792969,307.8599853515625,307.2900085449219,4809000.0,0.0,-0.0034698951143765644,-0.0,1.4360745627835714,0.0
2025-08-22,311.0199890136719,306.42999267578125,306.5199890136719,310.5799865722656,8526500.0,0.0,0.01070642694476942,0.0,1.4360745627835714,0.0
2025-08-25,310.8399963378906,309.6700134277344,309.6700134277344,309.8299865722656,4044400.0,0.0,-0.0024148368614391735,-0.0,1.4360745627835714,0.0
2025-08-26,312.2099914550781,310.30999755859375,310.6199951171875,312.0799865722656,11698500.0,0.0,0.007262047243691283,0.0,1.4360745627835714,0.0
2025-08-27,312.9100036621094,310.7699890136719,311.3900146484375,312.7099914550781,4320100.0,0.0,0.0020187288833615202,0.0,1.4360745627835714,0.0
2025-08-28,315.0799865722656,313.07000732421875,313.32000732421875,315.0299987792969,9610200.0,0.0,0.007419038046796889,0.0,1.4360745627835714,0.0
2025-08-29,318.0899963378906,314.6400146484375,314.7200012207031,318.07000732421875,15642600.0,0.0,0.00964990177666114,0.0,1.4360745627835714,0.0
2025-09-02,325.9200134277344,320.239990234375,320.82000732421875,325.5899963378906,21247500.0,0.0,0.023642559312442524,0.0,1.4360745627835714,0.0
2025-09-03,329.45001220703125,326.7300109863281,327.760009765625,328.1400146484375,16062200.0,0.0,0.007831992196408066,0.0,1.4360745627835714,0.0
2025-09-04,327.55999755859375,325.3500061035156,327.0299987792969,326.69000244140625,11703100.0,0.0,-0.004418882618094533,-0.0,1.4360745627835714,0.0
2025-09-05,331.44000244140625,328.92999267578125,329.5299987792969,331.04998779296875,16065200.0,0.0,0.01334594055214322,0.0,1.4360745627835714,0.0
2025-09-08,335.6700134277344,333.2300109863281,333.6600036621094,334.82000732421875,18617300.0,0.0,0.011388067271604019,0.0,1.4360745627835714,0.0
2025-09-09,338.30999755859375,333.8500061035156,337.0299987792969,334.05999755859375,21641900.0,0.0,-0.002269905468609168,-0.0,1.4360745627835714,0.0
2025-09-10,336.5,326.19000244140625,335.7300109863281,335.260009765625,11945700.0,0.0,0.0035922056391106683,0.0,1.4360745627835714,0.0
2025-09-11,335.1600036621094,332.9700012207031,333.3699951171875,334.760009765625,9082600.0,0.0,-0.0014913797811720864,-0.0,1.4360745627835714,0.0
2025-09-12,336.3900146484375,335.2300109863281,335.8800048828125,335.4200134277344,9619700.0,0.0,0.0019715725978484144,0.0,1.4360745627835714,0.0
2025-09-15,339.2799987792969,336.2300109863281,336.30999755859375,338.9100036621094,10569900.0,0.0,0.01040483601055886,0.0,1.4360745627835714,0.0
2025-09-16,340.8800048828125,338.6199951171875,340.0899963378906,339.5899963378906,12161500.0,0.0,0.0020064107533963593,0.0,1.4360745627835714,0.0
2025-09-17,341.239990234375,335.5199890136719,338.5299987792969,336.9700012207031,16535300.0,1.0,-0.007715171664187115,-0.0,1.4360745627835714,0.0
2025-09-18,336.32000732421875,333.80999755859375,336.2200012207031,335.6199951171875,14913300.0,1.0,-0.0040063094596702875,-0.0040063094596702875,1.4303212036778996,-0.0040063094596702875
2025-09-19,339.2300109863281,336.30999755859375,336.510009765625,339.17999267578125,14982600.0,0.0,0.010607227252210416,0.010607227252210416,1.4454929457289662,0.0
2025-09-22,345.07000732421875,341.8399963378906,342.75,345.04998779296875,12386400.0,0.0,0.01730643093326134,0.0,1.4454929457289662,0.0
2025-09-23,348.75,345.32000732421875,348.2300109863281,346.4599914550781,18384000.0,0.0,0.004086375052867464,0.0,1.4454929457289662,0.0
2025-09-24,346.8299865722656,342.1400146484375,346.70001220703125,343.32000732421875,12709100.0,0.0,-0.009063049726670935,-0.0,1.4454929457289662,0.0
2025-09-25,345.8299865722656,342.4700012207031,344.3900146484375,344.75,12639600.0,0.0,0.004165188877066628,0.0,1.4454929457289662,0.0
2025-09-26,348.25,345.30999755859375,345.8299865722656,346.739990234375,11698200.0,0.0,0.00577227044053652,0.0,1.4454929457289662,0.0
2025-09-29,352.8299865722656,351.2799987792969,351.7900085449219,352.4599914550781,15719600.0,0.0,0.016496514338703028,0.0,1.4454929457289662,0.0
2025-09-30,355.57000732421875,350.8699951171875,351.1300048828125,355.4700012207031,13312400.0,0.0,0.008540004081594166,0.0,1.4454929457289662,0.0
2025-10-01,356.9700012207031,354.7900085449219,356.1700134277344,356.0299987792969,15573600.0,0.0,0.0015753722020723782,0.0,1.4454929457289662,0.0
2025-10-02,358.6700134277344,351.3999938964844,358.260009765625,354.7900085449219,16162100.0,0.0,-0.003482825151325697,-0.0,1.4454929457289662,0.0
2025-10-03,358.1400146484375,355.79998779296875,357.1199951171875,357.6400146484375,14464000.0,0.0,0.008032937892485048,0.0,1.4454929457289662,0.0
2025-10-06,365.29998779296875,361.3699951171875,362.1600036621094,364.3800048828125,17093700.0,0.0,0.01884573861512795,0.0,1.4454929457289662,0.0
2025-10-07,367.2699890136719,364.54998779296875,366.510009765625,366.260009765625,16836800.0,0.0,0.005159462258136571,0.0,1.4454929457289662,0.0
2025-10-08,373.57000732421875,370.5,371.6499938964844,372.29998779296875,28052300.0,0.0,0.01649095687844504,0.0,1.4454929457289662,0.0
2025-10-09,373.2200012207031,362.8299865722656,373.1400146484375,365.42999267578125,33674800.0,0.0,-0.018452848086064955,-0.0,1.4454929457289662,0.0
2025-10-10,370.30999755859375,365.44000244140625,367.5400085449219,369.1199951171875,24192800.0,0.0,0.010097700011942212,0.0,1.4454929457289662,0.0
2025-10-13,378.8599853515625,375.5799865722656,376.5,378.0899963378906,18514400.0,0.0,0.02430104394061705,0.0,1.4454929457289662,0.0
2025-10-14,382.3800048828125,377.8999938964844,378.2099914550781,380.7900085449219,18409600.0,0.0,0.007141189222626965,0.0,1.4454929457289662,0.0
2025-10-15,387.760009765625,384.5899963378906,385.92999267578125,387.3900146484375,20598300.0,0.0,0.017332403569977117,0.0,1.4454929457289662,0.0
2025-10-16,396.8699951171875,390.3999938964844,391.1499938964844,396.45001220703125,33621400.0,0.0,0.02338727694573084,0.0,1.4454929457289662,0.0
2025-10-17,397.2799987792969,385.2200012207031,397.1400146484375,388.989990234375,62025000.0,0.0,-0.01881705572696646,-0.0,1.4454929457289662,0.0
2025-10-20,403.29998779296875,394.20001220703125,397.45001220703125,403.1499938964844,34523000.0,0.0,0.03640197438905224,0.0,1.4454929457289662,0.0
2025-10-21,388.8900146484375,375.6499938964844,386.5400085449219,377.239990234375,54101400.0,0.0,-0.06426889260666147,-0.0,1.4454929457289662,0.0
2025-10-22,378.4700012207031,368.92999267578125,372.75,377.2799987792969,30524100.0,0.0,0.00010605594835544352,0.0,1.4454929457289662,0.0
2025-10-23,382.25,378.6499938964844,381.4599914550781,378.7900085449219,13695500.0,0.0,0.004002358382396931,0.0,1.4454929457289662,0.0
2025-10-24,380.7699890136719,376.80999755859375,378.510009765625,377.5199890136719,13263800.0,0.0,-0.0033528327110016187,-0.0,1.4454929457289662,0.0
2025-10-27,371.5899963378906,365.3399963378906,371.1300048828125,367.010009765625,23657600.0,0.0,-0.027839530498784404,-0.0,1.4454929457289662,0.0
2025-10-28,365.29998779296875,360.1199951171875,361.80999755859375,364.3800048828125,19257600.0,0.0,-0.007166030388359279,-0.0,1.4454929457289662,0.0
2025-10-29,370.0799865722656,361.3599853515625,369.6499938964844,363.0,18891800.0,0.0,-0.0037872684129753864,-0.0,1.4454929457289662,0.0
2025-10-30,370.3599853515625,364.5,365.0899963378906,370.1300048828125,14812800.0,0.0,0.01964188672951095,0.0,1.4454929457289662,0.0
2025-10-31,370.6600036621094,365.5,370.4700012207031,368.1199951171875,11077900.0,0.0,-0.005430550723012573,-0.0,1.4454929457289662,0.0
2025-11-03,370.8399963378906,367.5400085449219,368.9100036621094,368.7799987792969,7254300.0,0.0,0.0017929035935666526,0.0,1.4454929457289662,0.0
2025-11-04,365.739990234375,361.3900146484375,363.4800109863281,362.32000732421875,11540100.0,0.0,-0.017517195825319742,-0.0,1.4454929457289662,0.0
2025-11-05,367.1000061035156,364.6499938964844,366.3900146484375,366.510009765625,8357300.0,0.0,0.011564369498527016,0.0,1.4454929457289662,0.0
2025-11-06,368.17999267578125,364.70001220703125,367.1600036621094,366.07000732421875,6891100.0,0.0,-0.0012005195756799036,-0.0,1.4454929457289662,0.0
2025-11-07,370.4200134277344,366.4200134277344,367.94000244140625,368.30999755859375,11060400.0,0.0,0.006119021470095687,0.0,1.4454929457289662,0.0
2025-11-10,378.6600036621094,374.7799987792969,375.92999267578125,378.3800048828125,13456200.0,0.0,0.02734111859838051,0.0,1.4454929457289662,0.0
2025-11-11,380.3999938964844,376.8699951171875,379.9800109863281,379.8699951171875,10753200.0,0.0,0.003937814406542062,0.0,1.4454929457289662,0.0
2025-11-12,387.4599914550781,379.44000244140625,380.07000732421875,385.989990234375,16203700.0,0.0,0.016110762091908537,0.0,1.4454929457289662,0.0
2025-11-13,388.17999267578125,381.2099914550781,387.2900085449219,382.8699951171875,15867900.0,0.0,-0.008083098515826892,-0.0,1.4454929457289662,0.0
2025-11-14,378.20001220703125,370.8900146484375,372.8699951171875,375.9599914550781,15198000.0,0.0,-0.018047911171504505,-0.0,1.4454929457289662,0.0
2025-11-17,375.4599914550781,368.5199890136719,374.0400085449219,371.6499938964844,13295200.0,0.0,-0.011463979297139493,-0.0,1.4454929457289662,0.0
2025-11-18,375.5400085449219,371.6199951171875,374.8299865722656,374.3500061035156,7818800.0,0.0,0.007264932736103624,0.0,1.4454929457289662,0.0
2025-11-19,380.1700134277344,373.0299987792969,377.7799987792969,374.9599914550781,10980400.0,0.0,0.0016294519610446923,0.0,1.4454929457289662,0.0
2025-11-20,377.69000244140625,371.8500061035156,375.2900085449219,374.8500061035156,10506500.0,0.0,-0.0002933255655774847,-0.0,1.4454929457289662,0.0
2025-11-21,377.2300109863281,372.94000244140625,374.0299987792969,374.2699890136719,13194600.0,0.0,-0.0015473311468576778,-0.0,1.4454929457289662,0.0
2025-11-24,380.2799987792969,374.19000244140625,374.8800048828125,380.20001220703125,10085300.0,0.0,0.01584423909859023,0.0,1.4454929457289662,0.0
2025-11-25,382.5199890136719,378.05999755859375,380.260009765625,380.0799865722656,10462800.0,0.0,-0.00031569077041548876,-0.0,1.4454929457289662,0.0
2025-11-26,383.7799987792969,380.4599914550781,381.05999755859375,383.1199951171875,9184100.0,0.0,0.007998338908444147,0.0,1.4454929457289662,0.0
2025-11-28,388.0,384.989990234375,385.9800109863281,387.8800048828125,7175400.0,0.0,0.012424331348639184,0.0,1.4454929457289662,0.0
2025-12-01,390.70001220703125,388.05999755859375,390.6099853515625,389.75,11177100.0,0.0,0.004821066034977672,0.0,1.4454929457289662,0.0
2025-12-02,388.9800109863281,382.9100036621094,388.8699951171875,387.239990234375,8103900.0,0.0,-0.006440050713598433,-0.0,1.4454929457289662,0.0
2025-12-03,390.1300048828125,385.8299865722656,388.4599914550781,386.8800048828125,7886800.0,0.0,-0.0009296182229129313,-0.0,1.4454929457289662,0.0
2025-12-04,388.0,385.3999938964844,386.9200134277344,387.1300048828125,6754400.0,0.0,0.0006461951944911615,0.0,1.4454929457289662,0.0
2025-12-05,391.739990234375,386.17999267578125,389.1199951171875,386.44000244140625,9449800.0,0.0,-0.0017823532991587676,-0.0,1.4454929457289662,0.0
2025-12-08,387.239990234375,384.010009765625,387.0199890136719,385.4200134277344,6822100.0,0.0,-0.002639449868615862,-0.0,1.4454929457289662,0.0
2025-12-09,388.2099914550781,385.2699890136719,385.6199951171875,387.3999938964844,6358700.0,0.0,0.005137202012788666,0.0,1.4454929457289662,0.0
2025-12-10,389.760009765625,384.5,385.95001220703125,389.04998779296875,9120500.0,0.0,0.004259147967166088,0.0,1.4454929457289662,0.0
2025-12-11,394.0899963378906,388.5,389.0199890136719,393.239990234375,11240600.0,0.0,0.010769830543307712,0.0,1.4454929457289662,0.0
2025-12-12,400.3900146484375,391.4700012207031,399.1600036621094,395.44000244140625,16792100.0,0.0,0.005594579039939429,0.0,1.4454929457289662,0.0
2025-12-15,398.7099914550781,394.07000732421875,397.760009765625,395.79998779296875,11345000.0,0.0,0.0009103412637567754,0.0,1.4454929457289662,0.0
2025-12-16,398.7099914550781,394.5899963378906,397.75,395.8900146484375,9201600.0,0.0,0.00022745542760316262,0.0,1.4454929457289662,0.0
2025-12-17,399.9800109863281,397.25,398.0799865722656,399.2900085449219,10456900.0,0.0,0.008588228474273762,0.0,1.4454929457289662,0.0
2025-12-18,402.2099914550781,396.04998779296875,398.2799987792969,398.57000732421875,11837600.0,0.0,-0.0018032036998043566,-0.0,1.4454929457289662,0.0
2025-12-19,400.6300048828125,397.1700134277344,397.9200134277344,399.0199890136719,9894800.0,0.0,0.0011289903434381632,0.0,1.4454929457289662,0.0
2025-12-22,408.5199890136719,405.7200012207031,406.9800109863281,408.2300109863281,14202100.0,0.0,0.02308160549906857,0.0,1.4454929457289662,0.0
2025-12-23,413.760009765625,407.1000061035156,410.29998779296875,413.6400146484375,13193300.0,0.0,0.013252341857567629,0.0,1.4454929457289662,0.0
2025-12-24,412.6300048828125,408.8299865722656,412.25,411.92999267578125,6718400.0,0.0,-0.004134082564786756,-0.0,1.4454929457289662,0.0
2025-12-26,418.45001220703125,414.75,416.4800109863281,416.739990234375,10476200.0,0.0,0.011676735474757116,0.0,1.4454929457289662,0.0
2025-12-29,403.760009765625,395.3299865722656,403.6600036621094,398.6000061035156,20679200.0,0.0,-0.0435283019531133,-0.0,1.4454929457289662,0.0
2025-12-30,403.79998779296875,398.55999755859375,403.6000061035156,398.8900146484375,10179000.0,0.0,0.0007275678386380324,0.0,1.4454929457289662,0.0
2025-12-31,400.1300048828125,395.5899963378906,398.6000061035156,396.30999755859375,10194700.0,0.0,-0.006467991163222386,-0.0,1.4454929457289662,0.0
