date,high,low,open,close,volume,ema_20,rsi_20,sma_14,signal,position,return,strategy_return,equity_curve,drawdown
2015-01-02,24.705318351259162,23.798598610986176,24.694233092060063,24.237548828125,212818400.0,24.237548828125,,,0,0,,,,
2015-01-05,24.0867993234754,23.368518814896508,24.006990190147395,23.554738998413086,257142000.0,24.17251932053339,0.0,,0,0,-0.028171571083936864,-0.0,1.0,0.0
2015-01-06,23.816338020280458,23.19560061965636,23.61903255400942,23.55695915222168,263188400.0,24.11389454259894,0.017110211665368524,,0,0,9.425507999649696e-05,0.0,1.0,0.0
2015-01-07,23.98704009408535,23.654502560296518,23.765348404892794,23.887279510498047,160423600.0,24.09231215858933,2.626417360995987,,0,0,0.01402219854192066,0.0,1.0,0.0
2015-01-08,24.862718808875904,24.097881603917656,24.215379598807615,24.805078506469727,237458000.0,24.160194667911274,9.531746112758768,,1,1,0.03842208132442715,0.0,1.0,0.0
2015-01-09,25.106583234710648,24.432640311803063,24.97800165194986,24.83168601989746,214798000.0,24.22414622524329,9.727105230770562,,1,1,0.0010726639474571975,0.0010726639474571975,1.0010726639474572,0.0
2015-01-12,24.969129549868345,24.120051828758882,24.962479071089444,24.219812393188477,198603200.0,24.22373347933331,9.243905362226272,,0,0,-0.024640840989157753,-0.024640840989157753,0.9764053916165354,-0.024640840989157753
2015-01-13,25.006827191789274,24.14444651908247,24.703108920431305,24.43486213684082,268367600.0,24.2438409705245,10.881715668853062,,1,1,0.00887908379145097,0.0,0.9764053916165354,-0.024640840989157753
2015-01-14,24.494711474568152,24.05354553692245,24.173259238412005,24.341745376586914,195826400.0,24.253165199673298,10.792940216301744,,0,0,-0.0038108158635162814,-0.0038108158635162814,0.9726844904609403,-0.0283577551449421
2015-01-15,24.399383248375585,23.645632967050208,24.38608229018397,23.681102752685547,240056000.0,24.19868306186494,10.173121239270515,,0,0,-0.027140314454887293,-0.0,0.9726844904609403,-0.0283577551449421
2015-01-16,23.849593418861012,23.321966091998515,23.7276623076852,23.497102737426758,314053200.0,24.131865888108923,10.00467712589014,,0,0,-0.0077699090781540026,-0.0,0.9726844904609403,-0.0283577551449421
2015-01-20,24.157748372604416,23.610169522449873,23.907235632281417,24.102325439453125,199599600.0,24.129052512046467,14.884287041241734,,0,0,0.025757333097171653,0.0,0.9726844904609403,-0.0283577551449421
2015-01-21,24.62107675709558,24.00255678407537,24.153307189951693,24.28632354736328,194303600.0,24.144030705886166,16.33599204303853,,1,1,0.007634039643700463,0.0,0.9726844904609403,-0.0283577551449421
2015-01-22,24.93366639250422,24.324014202274096,24.443727926229556,24.918148040771484,215185600.0,24.217756166351435,21.194307566722514,24.168193817138672,1,1,0.026015650008780256,0.026015650008780256,0.9979895097337409,-0.00307985056904736
2015-01-23,25.217426152284684,24.72527039983578,24.89597392403558,25.046724319458008,185859200.0,24.296705514266346,22.162533105617996,24.225992066519602,1,1,0.005159945212467099,0.005159945212467099,1.0031390809265839,0.0
2015-01-26,25.35266192991213,25.006823433030068,25.215212472533512,25.07332992553711,222460000.0,24.37066974391118,22.370280535906787,24.33446284702846,1,1,0.0010622389474870264,0.0010622389474870264,1.0042046543280905,0.0
2015-01-27,24.935874012088902,24.17103691285729,24.922571364835246,24.195423126220703,382274800.0,24.35397958984542,20.472405983813047,24.380067416599818,0,0,-0.035013570272621086,-0.035013570272621086,0.9690438640956807,-0.035013570272621086
2015-01-28,26.186219563325192,25.563264846801758,26.077589431824446,25.563264846801758,585908400.0,24.469149614317452,30.186441273099746,24.499780654907227,1,1,0.05653307708013244,0.0,0.9690438640956807,-0.035013570272621086
2015-01-29,26.423433096590607,25.618691178673068,25.787177336812245,26.359142303466797,337745600.0,24.649148918045963,35.04576734048162,24.610785211835587,1,1,0.031133638892944848,0.031133638892944848,0.9992137258318595,-0.004970031232896854
2015-01-30,26.602995911280225,25.904666930334532,26.248289637404408,25.973392486572266,334982000.0,24.775267353143704,33.84391054462152,24.69233567374093,0,0,-0.014634384247161014,-0.014634384247161014,0.9845908482229987,-0.019531682133275163
2015-02-02,26.418999610212815,25.733973065775352,26.1707059874969,26.299285888671875,250956400.0,24.920411975574957,35.801791548759525,24.84086949484689,1,1,0.012547201997894275,0.0,0.9845908482229987,-0.019531682133275163
2015-02-03,26.401256014166293,26.07315334136271,26.270458761306564,26.303712844848633,207662800.0,25.052154915505785,35.828947291164226,24.974358831133163,1,1,0.00016832990049597818,0.00016832990049597818,0.9847565843025093,-0.019366639998889212
2015-02-04,26.71606503689038,26.228342322296477,26.270464283061518,26.505456924438477,280598800.0,25.190564630642232,37.105167758833026,25.1289096559797,1,1,0.007669794784478601,0.007669794784478601,0.9923094652167737,-0.01184538336886698
2015-02-05,26.7591875492115,26.541071497520225,26.712447061096544,26.694643020629883,168984800.0,25.333810191593436,38.316109120695906,25.34416253226144,1,1,0.0071376281771236005,0.0071376281771236005,0.9993922012161314,-0.004792303133845821
2015-02-06,26.763636508266117,26.36301590626183,26.712445437657788,26.4698486328125,174826400.0,25.442004328852395,37.41510300434394,25.55650152478899,0,0,-0.008420955007476971,-0.008420955007476971,0.9909763644548669,-0.01317290237225055
2015-02-09,26.672384475729245,26.358566406277816,26.385275013527394,26.64567756652832,155559200.0,25.55663987529772,38.603794461800284,25.738169533865793,1,1,0.006642611982973667,0.0,0.9909763644548669,-0.01317290237225055
2015-02-10,27.186514170623198,26.743607052759444,26.745831496462507,27.15757942199707,248034000.0,25.709110308316706,41.980890524732594,25.943259239196777,1,1,0.01921144073708181,0.01921144073708181,1.0100144481524405,0.0
2015-02-11,27.80301602590847,27.26440532417871,27.32449755203773,27.794113159179688,294247200.0,25.907682008398893,45.87753320971053,26.14868531908308,1,1,0.02343852989589479,0.02343852989589479,1.033687701990747,0.0
2015-02-12,28.372789901407252,27.947686895532566,28.056744050182502,28.145771026611328,297898000.0,26.120833343466746,47.911918436102404,26.370045798165457,1,1,0.012652242775931022,0.012652242775931022,1.0467661697508284,0.0
2015-02-13,28.328272705499156,27.96548980836772,28.328272705499156,28.28376007080078,217088800.0,26.326826365117608,48.70826780433704,26.599362237112864,1,1,0.0049026563905101295,0.0049026563905101295,1.051898104602327,0.0
2015-02-17,28.684386851565183,28.248154785440164,28.37501768994175,28.45069122314453,252609600.0,26.529099208739222,49.68777577495432,26.903309958321707,1,1,0.005902014156741631,0.005902014156741631,1.0581064221071397,0.0
2015-02-18,28.662128554300637,28.36611454730817,28.406176606134583,28.648775100708008,179566800.0,26.73097310321244,50.859929351548374,27.12370354788644,1,1,0.006962357294234556,0.006962357294234556,1.0654733370731737,0.0
2015-02-19,28.717763560295033,28.56196764428536,28.595351270538767,28.588674545288086,149449600.0,26.907897050076784,50.48428834999074,27.282955850873673,0,0,-0.00209784031633653,-0.00209784031633653,1.06323814415068,-0.00209784031633653
2015-02-20,28.82236671447754,28.499645913109898,28.62650707399142,28.82236671447754,195793600.0,27.090227494305427,51.93722977161493,27.486454010009766,1,1,0.008174291844809112,0.0,1.06323814415068,-0.00209784031633653
2015-02-23,29.601356506347656,28.85798490989806,28.93810901824031,29.601356506347656,283896400.0,27.329382638309447,56.423837154546966,27.722316196986608,1,1,0.02702726669142086,0.02702726669142086,1.0919745650291317,0.0
2015-02-24,29.734903752176653,29.194065063924736,29.588008958222076,29.4166316986084,276912400.0,27.528168263099822,55.13902914855733,27.94466754368373,0,0,-0.006240416978851804,-0.006240416978851804,1.0851601884130495,-0.006240416978851915
2015-02-25,29.289773295274617,28.521915615006805,29.28086872721773,28.664358139038086,298846800.0,27.63637682271299,50.2354531547227,28.09887477329799,0,0,-0.025573069251361602,-0.0,1.0851601884130495,-0.006240416978851915
2015-02-26,29.12728248504265,28.179150231547638,28.66434366665051,29.027128219604492,365150000.0,27.768829336702655,52.38491820624797,28.265480858939036,1,1,0.012655789423463348,0.0,1.0851601884130495,-0.006240416978851915
2015-02-27,29.060525669459057,28.54194502901291,28.933661063898402,28.590909957885742,248059200.0,27.847122729196283,49.66942783168206,28.416985239301408,0,0,-0.015027951040094134,-0.015027951040094134,1.0688524542309188,-0.021174587338118167
2015-03-02,28.995979705716593,28.555298738023403,28.766736353081935,28.731124877929688,192386800.0,27.931313410028036,50.53696784321181,28.565945761544363,1,1,0.004904178294796502,0.0,1.0688524542309188,-0.021174587338118167
2015-03-03,28.826827368145587,28.508555359921896,28.702190613855443,28.791215896606445,151265200.0,28.013208884940266,50.91861862465535,28.682634081159318,1,1,0.0020914955099067267,0.0020914955099067267,1.0710879543396956,-0.019127378382553184
2015-03-04,28.835732063722944,28.559751615792635,28.73335331565114,28.608713150024414,126665200.0,28.069923576853043,49.692830559013984,28.740819794791086,0,0,-0.006338834290202433,-0.006338834290202433,1.0642985052869043,-0.025344967390782625
2015-03-05,28.655448562033296,27.989974931075338,28.617612649133473,28.1346435546875,226068400.0,28.076087384265847,46.623837643991415,28.740024975367955,0,0,-0.016570811586347434,-0.0,1.0642985052869043,-0.025344967390782625
2015-03-06,28.79343622144085,28.101255747404345,28.577546375748767,28.17692756652832,291368400.0,28.08569121114799,46.93155288552203,28.732394082205637,1,1,0.0015029162092858872,0.0,1.0642985052869043,-0.025344967390782625
2015-03-09,28.837957778090015,27.83418017642311,28.479623696005753,28.297119140625,354114000.0,28.105827204431513,47.83143329889294,28.721424647739955,1,1,0.004265602550629355,0.004265602550629355,1.068838379705687,-0.021187476397701133
2015-03-10,28.31492246485523,27.553745118097947,28.13464406642544,27.711767196655273,275426400.0,28.068297679881397,44.00600715679711,28.65449551173619,0,0,-0.020685920042275985,-0.020685920042275985,1.0467284744449794,-0.041435113997316586
2015-03-11,27.769638188666633,27.177611824964035,27.76518760312618,27.206544876098633,275756000.0,27.98622598428304,41.02503931239869,28.55577196393694,0,0,-0.01823132812033801,-0.0,1.0467284744449794,-0.041435113997316586
2015-03-12,27.79857175613911,27.070777942685456,27.22212331535712,27.698415756225586,193450800.0,27.958815486372803,44.853368656926136,28.47548975263323,0,0,0.01807913802972716,0.0,1.0467284744449794,-0.041435113997316586
2015-03-13,27.9098465923971,27.28220896946686,27.687280035357325,27.506999969482422,207309200.0,27.915785437145146,43.69154016705652,28.325892857142858,0,0,-0.00691071245474173,-0.0,1.0467284744449794,-0.041435113997316586
2015-03-16,27.8096981048584,27.34676083218295,27.571551892676595,27.8096981048584,143497200.0,27.90568188168927,46.01907231201612,28.211111886160715,0,0,0.011004403814003805,0.0,1.0467284744449794,-0.041435113997316586
2015-03-17,28.33718066843354,27.965494837905844,28.021136490309935,28.27486228942871,204092400.0,27.940841920521596,49.40225988478484,28.18329075404576,1,1,0.016726689474167555,0.0,1.0467284744449794,-0.041435113997316586
2015-03-18,28.746709272663175,28.12574811661563,28.265964494542967,28.593137741088867,261083600.0,28.002965332004194,51.587583520159995,28.152291434151785,1,1,0.01125648105381405,0.01125648105381405,1.058510953686057,-0.030645046519175878
2015-03-19,28.766734613156785,28.354986720392482,28.655451307109757,28.377243041992188,183238000.0,28.038610828193526,50.04426975423602,28.13702951158796,0,0,-0.007550577381594481,-0.007550577381594481,1.050518584820985,-0.037964236105664906
2015-03-20,28.57754624271078,27.856432729080634,28.544162615633958,28.02113151550293,274780400.0,28.036946131746802,47.57316293985116,28.08631569998605,0,0,-0.012549193942564818,-0.0,1.050518584820985,-0.037964236105664906
2015-03-23,28.455142776311558,28.159128756389002,28.29267009034257,28.312700271606445,150838800.0,28.063208430781053,49.71320574526227,28.05213601248605,1,1,0.01040531699950109,0.0,1.050518584820985,-0.037964236105664906
2015-03-24,28.497427148688423,28.168029517967973,28.31715043665406,28.196964263916016,131369200.0,28.07594708155581,48.8795251572243,28.022725377764022,0,0,-0.004087777095796663,-0.004087777095796663,1.0462242990112451,-0.04189682386664939
2015-03-25,28.225899671022653,27.460269927978516,28.163581286923453,27.460269927978516,206620800.0,28.0173111621675,43.94206493822993,27.974555832999094,0,0,-0.02612672516949832,-0.0,1.0462242990112451,-0.04189682386664939
2015-03-26,27.794118677825203,27.28666705986531,27.32227853385125,27.651676177978516,190291600.0,27.982488782720928,45.449101261424076,27.937037876674108,0,0,0.006970297469836018,0.0,1.0462242990112451,-0.04189682386664939
2015-03-27,27.75405636351956,27.355663614766957,27.72512331470832,27.43133544921875,158184800.0,27.92999798905405,44.015247584279265,27.875196184430802,0,0,-0.007968440225523898,-0.0,1.0462242990112451,-0.04189682386664939
2015-03-30,28.1324282239625,27.59826786123208,27.60939687426669,28.125751495361328,188398800.0,27.948641180130934,49.31947350596324,27.904766491481237,1,1,0.025314700679742286,0.0,1.0462242990112451,-0.04189682386664939
2015-03-31,28.15245262749894,27.678386315646087,28.063425635654404,27.693965911865234,168362400.0,27.924386392677057,46.43964936090675,27.93958227975028,0,0,-0.01535196610008116,-0.01535196610008116,1.0301626990397432,-0.056605591347028694
2015-04-01,27.84753562116134,27.397950105676763,27.780764957103703,27.653902053833008,162485600.0,27.898625979453815,46.17630275904232,27.93640272957938,0,0,-0.0014466638024950296,-0.0,1.0301626990397432,-0.056605591347028694
2015-04-02,27.945463393763433,27.640548220607812,27.8275033605238,27.892047882080078,128880400.0,27.89799949398965,48.02062352788875,27.963906151907786,0,0,0.0086116537110561,0.0,1.0301626990397432,-0.056605591347028694
2015-04-06,28.379470193137237,27.671708273578293,27.702867464536038,28.34385871887207,148776000.0,27.940462277311784,51.34980576284849,28.00206048148019,1,1,0.016198553749159128,0.0,1.0301626990397432,-0.056605591347028694
2015-04-07,28.515237844193898,28.038947051547208,28.408406804101727,28.045623779296875,140049200.0,27.950477658453224,49.161973201083654,27.98568630218506,0,0,-0.010522030275878502,-0.010522030275878502,1.0193232959313663,-0.06653201587696989
2015-04-08,28.132422575820524,27.814152224688282,28.010010249212492,27.954368591308594,149316800.0,27.950848223487068,48.496453836093885,27.940059934343612,0,0,-0.0032538120280870553,-0.0,1.0193232959313663,-0.06653201587696989
2015-04-09,28.17248016063967,27.74515270337457,28.010005798237138,28.168027877807617,129936000.0,27.971532000089027,50.159315028204034,27.925115994044713,1,1,0.007643144784370337,0.0,1.0193232959313663,-0.06653201587696989
2015-04-10,28.312698100017467,27.878693892102373,28.032263697492386,28.28821563720703,160752000.0,28.001692346481217,51.09427586353385,27.94419343130929,1,1,0.0042668148413083085,0.0042668148413083085,1.0236725596985374,-0.0625490808284277
2015-04-13,28.615391006220108,28.179158951331196,28.57087496683167,28.232574462890625,145460400.0,28.023681119472588,50.631424015619345,27.938470159258163,0,0,-0.00196693828377148,-0.00196693828377148,1.02165905895082,-0.06439298893050294
2015-04-14,28.330503197261073,28.023361895360114,28.265958678402846,28.11016273498535,102098400.0,28.031917463807137,49.591081214431206,27.932270050048828,0,0,-0.004335832995541189,-0.0,1.02165905895082,-0.06439298893050294
2015-04-15,28.294900865524006,28.04562727553469,28.13465428540901,28.217002868652344,115881600.0,28.049544645220966,50.525043911739196,27.9863224029541,1,1,0.003800765391301697,0.0,1.02165905895082,-0.06439298893050294
2015-04-16,28.288221031838177,28.067880522573244,28.105716445750787,28.081233978271484,113476000.0,28.052562676940063,49.30313474742354,28.017005102975027,0,0,-0.004811598560373387,-0.004811598560373387,1.0167432456935799,-0.06889475427804015
2015-04-17,28.07455378094966,27.70064178516809,27.94324028801466,27.765186309814453,207828000.0,28.025193499118576,46.54488911403753,28.040851593017578,0,0,-0.01125476425649885,-0.0,1.0167432456935799,-0.06889475427804015
2015-04-20,28.51523761673722,27.858666689842995,27.947693687908842,28.399503707885742,188217200.0,28.060842090429734,52.195060325814985,28.060405322483607,1,1,0.022845782160196393,0.0,1.0167432456935799,-0.06889475427804015
2015-04-21,28.533035301511646,28.19250870073043,28.51078068083827,28.245925903320312,129740400.0,28.078469120228835,50.82589579090599,28.09983103615897,0,0,-0.005407763675911892,-0.005407763675911892,1.0112449385017894,-0.07392995140430636
2015-04-22,28.682159905817624,28.114616030326534,28.263735261694702,28.62651824951172,150618000.0,28.130664275398633,53.97527821370991,28.16930362156459,1,1,0.013474238638665703,0.0,1.0112449385017894,-0.07392995140430636
2015-04-23,29.02714112271059,28.519689449229297,28.555300927111567,28.86021614074707,183083600.0,28.20014540543182,55.804790284069966,28.238458497183665,1,1,0.008163685475069515,0.008163685475069515,1.0195004241179741,-0.06636980679968874
2015-04-24,29.07388089787269,28.762285568201946,29.042721704515355,28.995981216430664,178103600.0,28.275939292193613,56.85360386158849,28.285038675580704,1,1,0.004704229345389832,0.004704229345389832,1.0242963879307474,-0.061977796247093764
2015-04-27,29.630298638040404,29.18961423422666,29.447792358382642,29.52346420288086,387816800.0,28.394751188449543,60.67072407704802,28.390598705836705,1,1,0.01819158946589794,0.01819158946589794,1.0429299673113857,-0.044913681406523964
2015-04-28,29.94410446846122,28.83795175345525,29.926302131643034,29.058290481567383,475696000.0,28.45794540684172,56.06629017961997,28.46945026942662,0,0,-0.015756068397559053,-0.015756068397559053,1.0264974914125635,-0.05996208676785564
2015-04-29,29.287536952041226,28.55529436049829,28.9692683564137,28.630966186523438,253544400.0,28.474423576335216,52.233089258354525,28.502517291477748,0,0,-0.0147057616935522,-0.0,1.0264974914125635,-0.05996208676785564
2015-04-30,28.630968807003697,27.72734890644295,28.630968807003697,27.854211807250977,332781600.0,28.415355788803385,46.19059999636466,28.47151701790946,0,0,-0.027129869603844448,-0.0,1.0264974914125635,-0.05996208676785564
2015-05-01,28.962589122392625,27.88759217131115,28.06564441021307,28.69995880126953,234050400.0,28.442460837609687,52.48986125373829,28.50490161350795,1,1,0.030363343248448693,0.0,1.0264974914125635,-0.05996208676785564
2015-05-04,29.06052330317985,28.546391591878752,28.822375405226378,28.64432144165039,203953200.0,28.461685657042135,52.06777333645255,28.54305580684117,0,0,-0.0019385867416882308,-0.0019385867416882308,1.024507536985335,-0.061784431803131645
2015-05-05,28.588682495503758,27.99443001026383,28.521911828332453,27.998882293701172,197085600.0,28.41760914624776,47.41210612108131,28.52747576577323,0,0,-0.022532883149772087,-0.0,1.024507536985335,-0.061784431803131645
2015-05-06,28.21031879941125,27.455818101093367,28.168030598663822,27.82305335998535,288564000.0,28.36098478565134,46.226832832296594,28.509034293038503,0,0,-0.0062798554553507024,-0.0,1.024507536985335,-0.061784431803131645
2015-05-07,28.178405008212785,27.718001616214615,27.88562378824217,27.99513816833496,175763600.0,28.326142250668827,47.57697624448864,28.52545942578997,0,0,0.006184972084950946,0.0,1.024507536985335,-0.061784431803131645
2015-05-08,28.522600173950195,28.185120262756058,28.312513093384876,28.522600173950195,222201600.0,28.344852529076576,51.50552034565848,28.53425203050886,1,1,0.018841200298551852,0.0,1.024507536985335,-0.061784431803131645
2015-05-11,28.50918485099784,28.077836963604977,28.471190892738576,28.2320499420166,168143200.0,28.334109425547055,49.360669736974394,28.533260890415736,0,0,-0.010186667069678856,-0.010186667069678856,1.0140712197956887,-0.07134172143594264
2015-05-12,28.357203525576022,27.896801797204617,28.071128599009672,28.131473541259766,192640000.0,28.314810769900646,48.62287565422242,28.497900554112025,0,0,-0.0035624901827320254,-0.0,1.0140712197956887,-0.07134172143594264
2015-05-13,28.42649694576511,28.131481877182047,28.194060572769125,28.162771224975586,138776800.0,28.300330813241114,48.873195496186604,28.448083060128347,0,0,0.0011125504559836852,0.0,1.0140712197956887,-0.07134172143594264
2015-05-14,28.819841384887695,28.419784589174334,28.47565865289466,28.819841384887695,180814000.0,28.34980801054079,53.84299683823076,28.435501643589564,1,1,0.023331161364170017,0.0,1.0140712197956887,-0.07134172143594264
2015-05-15,28.940538742139225,28.654463734874764,28.846670700094613,28.779621124267578,152832000.0,28.390742592800486,53.5078635859552,28.382369995117188,0,0,-0.0013955753636176738,-0.0013955753636176738,1.0126560069843882,-0.07263773405072627
2015-05-18,29.21543763361359,28.687986210700842,28.692457091736877,29.09698486328125,203531600.0,28.4580037614177,55.793280330019556,28.38513387952532,1,1,0.011027377241810354,0.0,1.0126560069843882,-0.07263773405072627
2015-05-19,29.25119709310559,28.97406045096111,29.208732250086047,29.070165634155273,178532800.0,28.516304892154615,55.55037431325373,28.41650526864188,0,0,-0.0009217184959882108,-0.0009217184959882108,1.011722623212677,-0.07349250100373328
2015-05-20,29.273544501554046,28.907010704933214,29.054519081816487,29.067928314208984,145819600.0,28.568840456159794,55.52914501876945,28.503199304853165,0,0,-7.696275193080915e-05,-0.0,1.011722623212677,-0.07349250100373328
2015-05-21,29.418821313047655,29.016527260185256,29.07016760399463,29.36518096923828,158921600.0,28.644682409786316,57.78538577135007,28.55071517399379,1,1,0.010226138299783694,0.0,1.011722623212677,-0.07349250100373328
2015-05-22,29.71829946014295,29.367408677354224,29.412110659829,29.622194290161133,182384000.0,28.737778779345824,59.64864946062832,28.6205632346017,1,1,0.00875231524001463,0.00875231524001463,1.020577538546489,-0.06538341530028036
2015-05-26,29.704893968093028,28.85784108371209,29.635610660932755,28.969589233398438,282790400.0,28.75985596544607,53.35428357387472,28.689899444580078,0,0,-0.02203094917176529,-0.02203094917176529,0.998093246668926,-0.08597390577288877
2015-05-27,29.559610270034735,29.065685509521913,29.130497915956493,29.510440826416016,183332800.0,28.8313402379194,57.28636062488356,28.810427120753697,1,1,0.01866963278837397,0.0,0.998093246668926,-0.08597390577288877
2015-05-28,29.49033504010866,29.300365238124932,29.470221192301462,29.452341079711914,122933200.0,28.890483175232973,56.74546442902463,28.91451304299491,0,0,-0.0019687861338923973,-0.0019687861338923973,0.9961282145245526,-0.08777342767321883
2015-05-29,29.37859196680378,29.032171972417448,29.329422501263352,29.117101669311523,203538000.0,28.91206588895474,53.66771658374029,28.956977435520717,0,0,-0.011382436781275707,-0.0,0.9961282145245526,-0.08777342767321883
2015-06-01,29.36518228759951,29.065698027688825,29.1171012280536,29.175209045410156,128451200.0,28.937127141950494,54.12172256641888,29.02434594290597,1,1,0.001995644235424532,0.0,0.9961282145245526,-0.08777342767321883
2015-06-02,29.20202279900119,28.902538622413736,29.023225104971452,29.045576095581055,134670400.0,28.947455613724834,52.90433279991258,29.08963898250035,0,0,-0.004443256931846884,-0.004443256931846884,0.9917021609303581,-0.0918266847141247
2015-06-03,29.264607494316557,29.03216942122661,29.20202880008843,29.08133888244629,123934000.0,28.960206401222113,53.20996824691955,29.15525095803397,1,1,0.001231264504706342,0.0,0.9917021609303581,-0.0918266847141247
2015-06-04,29.184143768776664,28.810905401701508,28.960647495537707,28.91147804260254,153800400.0,28.955565605163105,51.53777397511881,29.16179643358503,0,0,-0.00584088788106929,-0.00584088788106929,0.9859097397969497,-0.09713122322528855
2015-06-05,28.985224609230976,28.68797423466008,28.942759782823476,28.75278663635254,142507200.0,28.936253322419244,49.992742849649716,29.159879684448242,0,0,-0.005488872136393708,-0.0,0.9859097397969497,-0.09713122322528855
2015-06-08,28.877949026140662,28.346026913946787,28.808662331050115,28.56281852722168,210699200.0,28.900688103829,48.17296392818359,29.121724946158274,0,0,-0.006606946016518678,-0.0,0.9859097397969497,-0.09713122322528855
2015-06-09,28.62540218350224,28.075601573279236,28.31697624486264,28.477893829345703,224301600.0,28.86042198244964,47.361688086043884,29.079419817243302,0,0,-0.002973260422287738,-0.0,0.9859097397969497,-0.09713122322528855
2015-06-10,28.90700941739929,28.574000421733558,28.58964509387513,28.804203033447266,156349200.0,28.855067796830365,50.71845509406849,29.060582297188894,0,0,0.011458333472867732,0.0,0.9859097397969497,-0.09713122322528855
2015-06-11,29.09474386884714,28.714800877836893,28.871247590572576,28.7393856048584,141563600.0,28.844050445213988,50.05107761685286,29.015882628304617,0,0,-0.002250276756958103,-0.0,0.9859097397969497,-0.09713122322528855
2015-06-12,28.681284146522692,28.4086183538723,28.649994797052155,28.422027587890625,147544800.0,28.803857792135574,46.872329347106984,28.930156435285294,0,0,-0.011042616614397094,-0.0,0.9859097397969497,-0.09713122322528855
2015-06-15,28.437666737767664,28.09571769560075,28.18288111006913,28.366147994995117,175955600.0,28.762171144788866,46.32700227583355,28.88705348968506,0,0,-0.0019660663801239764,-0.0,0.9859097397969497,-0.09713122322528855
2015-06-16,28.5740034273007,28.243229837188753,28.390736517876093,28.518129348754883,125976400.0,28.738929068976105,48.05713681423188,28.81617409842355,0,0,0.005357842516600542,0.0,0.9859097397969497,-0.09713122322528855
2015-06-17,28.580699219165577,28.32591363607703,28.544940706610866,28.451072692871094,131672400.0,28.711514176013722,47.34828371474277,28.74465492793492,0,0,-0.0023513693715228046,-0.0,0.9859097397969497,-0.09713122322528855
2015-06-18,28.67680529040624,28.433195179396215,28.435430619491505,28.58070182800293,141628800.0,28.69905585715555,48.88256343171333,28.706340653555735,0,0,0.004556212573465279,0.0,0.9859097397969497,-0.09713122322528855
2015-06-19,28.56729194657224,28.249927665922023,28.542707221507953,28.294626235961914,218867600.0,28.660538750375203,45.78333215762751,28.643441881452286,0,0,-0.010009397031696565,-0.0,0.9859097397969497,-0.09713122322528855
2015-06-22,28.62093167835589,28.40190628949359,28.49353887316094,28.52035903930664,136157200.0,28.647188301702005,48.49561207376414,28.605926377432688,0,0,0.007977939042637772,0.0,0.9859097397969497,-0.09713122322528855
2015-06-23,28.52036006149513,28.357207028925068,28.49130615931855,28.390731811523438,121075600.0,28.622763874065953,47.07215708421257,28.556597300938197,0,0,-0.004545076995859376,-0.0,0.9859097397969497,-0.09713122322528855
2015-06-24,29.009817948797807,28.410847847657895,28.430961694475176,28.632108688354492,221123600.0,28.623653856379146,49.95159275259765,28.53664234706334,1,1,0.008501960373317408,0.0,0.9859097397969497,-0.09713122322528855
2015-06-25,28.87571821035886,28.49577522277832,28.79973029489926,28.49577522277832,127752400.0,28.611474938893352,48.386533094322246,28.518284388950892,0,0,-0.004761558677360833,-0.004761558677360833,0.981215272720325,-0.10143028588385827
2015-06-26,28.605292373182664,28.27451878771564,28.533773621853992,28.328157424926758,176267200.0,28.58449231851558,46.500984394381746,28.501522881644114,0,0,-0.005882198204510525,-0.0,0.981215272720325,-0.10143028588385827
2015-06-29,28.26557839428839,27.82082121804163,28.039846645379797,27.831995010375977,196645600.0,28.51282590821657,41.466130374333105,28.455387251717703,0,0,-0.01751481422205714,-0.0,0.981215272720325,-0.10143028588385827
2015-06-30,28.187345499404042,27.90573976858845,28.06442188928666,28.033132553100586,177482800.0,28.46714082677695,44.051137076842174,28.4003107888358,0,0,0.0072268460327626904,0.0,0.981215272720325,-0.10143028588385827
2015-07-01,28.37061585119911,28.15829338065675,28.3616757961629,28.294626235961914,120955200.0,28.450710865746945,47.239777256335145,28.36854226248605,0,0,0.009328022202513608,0.0,0.981215272720325,-0.10143028588385827
2015-07-02,28.31474515025024,28.10912727026959,28.256635638181272,28.25887107849121,108844000.0,28.43244040981783,46.855426242666866,28.356888226100377,0,0,-0.0012636730795637652,-0.0,0.981215272720325,-0.10143028588385827
2015-07-06,28.211936893652904,27.903510928102136,27.923626480488263,28.160531997680664,112241600.0,28.40654437056667,45.77714333420337,28.342201369149343,0,0,-0.00347993663785795,-0.0,0.981215272720325,-0.10143028588385827
2015-07-07,28.19405755556789,27.66213528971851,28.13594804225212,28.091249465942383,187787200.0,28.376516284411977,45.008993172973234,28.31170994894845,0,0,-0.0024602706988627876,-0.0,0.981215272720325,-0.10143028588385827
2015-07-08,27.856577220215424,27.387235356101556,27.820818700782862,27.393939971923828,243046400.0,28.282937587984534,38.21520693871614,28.23620046888079,0,0,-0.024823014542801558,-0.0,0.981215272720325,-0.10143028588385827
2015-07-09,27.726953013346197,26.645231639120965,27.68001899059427,26.835203170776367,314380000.0,28.145058119678993,33.899394043402424,28.111521993364608,0,0,-0.020396365098270364,-0.0,0.981215272720325,-0.10143028588385827
2015-07-10,27.680018488469813,27.089988348660913,27.25314141015077,27.55262565612793,245418000.0,28.088635980293176,42.65289866543493,28.058521951947892,0,0,0.02673437874816753,0.0,0.981215272720325,-0.10143028588385827
2015-07-13,28.10689251501363,27.785057327716807,27.94373948113641,28.084543228149414,165762000.0,28.088246194374722,48.02469254228199,28.02739225115095,0,0,0.01930551297216132,0.0,0.981215272720325,-0.10143028588385827
2015-07-14,28.24322188621343,27.945971462797072,28.169467714062108,28.0733642578125,127072400.0,28.08682886708308,47.92537927079489,28.004723140171595,0,0,-0.00039804707686008634,-0.0,0.981215272720325,-0.10143028588385827
2015-07-15,28.417551864106752,28.066662778625943,28.09795212088732,28.34379768371582,134596800.0,28.111302087714773,50.530427757479465,27.98412949698312,1,1,0.00963309646182009,0.0,0.981215272720325,-0.10143028588385827
2015-07-16,28.734914943921616,28.46224753674022,28.549410939177225,28.72150230407715,144889600.0,28.169416394035,53.91945910504457,28.000252859933035,1,1,0.013325829678015433,0.013325829678015433,0.9942907803220635,-0.08945609891972361
2015-07-17,28.969589233398438,28.676809626865467,28.848902732261653,28.969589233398438,184658800.0,28.24562333111723,56.003396016841876,28.046069417681014,1,1,0.00863767245510938,0.00863767245510938,1.0028791384076206,-0.08159111894619475
2015-07-20,29.718307658494407,29.21097002793276,29.27131499269503,29.517162322998047,235600800.0,28.366722282724925,60.18661596414029,28.166438511439733,1,1,0.018901651838691746,0.018901651838691746,1.0218352107180886,-0.0642316740309532
2015-07-21,29.70712782831348,29.12603949367053,29.69148486063871,29.22214126586914,307025600.0,28.44819075731009,57.10719080081993,28.251367705208914,0,0,-0.009994899031979254,-0.009994899031979254,1.01162207095964,-0.07358458396633816
2015-07-22,28.04878665545674,27.264314136896378,27.264314136896378,27.986207962036133,461802400.0,28.40419239585543,46.59432405837369,28.22933782849993,0,0,-0.0422944127395809,-0.0,1.01162207095964,-0.07358458396633816
2015-07-23,28.404137800452204,27.950440682477648,28.20522627291795,27.97279167175293,203998000.0,28.36310661260757,46.49651826013643,28.208903585161483,0,0,-0.0004793893585512965,-0.0,1.01162207095964,-0.07358458396633816
2015-07-24,28.102425627737915,27.691193234550635,28.008557586485367,27.82529067993164,168649200.0,28.311886047590814,45.393793929990714,28.18495777675084,0,0,-0.005273016492316596,-0.0,1.01162207095964,-0.07358458396633816
2015-07-27,27.62637453642065,27.29336556595134,27.510155519184096,27.438636779785156,177822000.0,28.228719450656943,42.60563566546352,28.138342584882462,0,0,-0.013895772180570587,-0.0,1.01162207095964,-0.07358458396633816
2015-07-28,27.69342853644598,27.389473419028683,27.574974060058594,27.574974060058594,134472400.0,28.16645798488567,43.884925963253316,28.151273591177805,0,0,0.004968806627225764,0.0,1.01162207095964,-0.07358458396633816
2015-07-29,27.601789897612022,27.326888729746123,27.523566542574166,27.48780632019043,148046800.0,28.101824493009932,43.23634178343557,28.197888101850236,0,0,-0.0031611177467768536,-0.0,1.01162207095964,-0.07358458396633816
2015-07-30,27.393939832061694,27.201732888811602,27.338065760306236,27.349241256713867,134513200.0,28.030149899076974,42.19290823383459,28.183360644749232,0,0,-0.005040964777708878,-0.0,1.01162207095964,-0.07358458396633816
2015-07-31,27.409583993039575,27.02293637857796,27.40064393710838,27.11009979248047,171540000.0,27.942526079401116,40.42076853107948,28.11375754220145,0,0,-0.00874398898268125,-0.0,1.01162207095964,-0.07358458396633816
2015-08-03,27.393938591663268,26.26528171125204,27.154797643583862,26.47089958190918,279904000.0,27.802371174878076,36.14895170441203,27.999295779636928,0,0,-0.02357793646885009,-0.0,1.01162207095964,-0.07358458396633816
2015-08-04,26.305504722408713,25.310947213727,26.242926052892678,25.621606826782227,496554400.0,27.594679332202283,31.493835609485885,27.80485357557024,0,0,-0.032084015599809,-0.0,1.01162207095964,-0.07358458396633816
2015-08-05,26.247402163645372,25.053931210213424,25.24390269629094,25.79146957397461,397250400.0,27.422945069513933,33.302108748640094,27.59556552342006,0,0,0.006629668011876033,0.0,1.01162207095964,-0.07358458396633816
2015-08-06,26.15517360004119,25.62084534827494,26.036184672313123,25.847597122192383,211612000.0,27.272911931673782,33.90888943806979,27.372566086905344,0,0,0.0021762058984964305,0.0,1.01162207095964,-0.07358458396633816
2015-08-07,26.099045495153465,25.706156638237175,25.724117682782484,25.93515396118164,154681600.0,27.14550641067453,34.88166650261833,27.1167083467756,0,0,0.0033874266368103534,0.0,1.01162207095964,-0.07358458396633816
2015-08-10,26.938706292793295,26.161909053278666,26.161909053278666,26.878089904785156,219806400.0,27.120038172018397,44.19328626880055,26.94927610669817,0,0,0.03635744538146368,0.0,1.01162207095964,-0.07358458396633816
2015-08-11,26.532341228839822,25.443478357436547,26.449272696917568,25.479398727416992,388331200.0,26.963786796342074,36.12705673218674,26.770218304225377,0,0,-0.052038339864290406,-0.0,1.01162207095964,-0.07358458396633816
2015-08-12,25.912699237375065,24.61279839966604,25.263871597726855,25.87228775024414,404870000.0,26.859834506237508,39.3976618606047,26.620182309831893,0,0,0.015419870265791724,0.0,1.01162207095964,-0.07358458396633816
2015-08-13,26.132723845565803,25.71513895153043,26.051900852342207,25.852088928222656,194143200.0,26.763858736902762,39.28879081610196,26.479239327566965,0,0,-0.0007807126380345863,-0.0,1.01162207095964,-0.07358458396633816
2015-08-14,26.11251296830233,25.596145832594658,25.665742732593245,26.033935546875,171718000.0,26.694342242614404,40.83810535727647,26.378903525216238,0,0,0.007034117016896824,0.0,1.01162207095964,-0.07358458396633816
2015-08-17,26.41335694167236,25.93066457455252,26.05189905602863,26.303348541259766,163538800.0,26.657104747247296,43.10250743926218,26.288073131016322,0,0,0.01034853120457635,0.0,1.01162207095964,-0.07358458396633816
2015-08-18,26.36621226099731,26.045165847545757,26.1394587685389,26.155174255371094,138242800.0,26.609301843259082,42.168121225162835,26.19288512638637,0,0,-0.005633286030341078,-0.0,1.01162207095964,-0.07358458396633816
2015-08-19,26.15966540643854,25.746571603357356,26.065372479151712,25.820659637451172,193146000.0,26.534193061753566,40.10221366069173,26.083700725010463,0,0,-0.012789615341646132,-0.0,1.01162207095964,-0.07358458396633816
2015-08-20,25.672480035526398,25.061818225584076,25.6118636514313,25.290817260742188,274006400.0,26.415776318800102,37.07388686996459,25.953751972743444,0,0,-0.020520094534706712,-0.0,1.01162207095964,-0.07358458396633816
2015-08-21,25.12243395959084,23.71925960654018,24.792407077695835,23.743955612182617,513102000.0,26.161317203884153,30.090775749727655,25.758970260620117,0,0,-0.06116297597708298,-0.0,1.01162207095964,-0.07358458396633816
2015-08-24,24.426461573215043,20.654727956824967,21.299066282542274,23.151256561279297,648825200.0,25.87464476173131,27.966194425534354,25.58251667022705,0,0,-0.0249621023802461,-0.0,1.01162207095964,-0.07358458396633816
2015-08-25,24.945077073193595,23.23657153175285,24.945077073193595,23.29045295715332,414406400.0,25.628531256533407,29.20194677448424,25.403872626168386,0,0,0.006012476925629562,0.0,1.01162207095964,-0.07358458396633816
2015-08-26,24.671180739886246,23.584562984897566,24.04255773737618,24.626279830932617,387098400.0,25.533078739809522,39.658935365503574,25.31663567679269,0,0,0.05735512642183349,0.0,1.01162207095964,-0.07358458396633816
2015-08-27,25.423279088526364,24.70036323508548,25.196527298438387,25.351436614990234,338464400.0,25.51577948982673,44.35535432333295,25.27494158063616,0,0,0.029446460814871456,0.0,1.01162207095964,-0.07358458396633816
2015-08-28,25.43899296023259,25.041614678414888,25.18305405746331,25.43450355529785,212657600.0,25.508038924633503,44.872714700940406,25.171828269958496,0,0,0.003276616689189993,0.0,1.01162207095964,-0.07358458396633816
2015-08-31,25.712889939424134,25.144885217060533,25.151620180114747,25.31551170349121,224917200.0,25.48970299881043,44.25231555929434,25.160122053963796,0,0,-0.004678363450182466,-0.0,1.01162207095964,-0.07358458396633816
2015-09-01,25.1179404405617,24.10316559913121,24.729542775978945,24.183988571166992,307383600.0,25.36534924379677,38.872646485252695,25.039529255458287,0,0,-0.04469683036934913,-0.0,1.01162207095964,-0.07358458396633816
2015-09-02,25.221214294433594,24.500544208679692,24.747504245766635,25.221214294433594,247555200.0,25.351622105762182,45.29021885238291,24.99446678161621,0,0,0.04288894365850049,0.0,1.01162207095964,-0.07358458396633816
2015-09-03,25.320007305220702,24.704855978054088,25.254899791662,24.77894401550293,212935600.0,25.297081335261304,43.25208321793255,24.90482452937535,0,0,-0.01753564573725841,-0.0,1.01162207095964,-0.07358458396633816
2015-09-04,24.79689993781752,24.361355722674787,24.464629163909024,24.531980514526367,199985200.0,25.224214590429405,42.13748414480454,24.778298241751536,0,0,-0.009966667700691767,-0.0,1.01162207095964,-0.07358458396633816
2015-09-08,25.27061788595885,24.767720486274587,25.088766968796854,25.21449089050293,219374400.0,25.22328852376974,46.172703043305305,24.71110657283238,0,0,0.02782125053345852,0.0,1.01162207095964,-0.07358458396633816
2015-09-09,25.598395995423154,24.644237197110613,25.540025161020697,24.729551315307617,340043200.0,25.17626593248763,43.883793083451025,24.63317026410784,0,0,-0.019232574526339752,-0.0,1.01162207095964,-0.07358458396633816
2015-09-10,25.432258091115777,24.67342190271092,24.756488740759696,25.272857666015625,251571200.0,25.18546514520458,46.983280039494566,24.631887435913086,1,1,0.021969923504908007,0.0,1.01162207095964,-0.07358458396633816
2015-09-11,25.64105224609375,25.091008464846674,25.097743429153095,25.64105224609375,199662000.0,25.22885439290831,48.99302112394465,24.76739433833531,1,1,0.014568775124042865,0.014568775124042865,1.0263601654219694,-0.06008784609869722
2015-09-14,26.242729114504538,25.786978337312043,26.173132211443438,25.88800621032715,233453600.0,25.291630756472006,50.322561275224075,24.96287645612444,1,1,0.009631194611797511,0.009631194611797511,1.036245239916945,-0.05103536922648
2015-09-15,26.16190089129518,25.688189165328893,26.02719651663356,26.10577392578125,173364800.0,25.369168201168126,51.49611313504282,25.163970811026438,1,1,0.00841191529717844,0.00841191529717844,1.0449620471022307,-0.043052759132394924
2015-09-16,26.164153216941944,25.917194847376045,26.099045714562475,26.134967803955078,148694000.0,25.442101496671643,51.65727005272175,25.2717342376709,1,1,0.0011182920014869424,0.0011182920014869424,1.0461306198013627,-0.041982612687087584
2015-09-17,26.152924404414776,25.53103828427493,25.966584151945153,25.575939178466797,256450400.0,25.454847942556896,48.41484738063914,25.287770135062082,0,0,-0.021390063675673754,-0.021390063675673754,1.0237538192307394,-0.06247466560411352
2015-09-18,25.661257767972646,25.11570341502017,25.192035291081687,25.47042465209961,297141200.0,25.45633143870382,47.81851436122851,25.29033592769078,0,0,-0.004125538680355589,-0.0,1.0237538192307394,-0.06247466560411352
2015-09-21,25.901478805540528,25.517570475909544,25.5198143218038,25.865556716918945,200888000.0,25.49530527472431,50.23476915079445,25.32962485722133,1,1,0.015513367767378883,0.0,1.0237538192307394,-0.06247466560411352
2015-09-22,25.63431581880713,25.261631828430936,25.45470878754108,25.459199905395508,201384800.0,25.491866668121567,47.83687107832209,25.420711381094797,0,0,-0.015710344686207134,-0.015710344686207134,1.0076702938568034,-0.07720351175952456
2015-09-23,25.755552118136006,25.4367512424494,25.510837563658463,25.665748596191406,143026800.0,25.508426851747267,49.135929601546124,25.452463831220353,1,1,0.00811292937576269,0.0,1.0076702938568034,-0.07720351175952456
2015-09-24,25.930664833732273,25.22795565876358,25.42552201229593,25.818410873413086,200878000.0,25.537949139524965,50.10270975937033,25.526711463928223,1,1,0.005948093687956346,0.005948093687956346,1.0136640111712343,-0.071714631792553
2015-09-25,26.197831907334532,25.598394409408012,26.14170492267599,25.753305435180664,224607600.0,25.55845926292075,49.678823011156965,25.61394895826067,0,0,-0.0025216671371306454,-0.0025216671371306454,1.0111078879461717,-0.07405545849944106
2015-09-28,25.721868789768884,25.243667602539062,25.560222835533658,25.243667602539062,208436000.0,25.52847910478916,46.441293608074005,25.616033009120397,0,0,-0.01978922021968499,-0.0,1.0111078879461717,-0.07405545849944106
2015-09-29,25.48389004694548,24.215420176970778,25.331224619380855,24.48482894897461,293461600.0,25.429083851854443,42.13728481036489,25.59855284009661,0,0,-0.03006055480971903,-0.0,1.0111078879461717,-0.07405545849944106
2015-09-30,25.041620697542985,24.410753811710542,24.734044143365967,24.76323127746582,265892000.0,25.36566932096029,44.136665576648,25.562150955200195,0,0,0.011370401201143299,0.0,1.0111078879461717,-0.07405545849944106
2015-10-01,24.610562097030005,24.091947567755877,24.48708203937909,24.601581573486328,255716400.0,25.2928990592961,43.22381798969468,25.48790305001395,0,0,-0.006527811422033292,-0.0,1.0111078879461717,-0.07405545849944106
2015-10-02,24.92262049015925,24.14582342305545,24.249096843355577,24.781179428100586,232079200.0,25.2441638563251,44.5646916052684,25.408843994140625,0,0,0.007300256452122289,0.0,1.0111078879461717,-0.07405545849944106
2015-10-05,25.003447501084377,24.48707860336766,24.668929469245697,24.870986938476562,208258800.0,25.20862319748238,45.245352121114074,25.32064492361886,0,0,0.0036240208274405106,0.0,1.0111078879461717,-0.07405545849944106
2015-10-06,25.086513445638282,24.64423258779054,24.837309527895236,24.989974975585938,192787200.0,25.187799557301766,46.16719757292339,25.238859721592494,0,0,0.004784210510170528,0.0,1.0111078879461717,-0.07405545849944106
2015-10-07,25.093249298200774,24.563412186347982,25.086514334702994,24.870986938476562,187062400.0,25.15762692693746,45.363268271362486,25.18850599016462,0,0,-0.004761430822784796,-0.0,1.0111078879461717,-0.07405545849944106
2015-10-08,24.738525344065252,24.293998961076174,24.738525344065252,24.583614349365234,247918400.0,25.10295906240677,43.44020044940065,25.125162397112167,0,0,-0.011554530981106703,-0.0,1.0111078879461717,-0.07405545849944106
2015-10-09,25.207751511096205,24.58137414594689,24.69587367622829,25.171831130981445,211064400.0,25.10951830703293,48.173965599291726,25.0756105695452,1,1,0.023927188787494114,0.0,1.0111078879461717,-0.07405545849944106
2015-10-12,25.313268686291394,25.019163851000314,25.308779281424307,25.055084228515625,121868800.0,25.104334109078902,47.34608581451643,25.04674516405378,0,0,-0.004637998000953103,-0.004637998000953103,1.0064183715831294,-0.07834998743191401
2015-10-13,25.245916426047607,24.848538137582143,24.879969111229823,25.097742080688477,132197200.0,25.103706296851243,47.69182963162734,25.006173270089285,0,0,0.0017025627127726928,0.0,1.0064183715831294,-0.07834998743191401
2015-10-14,25.03712587830079,24.597090501001063,24.985490008903326,24.74302101135254,177849600.0,25.06935531727994,45.099671258209014,24.929359708513534,0,0,-0.01413358493347805,-0.0,1.0064183715831294,-0.07834998743191401
2015-10-15,25.167334325803207,24.805876483011,24.904660503508534,25.113452911376953,150694000.0,25.07355508814632,48.19486707401047,24.883655956813268,1,1,0.014971167015315201,0.0,1.0064183715831294,-0.07834998743191401
2015-10-16,25.144892603424363,24.81486561394684,25.095500576038628,24.929365158081055,156930400.0,25.05982271385439,46.81421625611825,24.861205782209122,0,0,-0.007330244628069527,-0.007330244628069527,0.9990410787212417,-0.08510590748550151
2015-10-19,25.08876560507488,24.720572671926288,24.875483719079494,25.08427619934082,119036800.0,25.06215161723405,48.13043935328343,24.90402344294957,1,1,0.0062139986428635385,0.0,0.9990410787212417,-0.08510590748550151
2015-10-20,25.632070361692858,24.879969126890597,24.996712498675528,25.542266845703125,195871200.0,25.10787687708825,51.839592197965096,24.959668840680802,1,1,0.01825807700101545,0.01825807700101545,1.0172816476637117,-0.06840170069659768
2015-10-21,25.948624311384773,25.526548349844486,25.593901407112224,25.540019989013672,167180800.0,25.149033363938287,51.820455872495145,25.026700156075613,0,0,-8.796622097118068e-05,-8.796622097118068e-05,1.0171921612415034,-0.06848364987845046
2015-10-22,25.930667877197266,25.616356408841117,25.66799399030679,25.930667877197266,166616400.0,25.22347474615343,54.86943364807877,25.108806473868235,1,1,0.01529552006426127,0.0,1.0171921612415034,-0.06848364987845046
2015-10-23,26.768083960411673,26.117010554855703,26.200077401144117,26.734407424926758,237467600.0,25.367373096512793,60.30928185361577,25.241907937186106,1,1,0.030995713320453255,0.030995713320453255,1.0487207578631572,-0.039610636136768074
2015-10-26,26.5211166030824,25.800446476997013,26.509892236224317,25.881269454956055,265335200.0,25.416315606840723,53.15101495069984,25.305571828569686,0,0,-0.03191160950046901,-0.03191160950046901,1.0152543905631923,-0.07025820648477521
2015-10-27,26.164150763231532,25.59165493545775,25.908211895319788,25.71738052368164,279537600.0,25.44498845606367,51.90523415516033,25.36602851322719,0,0,-0.006332337428797574,-0.0,1.0152543905631923,-0.07025820648477521
2015-10-28,26.78379813945785,26.056391174832783,26.25171370081057,26.777061462402344,342205600.0,25.571852551905447,58.52205262155098,25.522703307015554,1,1,0.04120485512686267,0.0,1.0152543905631923,-0.07025820648477521
2015-10-29,27.095862428854197,26.552551940309957,26.649090418043976,27.059940338134766,204909200.0,25.713575198213,60.065875122641714,25.65756825038365,1,1,0.010564224014259826,0.010564224014259826,1.0259797653765628,-0.060436205902660634
2015-10-30,27.21484724244894,26.81746731002505,27.163209673061345,26.828693389892578,197461200.0,25.819776930753914,58.201779190990266,25.78425461905343,0,0,-0.00854573015877269,-0.00854573015877269,1.0172120191532938,-0.06846546455396907
2015-11-02,27.246283078771686,26.85339419324062,27.12055918351682,27.20587158203125,128813200.0,25.951785945161276,60.31624269654272,25.934835297720774,1,1,0.01405876114267901,0.0,1.0172120191532938,-0.06846546455396907
2015-11-03,27.72447974618764,27.098102507443866,27.11830910887912,27.517932891845703,182076000.0,26.10094279722646,61.99080317718546,26.13304328918457,1,1,0.011470366199205273,0.011470366199205273,1.028879813515215,-0.057780422305196644
2015-11-04,27.798567449813685,27.30465076667828,27.6436564543748,27.389963150024414,179544400.0,26.223706640350073,60.88183383608434,26.295651163373673,0,0,-0.004650412599094933,-0.004650412599094933,1.0240950978674894,-0.06216213210042254
2015-11-05,27.662781423640762,27.09685397164177,27.47338664265119,27.263700485229492,158210800.0,26.32275367319573,59.771306942267024,26.462389401027135,0,0,-0.0046098150663196336,-0.0,1.0240950978674894,-0.06216213210042254
2015-11-06,27.464382230500124,27.1960752522188,27.306554596216994,27.29528045654297,132169200.0,26.415375271609754,59.96357618147778,26.620318276541575,1,1,0.001158315663370324,0.0,1.0240950978674894,-0.06216213210042254
2015-11-09,27.464366803810695,27.06754276902502,27.27271857834618,27.184785842895508,135485600.0,26.488652468875063,58.9263130907618,26.737641062055314,0,0,-0.00404812157264256,-0.00404812157264256,1.0199494364093746,-0.06595861380510781
2015-11-10,26.621115118947525,26.167922111441595,26.357316897342074,26.328004837036133,236511600.0,26.47335269441421,51.63580983451665,26.79392569405692,0,0,-0.03151693049232851,-0.0,1.0199494364093746,-0.06595861380510781
2015-11-11,26.4745668425892,25.976280610292136,26.237825449068033,26.179203033447266,180872000.0,26.445338440988785,50.493719740975465,26.811678205217635,0,0,-0.005651845041426906,-0.0,1.0199494364093746,-0.06595861380510781
2015-11-12,26.33928790437367,26.075489593297267,26.21302581774399,26.091272354125977,130102400.0,26.411617861287564,49.808450822869105,26.76573998587472,0,0,-0.0033587989370397198,-0.0,1.0199494364093746,-0.06595861380510781
2015-11-13,26.057441268759586,25.313393194562373,25.97401715468327,25.32917594909668,183249600.0,26.308528155364623,44.320904910366416,26.726304735456193,0,0,-0.029208863204740587,-0.0,1.0199494364093746,-0.06595861380510781
2015-11-16,25.757576661059854,25.027057622909727,25.112735218926293,25.744049072265625,152426800.0,26.254768242688527,47.62735107185491,26.72820963178362,0,0,0.01637925860686118,0.0,1.0199494364093746,-0.06595861380510781
2015-11-17,25.94020574759523,25.550143671693334,25.910893680503573,25.633567810058594,110467600.0,26.19560629672377,46.8475110305811,26.64653151375907,0,0,-0.004291526243478727,-0.0,1.0199494364093746,-0.06595861380510781
2015-11-18,26.490336921145584,26.041654353760237,26.10027674131827,26.44524383544922,186698800.0,26.219381300411907,52.82149146516677,26.6026246207101,1,1,0.03166457480304885,0.0,1.0199494364093746,-0.06595861380510781
2015-11-19,26.99989978711818,26.325748282437807,26.52416028790941,26.78119468688965,173183200.0,26.272887337219313,55.023868696259655,26.59923185620989,1,1,0.012703639774729325,0.012703639774729325,1.0329065066379575,-0.05409288850019911
2015-11-20,27.03823285348772,26.796981174505373,26.87589495357598,26.8984432220459,137148400.0,26.332464088155177,55.78218922354206,26.57727268763951,1,1,0.004378017356098329,0.004378017356098329,1.0374285892512454,-0.04995169074879613
2015-11-23,26.99539079582996,26.45651856936305,26.8916735932794,26.548961639404297,129930000.0,26.353082902559855,52.979519057851206,26.508060455322266,0,0,-0.01299263231543335,-0.01299263231543335,1.0239496610375851,-0.06229531911279618
2015-11-24,26.909717854981725,26.406923078164844,26.454271349511398,26.803747177124023,171212800.0,26.396003309661204,54.72518056868947,26.46618788582938,1,1,0.009596817426620996,0.0,1.0239496610375851,-0.06229531911279618
2015-11-25,26.88265667354652,26.587291256137046,26.87814633241232,26.612092971801758,85553200.0,26.416583277484115,53.1624016750743,26.419644492013113,0,0,-0.007150276566025626,-0.007150276566025626,1.016628137771478,-0.06900016691839661
2015-11-27,26.697778930112786,26.51514791269584,26.670722037112466,26.562496185302734,52185600.0,26.43047974489541,52.75204527010197,26.367302758353098,0,0,-0.0018636935678669753,-0.0,1.016628137771478,-0.06900016691839661
2015-11-30,26.92324619414005,26.54896693857106,26.60307900099607,26.672975540161133,156721200.0,26.453574582539765,53.59199540705695,26.330744879586355,1,1,0.004159223368454645,0.0,1.016628137771478,-0.06900016691839661
2015-12-01,26.787959641055217,26.348295971136103,26.77443205742423,26.456520080566406,139409600.0,26.45385510616135,51.6966149091028,26.339924539838517,0,0,-0.008115159827924434,-0.008115159827924434,1.0083780379478973,-0.07655537936362489
2015-12-02,26.630135951895063,26.17243429076986,26.456523909280463,26.217527389526367,133546400.0,26.431347704577064,49.65555031434476,26.342661993844168,0,0,-0.00903341370339894,-0.0,1.0083780379478973,-0.07655537936362489
2015-12-03,26.332518430543608,25.753063307673987,26.278406365114538,25.974021911621094,166278000.0,26.387792867152687,47.6383373561635,26.33428696223668,0,0,-0.009287888758058527,-0.0,1.0083780379478973,-0.07655537936362489
2015-12-04,26.887175548024228,25.953734119444015,25.99431860417323,26.83757209777832,231108000.0,26.430628984355128,54.5333097556036,26.442029544285365,1,1,0.03324668736692127,0.0,1.0083780379478973,-0.07655537936362489
2015-12-07,27.024711779976055,26.56249968803784,26.82629969905089,26.66847038269043,128336800.0,26.453280546101347,53.09223362263296,26.508059637887136,0,0,-0.006300931934967724,-0.006300931934967724,1.0020243165660712,-0.0823739410639669
2015-12-08,26.74061845965999,26.34830294874675,26.497111568669016,26.657196044921875,137238000.0,26.47270106979854,52.99395234274495,26.58117594037737,0,0,-0.00042275907117161893,-0.0,1.0020243165660712,-0.0823739410639669
2015-12-09,26.535438566581163,25.94696452955152,26.524164432155672,26.06871795654297,185445600.0,26.43422648758372,48.10162809761334,26.55428123474121,0,0,-0.022075768486198633,-0.0,1.0020243165660712,-0.0823739410639669
2015-12-10,26.366338180957943,26.043917530556215,26.163415792559743,26.192726135253906,116850800.0,26.4112264540285,49.14307103793414,26.512247766767228,0,0,0.004756972664235359,0.0,1.0020243165660712,-0.0823739410639669
2015-12-11,26.016854059889774,25.444162895310484,25.97176097173341,25.51856803894043,187544800.0,26.326211366877256,44.081075598143165,26.413685253688268,0,0,-0.025738370753477957,-0.0,1.0020243165660712,-0.0823739410639669
2015-12-14,25.40584521448685,24.75423998760971,25.29311072236012,25.36075210571289,257274800.0,26.234262865813985,42.98990800204981,26.32881314413888,0,0,-0.006184356935182156,-0.0,1.0020243165660712,-0.0823739410639669
2015-12-15,25.432892196896464,24.880492368712538,25.238988808416057,24.912057876586914,213292400.0,26.108338581125693,40.02477481607747,26.193692479814803,0,0,-0.017692465399119617,-0.0,1.0020243165660712,-0.0823739410639669
2015-12-16,25.250267243532736,24.53102246234467,25.042836222258064,25.10371208190918,224954000.0,26.012659866914596,41.8287491574136,26.085950987679617,0,0,0.007693230574194576,0.0,1.0020243165660712,-0.0823739410639669
2015-12-17,25.308884425457535,24.57160186767578,25.25702582075286,24.57160186767578,179091200.0,25.875416247939473,38.448866325754715,25.943744250706263,0,0,-0.02119647534584579,-0.0,1.0020243165660712,-0.0823739410639669
2015-12-18,24.693353425186913,23.856864004003178,24.555818977347712,23.90646743774414,385813200.0,25.687897313635155,34.75386879165758,25.74613652910505,0,0,-0.02706923356131019,-0.0,1.0020243165660712,-0.0823739410639669
2015-12-21,24.208592477802853,23.802747835685683,24.18829938560154,24.199573516845703,190362400.0,25.546152190131398,37.53829823634692,25.584926060267858,0,0,0.01226053493117929,0.0,1.0020243165660712,-0.0823739410639669
2015-12-22,24.287513673273768,24.001167165819563,24.21536368371368,24.177034378051758,131157600.0,25.415760017552383,37.409073014654886,25.439176559448242,0,0,-0.0009313857857146113,-0.0,1.0020243165660712,-0.0823739410639669
2015-12-23,24.542294132606024,24.170270032146377,24.186052789368713,24.488182067871094,130629600.0,25.32741926043988,40.390955496069424,25.333045142037527,0,0,0.012869555668159283,0.0,1.0020243165660712,-0.0823739410639669
2015-12-24,24.576115587976815,24.33937250203435,24.576115587976815,24.357410430908203,54281600.0,25.235037467151145,39.55722002861287,25.155890737261092,0,0,-0.005340193755520306,-0.0,1.0020243165660712,-0.0823739410639669
2015-12-28,24.28075334500743,23.94029472685302,24.25820507239708,24.0845947265625,106816800.0,25.125471491856988,37.841884410241676,24.97132819039481,0,0,-0.011200521710613143,-0.0,1.0020243165660712,-0.0823739410639669
2015-12-29,24.67306833434961,24.09361317659744,24.116159728534203,24.517494201660156,123724800.0,25.06756889279062,42.039922617315746,24.818492344447545,0,0,0.01797412329385062,0.0,1.0020243165660712,-0.0823739410639669
2015-12-30,24.5084712473463,24.16575924119607,24.4814160775029,24.197324752807617,100855200.0,24.98468849850653,39.93989645332335,24.684821401323592,0,0,-0.013058816134271178,-0.0,1.0020243165660712,-0.0823739410639669
2015-12-31,24.131939823006338,23.633653683385177,24.127431201193346,23.732860565185547,163649200.0,24.865466790571197,37.10920103802935,24.50911671774728,0,0,-0.01919485696732559,-0.0,1.0020243165660712,-0.0823739410639669
2016-01-04,23.757659374044465,22.997828537412097,23.13536470843741,23.753149032592773,270597600.0,24.75953176600182,37.31348474865492,24.383015360151017,0,0,0.0008548681837783345,0.0,1.0020243165660712,-0.0823739410639669
2016-01-05,23.865891395773357,23.09027926758266,23.84334484161634,23.15791893005371,223164000.0,24.60699721019724,33.911690052294034,24.22567013331822,0,0,-0.025058997513227377,-0.0,1.0020243165660712,-0.0823739410639669
2016-01-06,23.08125394699571,22.517581647305203,22.67315403228967,22.70471954345703,273829600.0,24.425827908602933,31.60257495367074,24.06800310952323,0,0,-0.019569953067265056,-0.0,1.0020243165660712,-0.0823739410639669
2016-01-07,22.57620283984095,21.74196850545963,22.249273586684012,21.746477127075195,324377600.0,24.170651643695532,27.443488605948886,23.828200612749374,0,0,-0.04220454758526093,-0.0,1.0020243165660712,-0.0823739410639669
2016-01-08,22.3462298068249,21.81637807011819,22.21996773378956,21.86147117614746,283192000.0,23.95072969440524,28.62998823107938,23.634619849068777,0,0,0.005287939209661419,0.0,1.0020243165660712,-0.0823739410639669
2016-01-11,22.334952363018157,21.94714551589993,22.31466098436711,22.2154541015625,198957600.0,23.78546535222974,32.221415292747594,23.51383318219866,0,0,0.016192090759256095,0.0,1.0020243165660712,-0.0823739410639669
2016-01-12,22.702463456384304,22.285344626899796,22.670897948882608,22.537870407104492,196616800.0,23.666646786027336,35.340962731027645,23.395140102931432,0,0,0.014513153954359925,0.0,1.0020243165660712,-0.0823739410639669
2016-01-13,22.815204436611236,21.938130326602067,22.61904582365759,21.95842170715332,249758400.0,23.50395868327743,32.51026199451057,23.236667769295828,0,0,-0.025710002297666734,-0.0,1.0020243165660712,-0.0823739410639669
2016-01-14,22.65512283678372,21.586398681658064,22.086940069720914,22.438671112060547,252680400.0,23.402502724113916,36.91831781219009,23.090274129595077,0,0,0.021870852619192416,0.0,1.0020243165660712,-0.0823739410639669
2016-01-15,22.030573674599744,21.50072191936061,21.690115035537954,21.89980125427246,319335600.0,23.259388298414727,34.27426037270591,22.914730616978236,0,0,-0.024015230451791325,-0.0,1.0020243165660712,-0.0823739410639669
2016-01-19,22.24251168137656,21.53228416336344,22.18839961644163,21.7938289642334,212350800.0,23.119811218968888,33.77354553723853,22.751104491097585,0,0,-0.0048389612676684735,-0.0,1.0020243165660712,-0.0823739410639669
2016-01-20,22.13880379453455,21.063315597555217,21.44210362287622,21.82314682006836,289337600.0,22.996319371454554,34.05410596054486,22.55865110669817,0,0,0.0013452365751367434,0.0,1.0020243165660712,-0.0823739410639669
2016-01-21,22.068897518731085,21.406020056200077,21.884013071057744,21.712657928466797,208646000.0,22.874065900693815,33.491260455136555,22.381174904959543,0,0,-0.005062922066764397,-0.0,1.0020243165660712,-0.0823739410639669
2016-01-22,22.87607485555178,22.179376765991236,22.237997442652777,22.867055892944336,263202000.0,22.873398280908148,43.72129589375369,22.31933171408517,0,0,0.053167049758751306,0.0,1.0020243165660712,-0.0823739410639669
2016-01-25,22.891858708910625,22.36877089390849,22.889603538102705,22.420629501342773,207178000.0,22.830277444759062,41.145053314653346,22.224151747567312,0,0,-0.019522687734336075,-0.0,1.0020243165660712,-0.0823739410639669
2016-01-26,22.745310661789397,22.111743362332327,22.531115813416836,22.54464340209961,300308000.0,22.80307420260102,42.141959635757445,22.18034635271345,0,0,0.0055312408043408645,0.0,1.0020243165660712,-0.0823739410639669
2016-01-27,21.78706975136167,21.045276504274494,21.654043861554804,21.06331443786621,533478800.0,22.6373827964358,34.742640727304064,22.063103130885533,0,0,-0.06570647128068752,-0.0,1.0020243165660712,-0.0823739410639669
2016-01-28,21.311326268055467,20.83107798166302,21.146734883413128,21.214374542236328,222715200.0,22.501858200797756,35.949820720260206,22.025095803397043,0,0,0.007171715772259946,0.0,1.0020243165660712,-0.0823739410639669
2016-01-29,21.9471492767334,21.272997520804886,21.372204420609453,21.9471492767334,257666000.0,22.449028779458295,41.47772873321851,22.03121566772461,0,0,0.03454142534526139,0.0,1.0020243165660712,-0.0823739410639669
2016-02-01,21.805095351881732,21.509731667192636,21.75098330190465,21.74196434020996,163774000.0,22.38168930905369,40.448771843220314,21.997394970485143,0,0,-0.009349047292486312,-0.0,1.0020243165660712,-0.0823739410639669
2016-02-02,21.654038140049035,21.257212306842064,21.51424677193742,21.30230712890625,149428800.0,22.278891006182505,38.305447604106114,21.90914045061384,0,0,-0.0202215956398476,-0.0,1.0020243165660712,-0.0823739410639669
2016-02-03,21.8344058152628,21.212112936400178,21.41954389602105,21.723926544189453,183857200.0,22.226037247897455,41.437882839329575,21.89239079611642,0,0,0.019792194936063323,0.0,1.0020243165660712,-0.0823739410639669
2016-02-04,22.06396947259922,21.57884792409105,21.730731401623157,21.898483276367188,185886800.0,22.19484163156124,42.70564993638664,21.853805950709752,0,0,0.008035229350580986,0.0,1.0020243165660712,-0.0823739410639669
2016-02-05,21.971025981954458,21.238810532180526,21.880348680221665,21.313617706298828,185672400.0,22.11091554344101,39.67629821007088,21.811935697283065,0,0,-0.026708040127123578,-0.0,1.0020243165660712,-0.0823739410639669
2016-02-08,21.69446438775061,21.091463436407842,21.111864924492025,21.538047790527344,216085600.0,22.056356709830183,41.35659107663363,21.793665613446915,0,0,0.010529891608320963,0.0,1.0020243165660712,-0.0823739410639669
2016-02-09,21.748865169160446,21.293213049729875,21.374822436180885,21.533506393432617,177324800.0,22.006561441601846,41.33206833976424,21.772977011544363,0,0,-0.00021085462985759307,-0.0,1.0020243165660712,-0.0823739410639669
2016-02-10,21.841815239434162,21.331757272988767,21.74433742555467,21.37029457092285,169374400.0,21.945964596775276,40.42525989395848,21.74852248600551,0,0,-0.0075794354866211,-0.0,1.0020243165660712,-0.0823739410639669
2016-02-11,21.472300785963785,20.989444948443747,21.26147682031325,21.241073608398438,200298800.0,21.87883212169177,39.69937158498745,21.632380894252233,0,0,-0.006046756262322983,-0.0,1.0020243165660712,-0.0823739410639669
2016-02-12,21.422425862600925,21.084654764484135,21.352151791526197,21.306812286376953,161405600.0,21.824354042137976,40.27368255051753,21.552822521754674,0,0,0.003094884900381123,0.0,1.0020243165660712,-0.0823739410639669
2016-02-16,21.95515600260538,21.44736557080993,21.540308544485956,21.907550811767578,196231600.0,21.83227754400746,45.28627574952542,21.50731590815953,1,1,0.028194669259592686,0.0,1.0020243165660712,-0.0823739410639669
2016-02-17,22.263462553478085,21.79647671768187,21.914356016111405,22.243061065673828,179452800.0,21.87139978416616,47.85888453475593,21.591583524431503,1,1,0.015314822582816134,0.015314822582816134,1.017370141197948,-0.06832066077399279
2016-02-18,22.417605649935677,21.78286639803622,22.406270340981095,21.8214054107666,156084000.0,21.866638415270966,45.056282983759324,21.634942872183665,0,0,-0.018956727838055465,-0.018956727838055465,0.9980841323206946,-0.08598225244003943
2016-02-19,21.93476234651005,21.7171377980822,21.76247559709902,21.771543502807617,141496800.0,21.857581756941123,44.73023067331046,21.622399602617538,0,0,-0.0022849998439781194,-0.0,0.9980841323206946,-0.08598225244003943
2016-02-22,21.966500378783785,21.74434100032865,21.83275092401838,21.961965560913086,137123200.0,21.86752307160512,46.292624828810574,21.638113975524902,1,1,0.00874637381961052,0.0,0.9980841323206946,-0.08598225244003943
2016-02-23,21.875812491419047,21.43376308625236,21.85314360158173,21.465499877929688,127770400.0,21.829235148397938,42.95979223210799,21.64977060045515,0,0,-0.02260570355628755,-0.02260570355628755,0.9755217383012185,-0.10664426668656568
2016-02-24,21.848608852713806,21.154930790323082,21.304548576852696,21.78513526916504,145022800.0,21.825035159899567,45.61339355717431,21.65414265223912,0,0,0.014890656777296618,0.0,0.9755217383012185,-0.10664426668656568
2016-02-25,21.934755325317383,21.59244934487425,21.773803941943285,21.934755325317383,110330800.0,21.83548469946317,46.832144784302656,21.656733512878418,1,1,0.006867988392255553,0.0,0.9755217383012185,-0.10664426668656568
2016-02-26,22.22038456002593,21.893948734855904,22.034496892385544,21.96875762939453,115964400.0,21.84817735945663,47.11563970912554,21.70352922167097,1,1,0.0015501565243312143,0.0015501565243312143,0.977033949688473,-0.10525942546802114
2016-02-29,22.26799458575054,21.909820188753347,21.957425383869325,21.918888092041016,140865200.0,21.854911714940858,46.730955644099176,21.730732100350515,0,0,-0.002270020826611985,-0.002270020826611985,0.9748160622743732,-0.10729050520662353
2016-03-01,22.843784793520882,22.084365851863993,22.136505847523505,22.789379119873047,201628400.0,21.943908610648688,53.679832013245736,21.820437295096262,1,1,0.03971419645817331,0.0,0.9748160622743732,-0.10729050520662353
2016-03-02,22.870996900069787,22.58763139012787,22.78485440767674,22.83926010131836,132678400.0,22.029180181188657,54.04145252722983,21.925363404410227,1,1,0.0021887819401720243,0.0021887819401720243,0.976949722066469,-0.10533655878659964
2016-03-03,23.056888271492348,22.771255307787573,22.800726432404012,23.0092830657959,147822800.0,22.122523313056014,55.29372941332365,22.051664079938615,1,1,0.007444328919732568,0.007444328919732568,0.9842224571355731,-0.0986763898577473
2016-03-04,23.519339206569647,22.97981185511094,23.206504281198356,23.351587295532227,184220400.0,22.239577025672798,57.734362903259786,22.197719437735422,1,1,0.014876788153611598,0.014876788153611598,0.9988645261264061,-0.08526758945181256
2016-03-07,23.3107832495856,22.886867778171705,23.211038025835038,23.093158721923828,143315600.0,22.32087052055385,55.33371423427847,22.282405717032297,0,0,-0.0110668525585772,-0.0110668525585772,0.9878102396897721,-0.09539079816990126
2016-03-08,23.068222904039708,22.759921050947963,22.846063554493053,22.90273666381836,126247600.0,22.376286343721898,53.60488647133646,22.32952540261405,0,0,-0.008245821214777682,-0.0,0.9878102396897721,-0.09539079816990126
2016-03-09,23.027414052296553,22.73044583679451,22.966206136705175,22.92313575744629,108806800.0,22.42836724026708,53.767769846539025,22.408220427376882,1,1,0.0008906836736308765,0.0,0.9878102396897721,-0.09539079816990126
2016-03-10,23.177033871914215,22.703247516988704,22.98888046691315,22.934473037719727,134054400.0,22.476567792405426,53.862531512310156,22.491286822727748,1,1,0.0004945780714034065,0.0004945780714034065,0.9882987889730304,-0.09494339829548637
2016-03-11,23.186095510150654,23.009275736877065,23.177027607735916,23.181562423706055,109632800.0,22.54371013824358,55.93461392319995,22.57840088435582,1,1,0.01077371106717595,0.01077371106717595,0.9989464345734657,-0.08519257996928187
2016-03-14,23.328916849974,23.07275331860583,23.102224438937156,23.24050521850586,100304400.0,22.610071574459035,56.426012166096065,22.705186980111257,1,1,0.0025426584163079635,0.0025426584163079635,1.0014864141327746,-0.08286653718343984
2016-03-15,23.843502174596225,23.542000924748738,23.56693722237675,23.707487106323242,160270800.0,22.71458733939848,60.13357889727375,22.84249782562256,1,1,0.020093448202904707,0.020093448202904707,1.0216097295210642,-0.06443816345318476
2016-03-16,24.099669039487516,23.709757825882104,23.71429264251982,24.022594451904297,153214000.0,22.839159445351413,62.40563626692179,22.991629191807338,1,1,0.013291469659684418,0.013291469659684418,1.0351884242450318,-0.0520031716879642
2016-03-17,24.135939964811694,23.79363395852878,23.92058114834464,23.98405647277832,137682800.0,22.94819725748731,61.95110069695025,23.135579109191895,0,0,-0.0016042388428583187,-0.0016042388428583187,1.0335277347651806,-0.05352398502284883
2016-03-18,24.142739170934313,23.8457726979607,24.10646755890895,24.01125717163086,176820800.0,23.04944105883431,62.155891222890375,23.285034043448313,1,1,0.0011341158608182411,0.0,1.0335277347651806,-0.05352398502284883
2016-03-21,24.403431628337742,23.83443335011889,24.013520512730413,24.008987426757812,142010800.0,23.14082642720798,62.12652026105235,23.37214892251151,0,0,-9.452836462597869e-05,-9.452836462597869e-05,1.0334300370786176,-0.05361345385270244
2016-03-22,24.321832037695593,23.850311348523057,23.859379253644768,24.192617416381836,129777600.0,23.24099699760549,63.59166214678786,23.4688173021589,1,1,0.007648385430006455,0.0,1.0334300370786176,-0.05361345385270244
2016-03-23,24.27195793431858,24.006728211512822,24.1382102334173,24.058866500854492,102814000.0,23.31888933124825,61.75985277869514,23.54378754752023,0,0,-0.005528583915718643,-0.005528583915718643,1.0277166323976041,-0.05884563128978493
2016-03-24,24.086068039081677,23.77776622981937,23.909248239848313,23.954586029052734,104532000.0,23.379431873896294,60.333518335879795,23.586858885628835,0,0,-0.0043343883968122165,-0.0,1.0277166323976041,-0.05884563128978493
2016-03-28,24.072466092977475,23.8163025785128,24.02939398427441,23.845773696899414,77645600.0,23.423845380848974,58.840909459350485,23.64061709812709,0,0,-0.0045424426045747035,-0.0,1.0277166323976041,-0.05884563128978493
2016-03-29,24.435174568930254,23.775498839494148,23.777766247813826,24.41023826599121,124760400.0,23.517787560386328,63.739350748679236,23.748295783996582,1,1,0.023671472197406285,0.0,1.0277166323976041,-0.05884563128978493
2016-03-30,25.03136798224244,24.61878798908748,24.63012329799475,24.83641242980957,182404400.0,23.64337088128378,66.87267494151627,23.8849584034511,1,1,0.0174588285118098,0.0174588285118098,1.0456593608413687,-0.04241417856333263
2016-03-31,24.913497661406872,24.682270421154318,24.8726929560403,24.70720672607422,103553600.0,23.74468858078763,65.07804376325524,24.011582238333567,0,0,-0.005202269212612798,-0.005202269212612798,1.0402195593415833,-0.04739579780062708
2016-04-01,24.93616442673863,24.528117407945324,24.659599417281587,24.933897018432617,103496000.0,23.857946527230013,66.72713376440427,24.136748995099747,1,1,0.009175067617787969,0.0,1.0402195593415833,-0.04739579780062708
2016-04-04,25.432624307792803,24.99737352719438,25.031377737643226,25.1900634765625,149424800.0,23.98481480811882,68.4967029174532,24.27600315638951,1,1,0.01027382353991868,0.01027382353991868,1.0509065915370306,-0.037608910323845834
2016-04-05,25.10164374846506,24.804675604866937,24.82507881496581,24.893085479736328,106314800.0,24.071316776844295,64.32209302846596,24.360688754490443,0,0,-0.011789489816192322,-0.011789489816192322,1.0385169389783353,-0.04895501027477711
2016-04-06,25.158318613905184,24.754804764472112,24.988299345661485,25.153783798217773,105616400.0,24.17440887411796,66.22423021997227,24.441487993512833,1,1,0.01047272017338563,0.0,1.0385169389783353,-0.04895501027477711
2016-04-07,25.031367433279193,24.509976095960486,24.924821758178663,24.605186462402344,127207600.0,24.215435311097426,59.22947947315248,24.485854421343124,0,0,-0.02180973408280229,-0.02180973408280229,1.015867160698732,-0.06969704860146564
2016-04-08,24.88402366760454,24.5213161781653,24.68906979727061,24.632396697998047,94326800.0,24.25514591937368,59.45307763173271,24.53022153036935,1,1,0.0011058739846283583,0.0,1.015867160698732,-0.06969704860146564
2016-04-11,25.07444632946965,24.670934136976054,24.702670934395165,24.714004516601562,117630000.0,24.298846738157287,60.14315962554304,24.580579893929617,1,1,0.0033130279446234034,0.0033130279446234034,1.019232756990152,-0.06661492892651677
2016-04-12,25.04950682673289,24.63239369707538,24.78654284797231,25.035905838012695,108929200.0,24.369042842905422,62.77378534719692,24.640814781188965,1,1,0.013025057157163511,0.013025057157163511,1.0325083219064022,-0.05445753502614148
2016-04-13,25.466627298200994,25.11752247055157,25.11752247055157,25.39862060546875,133029200.0,24.467097867911452,65.47644049617949,24.736511502947128,1,1,0.014487782858862541,0.014487782858862541,1.0474670782741506,-0.04075872110976664
2016-04-14,25.477953361600637,25.2376600213753,25.30340101114977,25.412212371826172,101895600.0,24.55710877304619,65.57502359511514,24.840627670288086,1,1,0.0005351379733786743,0.0005351379733786743,1.0480276176835992,-0.04024539467580002
2016-04-15,25.45755808121414,24.874958662498756,25.41448597029494,24.90216064453125,187756000.0,24.58997085604477,58.92805367641362,24.916083880833217,0,0,-0.02007112642661535,-0.02007112642661535,1.0269925228704873,-0.05950875069778838
2016-04-18,24.698133106562672,24.242482686518354,24.684532117763,24.364896774291992,243286000.0,24.568535229211168,52.974183782865296,24.9128452028547,0,0,-0.02157499013473141,-0.0,1.0269925228704873,-0.05950875069778838
2016-04-19,24.48277152750878,24.08152686624348,24.455567825404692,24.23567771911621,129539600.0,24.536834513964028,51.652926200903444,24.869935580662318,0,0,-0.005303492823007683,-0.0,1.0269925228704873,-0.05950875069778838
2016-04-20,24.503177446199846,24.042992211766236,24.174474201468847,24.285552978515625,122444000.0,24.512902939159417,52.13793503764684,24.839817455836705,0,0,0.002057927159184514,0.0,1.0269925228704873,-0.05950875069778838
2016-04-21,24.240218953318198,23.920581831865228,24.240218953318198,24.022594451904297,126210000.0,24.466206892754165,49.38825821570204,24.774724415370397,0,0,-0.010827775955686736,-0.0,1.0269925228704873,-0.05950875069778838
2016-04-22,24.138202720333467,23.71655480168991,23.804964681774003,23.95684814453125,134732400.0,24.417696535780554,48.71213554454223,24.68663760593959,0,0,-0.002736852903406306,-0.0,1.0269925228704873,-0.05950875069778838
2016-04-25,23.95004778003839,23.691618632315123,23.80269740259344,23.820833206176758,112126400.0,24.36085240915162,47.30196194195222,24.610048157828196,0,0,-0.005677497203885773,-0.0,1.0269925228704873,-0.05950875069778838
2016-04-26,23.870708532203164,23.55560625937674,23.55560625937674,23.655349731445312,224064800.0,24.293661677941497,45.610941470902866,24.50301715305873,0,0,-0.006947006147901447,-0.0,1.0269925228704873,-0.05950875069778838
2016-04-27,22.376804910562402,21.689927267036683,21.76246876039029,22.175048828125,458408400.0,24.09188902557802,34.12405930010836,24.329435893467494,0,0,-0.06257784899085772,-0.0,1.0269925228704873,-0.05950875069778838
2016-04-28,22.188656734293488,21.3657637504085,22.12745053281699,21.49724578857422,328970800.0,23.84478014586337,30.43029488568422,24.105496542794363,0,0,-0.03056602241574824,-0.0,1.0269925228704873,-0.05950875069778838
2016-04-29,21.472302342805527,20.97131239445713,21.30681614570532,21.25014305114746,274126000.0,23.597671851128524,29.21665608491307,23.8580778666905,0,0,-0.011494623072044519,-0.0,1.0269925228704873,-0.05950875069778838
2016-05-02,21.327221329078526,20.94637802929049,21.302285026807674,21.227476119995117,192640400.0,23.371938924353913,29.10457402535326,23.586047172546387,0,0,-0.001066671932409391,-0.0,1.0269925228704873,-0.05950875069778838
2016-05-03,21.70352914111735,21.236543366716273,21.35442264964809,21.576581954956055,227325200.0,23.20095254631602,33.25565177329695,23.31304441179548,0,0,0.016445941711935363,0.0,1.0269925228704873,-0.05950875069778838
2016-05-04,21.73980138711214,21.268280782602496,21.581115670263795,21.352157592773438,164102000.0,23.024876836454823,31.98822723715854,23.023040499005997,0,0,-0.010401293525134414,-0.0,1.0269925228704873,-0.05950875069778838
2016-05-05,21.454792185678414,21.137771369904268,21.438827171216985,21.265491485595703,143562000.0,22.85731632684919,31.50022038122181,22.76327841622489,0,0,-0.004058892259537594,-0.0,1.0269925228704873,-0.05950875069778838
2016-05-06,21.313382655087167,20.948466862255355,21.295138170487395,21.14689064025879,174799600.0,22.694418642412007,30.822854226543,22.53342083522252,0,0,-0.0055771504466402,-0.0,1.0269925228704873,-0.05950875069778838
2016-05-09,21.38636915981876,21.117243394236745,21.210754005185425,21.162858963012695,131745600.0,22.548555815802548,31.033037866784824,22.313933781215123,0,0,0.0007551144527842002,0.0,1.0269925228704873,-0.05950875069778838
2016-05-10,21.340756501011796,21.007770660945,21.286019555535972,21.30654525756836,134747200.0,22.43026909597072,32.96228520430549,22.101147515433176,0,0,0.006789550259101995,0.0,1.0269925228704873,-0.05950875069778838
2016-05-11,21.340751590683794,21.08759088353109,21.320225893374197,21.098995208740234,114876400.0,22.30348110671067,31.617484235908137,21.892318998064315,0,0,-0.009741140401651971,-0.0,1.0269925228704873,-0.05950875069778838
2016-05-12,21.160574046794167,20.40565435122547,21.146890248583844,20.604076385498047,305258800.0,22.141633038023752,28.680418228404463,21.652835300990514,0,0,-0.02345698543204411,-0.0,1.0269925228704873,-0.05950875069778838
2016-05-13,20.90741398495114,20.52653317585696,20.52653317585696,20.645130157470703,177571200.0,21.999108954161557,29.254246919659977,21.42599936894008,0,0,0.0019925072691708845,0.0,1.0269925228704873,-0.05950875069778838
2016-05-16,21.527774585849215,20.902856090687028,21.07162934323763,21.411457061767578,245039200.0,21.943142107266894,38.911821085359556,21.265721321105957,0,0,0.0371190154022627,0.0,1.0269925228704873,-0.05950875069778838
2016-05-17,21.59847164397407,21.21303018460794,21.56426215058034,21.3225040435791,187667600.0,21.88403372024901,38.273428179802266,21.204825265066965,0,0,-0.004154458892352109,-0.0,1.0269925228704873,-0.05950875069778838
2016-05-18,21.714789190328467,21.413733467399883,21.475314035757787,21.56654167175293,168249600.0,21.853796382297002,41.06563513731647,21.2097749710083,0,0,0.01144507360275604,0.0,1.0269925228704873,-0.05950875069778838
2016-05-19,21.58478660949253,21.340749043622374,21.58478660949253,21.484434127807617,121768400.0,21.818619024726583,40.41811370271576,21.226510047912598,0,0,-0.003807172480178145,-0.0,1.0269925228704873,-0.05950875069778838
2016-05-20,21.764964655054165,21.557417788466694,21.58478712231889,21.717069625854492,128104000.0,21.80894765340543,43.09420789825296,21.261481012616837,0,0,0.010828095199666876,0.0,1.0269925228704873,-0.05950875069778838
2016-05-23,22.166368052202873,21.8196968586858,21.865312405230245,21.993032455444336,152074400.0,21.826479539313898,46.11622001355716,21.29122747693743,1,1,0.012707185377409669,0.0,1.0269925228704873,-0.05950875069778838
2016-05-24,22.371638805602565,22.086548077179312,22.17321677225564,22.328306198120117,140560800.0,21.8742725544383,49.54300206569169,21.360952377319336,1,1,0.015244543623304851,0.015244543623304851,1.0426485551861944,-0.045171390820464175
2016-05-25,22.747963915785718,22.376206150618863,22.50392626821119,22.720596313476562,152675200.0,21.95487481720385,53.20808233806438,21.464888436453684,1,1,0.017569183791893428,0.017569183791893428,1.0609670392826127,-0.028395831496030977
2016-05-26,22.97375908873845,22.49708633942089,22.734282107207466,22.900775909423828,225324800.0,22.044960635510517,54.795595992231036,21.59016595567976,1,1,0.00793023182408259,0.00793023182408259,1.0693807538618343,-0.02069078519854961
2016-05-27,22.914456208866284,22.63620733649736,22.67954169073527,22.887086868286133,145364800.0,22.1251631338701,54.647323926129,21.713325091770717,0,0,-0.0005977544687497671,-0.0005977544687497671,1.0687415267374183,-0.02127617165798512
2016-05-31,22.898485165241038,22.538130106081663,22.7160264228664,22.775325775146484,169228800.0,22.18708338542023,53.405405953636574,21.81823798588344,0,0,-0.004883150650968671,-0.0,1.0687415267374183,-0.02127617165798512
2016-06-01,22.70235066674476,22.426382982703345,22.58375192018023,22.456031799316406,116693200.0,22.212697520077008,49.98895972190855,21.915169170924596,0,0,-0.014019293466199567,-0.0,1.0687415267374183,-0.02127617165798512
2016-06-02,22.31462384103916,22.03865618539083,22.259886900594328,22.287256240844727,160766400.0,22.219798350626316,48.27077877500623,22.035396303449357,0,0,-0.007515822919204163,-0.0,1.0687415267374183,-0.02127617165798512
2016-06-03,22.412695552210707,22.225676073826534,22.303221669284163,22.332870483398438,114019600.0,22.230567125176044,48.77170299089733,22.155949183872767,1,1,0.0020466513266947928,0.0,1.0687415267374183,-0.02127617165798512
2016-06-06,23.238319722918746,22.24848536134896,22.348836133546456,22.494802474975586,93170000.0,22.255732396585522,50.560729298262075,22.233330999101913,1,1,0.007250836460880539,0.007250836460880539,1.0764907967667432,-0.014179605238310189
2016-06-07,22.77760901594213,22.570062134510685,22.63620339100898,22.586027145385742,89638000.0,22.2871890393284,51.56380309281058,22.323582649230957,1,1,0.004055366590199672,0.004055366590199672,1.0808563615786084,-0.010181742145456196
2016-06-08,22.706911814028267,22.506208514310035,22.58375237781838,22.565507888793945,83392400.0,22.31369559642036,51.317284200490406,22.394937379019602,0,0,-0.00090849339991117,-0.00090849339991117,1.0798744107078622,-0.011080985499828722
2016-06-09,22.80497609058185,22.456025332246774,22.465148443974865,22.727432250976562,106405600.0,22.353099087330474,53.176773034893145,22.483722959245956,1,1,0.007175746408217609,0.0,1.0798744107078622,-0.011080985499828722
2016-06-10,22.659015627823294,22.460593551736235,22.471996139295854,22.54041862487793,126851600.0,22.370939043287375,50.81702587615487,22.54253360203334,0,0,-0.008228541791851396,-0.008228541791851396,1.0709886189894016,-0.019218346939399944
2016-06-13,22.60655895578492,22.145851284165122,22.508487658563357,22.20058822631836,152082000.0,22.354715155956992,46.841119684452636,22.55735901423863,0,0,-0.015076490113830388,-0.0,1.0709886189894016,-0.019218346939399944
2016-06-14,22.46058603084139,22.0660197442094,22.19602103123973,22.227951049804688,127727600.0,22.342642383942486,47.191312584613314,22.550190789358957,0,0,0.0012325269586275223,0.0,1.0709886189894016,-0.019218346939399944
2016-06-15,22.444621386336923,22.12988014100204,22.31005767157862,22.15496826171875,117780800.0,22.324768658016417,46.33433321765134,22.50978878566197,0,0,-0.003283379017814503,-0.0,1.0709886189894016,-0.019218346939399944
2016-06-16,22.294095572260883,21.910933553181433,21.997600510571683,22.24848175048828,125307200.0,22.317503238251835,47.617331663587876,22.463196345738,0,0,0.004220881188582437,0.0,1.0709886189894016,-0.019218346939399944
2016-06-17,22.043220419024696,21.735322711206962,22.03637851841525,21.742164611816406,244032800.0,22.262709083353222,41.90723602962146,22.381416184561594,0,0,-0.022757379328176564,-0.0,1.0709886189894016,-0.019218346939399944
2016-06-20,22.02497191062359,21.67373988189819,21.894970592333845,21.68970489501953,137647600.0,22.20813725589287,41.36622769837671,22.303871835981095,0,0,-0.0024128102115630323,-0.0,1.0709886189894016,-0.019218346939399944
2016-06-21,21.974793811075436,21.5939130014374,21.653212362356832,21.87444305419922,142185600.0,22.176356855731566,44.04397067469778,22.26232978275844,0,0,0.008517320086826485,0.0,1.0709886189894016,-0.019218346939399944
2016-06-22,22.097953863452847,21.746721854005294,21.951987540053324,21.79233741760254,116876400.0,22.139783575909753,43.12263248438001,22.22697843824114,0,0,-0.0037534960955688534,-0.0,1.0709886189894016,-0.019218346939399944
2016-06-23,21.96110281332794,21.72390718746137,21.881277780597657,21.917768478393555,128960800.0,22.11863928090821,44.97365537561003,22.197328295026505,0,0,0.005755741496995093,0.0,1.0709886189894016,-0.019218346939399944
2016-06-24,21.589349066436508,21.130922739956947,21.19022209195291,21.301977157592773,301245600.0,22.04086193583055,38.498872928866376,22.11212648664202,0,0,-0.028095529953600207,-0.0,1.0709886189894016,-0.019218346939399944
2016-06-27,21.22215602772485,20.868642803339924,21.210751701755335,20.991802215576172,181958400.0,21.94095148628251,35.768527497141775,21.99825327736991,0,0,-0.014560852249625333,-0.0,1.0709886189894016,-0.019218346939399944
2016-06-28,21.36127886972703,21.014607570584744,21.187943220155887,21.345312118530273,161779600.0,21.884223927448964,40.804993662774145,21.91109643663679,0,0,0.016840378892851504,0.0,1.0709886189894016,-0.019218346939399944
2016-06-29,21.56426724128149,21.354439105283774,21.431984702078935,21.53005599975586,146124000.0,21.850493648621047,43.2527475838963,21.825569561549596,0,0,0.008655009596472807,0.0,1.0709886189894016,-0.019218346939399944
2016-06-30,21.84250956019456,21.50724433938381,21.539174360413405,21.80373764038086,143345600.0,21.846040695455315,46.69023745858009,21.772949491228378,0,0,0.012711608396564378,0.0,1.0709886189894016,-0.019218346939399944
2016-07-01,22.002161278167506,21.742158685541078,21.778649392197185,21.8698787689209,104106000.0,21.848310988166325,47.499266828866354,21.749327387128556,1,1,0.0030334766282247294,0.0,1.0709886189894016,-0.019218346939399944
2016-07-05,21.75812623165836,21.543737432381075,21.755845018459116,21.664615631103516,110820800.0,21.830816192255583,45.25566272038384,21.709089142935618,0,0,-0.00938565503660127,-0.00938565503660127,1.060936689263441,-0.028423625201254188
2016-07-06,21.817417951313743,21.52320419369097,21.575659898506334,21.78776741027832,123796400.0,21.82671630825775,46.84142744436669,21.68286051068987,0,0,0.005684466379269448,0.0,1.060936689263441,-0.028423625201254188
2016-07-07,22.009010562027278,21.80830725793369,21.82655174735586,21.881290435791016,100558400.0,21.8319138442133,48.04448243113623,21.656632559640066,1,1,0.004292455658791994,0.0,1.060936689263441,-0.028423625201254188
2016-07-08,22.0979572235834,21.906377047511516,22.006727822572746,22.05006217956543,115648400.0,21.852689876151597,50.18599775995831,21.67862524305071,1,1,0.007713061725937109,0.007713061725937109,1.0691197594350415,-0.020929796650969168
2016-07-11,22.271290821542625,22.061464436947663,22.066025123544975,22.11848258972168,95179600.0,21.878003467920177,51.04705235701551,21.709252221243723,1,1,0.0031029576968566452,0.0031029576968566452,1.072437192821442,-0.017891783227724223
2016-07-12,22.282688239178366,22.150407477870147,22.161810061746348,22.218828201293945,96670000.0,21.910462966336723,52.319412217679655,21.733851160321915,1,1,0.0045367312683057825,0.0045367312683057825,1.077302552167409,-0.01343622217183349
2016-07-13,22.275852284355423,22.08655159293596,22.21655465624445,22.093395233154297,103568800.0,21.927885086986016,50.58927989530553,21.755355290004186,0,0,-0.0056453457852625455,-0.0056453457852625455,1.0712208067450781,-0.01900571583688848
2016-07-14,22.5769038736255,22.196023088262756,22.211988099024797,22.53129005432129,155676000.0,21.985352226732232,55.94311241099946,21.799178259713308,1,1,0.019820168722183062,0.0,1.0712208067450781,-0.01900571583688848
2016-07-15,22.647605662373472,22.465146920298082,22.560936976862678,22.529006958007812,120548000.0,22.037128867806096,55.90986461532784,21.88682324545724,0,0,-0.00010133003072487767,-0.00010133003072487767,1.0711122599078176,-0.01910512001784359
2016-07-18,22.83690866582766,22.487957868463706,22.510764780306978,22.76848793029785,145975600.0,22.10678211185293,58.62491741852446,22.013729367937362,1,1,0.010629894728001688,0.0,1.0711122599078176,-0.01910512001784359
2016-07-19,22.80725768002395,22.656728944109073,22.70690518941403,22.77760887145996,95119600.0,22.170670374672646,58.72681172148042,22.11603627886091,1,1,0.0004005949446459489,0.0004005949446459489,1.071541342064285,-0.018712178487693687
2016-07-20,22.91216821801691,22.747955703222278,22.807255053577112,22.798131942749023,105104000.0,22.23042861925135,58.966161082620815,22.20661313193185,1,1,0.0009010195672811694,0.0009010195672811694,1.0725068217806357,-0.017828018959376246
2016-07-21,23.035331432084845,22.60883506528855,22.76848692122754,22.677257537841797,130808000.0,22.272983754355202,56.91973749721296,22.269007410321915,0,0,-0.005301943387763908,-0.005301943387763908,1.0668204513285642,-0.023035439199901586
2016-07-22,22.647606623657907,22.42181352924326,22.63848351216135,22.50164031982422,113254800.0,22.294760570114157,54.05090754033455,22.31413323538644,0,0,-0.007744200008511726,-0.0,1.0668204513285642,-0.023035439199901586
2016-07-25,22.54269715987412,22.10479814253619,22.40813514790241,22.20058822631836,161531600.0,22.285791775466937,49.544900818527104,22.3524169921875,0,0,-0.0133791176655077,-0.0,1.0668204513285642,-0.023035439199901586
2016-07-26,22.34427224320496,21.990759027580374,22.081988412908245,22.04777717590332,224959200.0,22.26312371836564,47.432136581479625,22.370989118303573,0,0,-0.006883198267417234,-0.0,1.0668204513285642,-0.023035439199901586
2016-07-27,23.79937398974331,23.434458200328418,23.781127765258628,23.480072021484375,369379200.0,22.379023556757904,62.999466318588205,22.485187802995956,1,1,0.06496323117536096,0.0,1.0668204513285642,-0.023035439199901586
2016-07-28,23.822182470398786,23.450424757314188,23.45270597053906,23.797094345092773,159479200.0,22.514077917551703,65.38760354606654,22.609975814819336,1,1,0.013501761124000033,0.013501761124000033,1.0812244062246004,-0.009844697073364994
2016-07-29,23.844994023871223,23.64657021050481,23.762887738344162,23.76744842529297,110934800.0,22.633446537336585,64.97479593685605,22.727759088788712,0,0,-0.0012457789749410475,-0.0012457789749410475,1.0798774395921327,-0.011078211731677334
2016-08-01,24.20990064089205,23.81305490569011,23.81305490569011,24.18709373474121,152671600.0,22.781412937089407,67.98629067736152,22.868349484034947,1,1,0.0176563046204683,0.0,1.0798774395921327,-0.011078211731677334
2016-08-02,24.19165985598927,23.719549658353124,24.18709916975644,23.829025268554688,135266400.0,22.8811855400861,63.11239537239912,22.992323057992117,0,0,-0.014804112892331966,-0.014804112892331966,1.0638908120665282,-0.025718321526888577
2016-08-03,24.139204481737742,23.895166855864243,23.904289969174723,24.1278018951416,120810400.0,22.999910907234245,65.2975014840735,23.10635961805071,1,1,0.012538348640772412,0.0,1.0638908120665282,-0.025718321526888577
2016-08-04,24.306661080281017,24.141558951516682,24.210352088329202,24.276851654052734,109634800.0,23.121524311693147,66.34441375558094,23.231205667768204,1,1,0.006177510888016213,0.006177510888016213,1.0704630091417295,-0.01969968585012627
2016-08-05,24.685014285714743,24.347931140162242,24.368568026878478,24.646032333374023,162213600.0,23.26671555185323,68.79860100139913,23.365315982273646,1,1,0.015207106942125126,0.015207106942125126,1.086741654599337,-0.004792154137450266
2016-08-08,24.850120544433594,24.572657940892707,24.655207251081908,24.850120544433594,112148800.0,23.417516027337072,70.06868285908234,23.51335253034319,1,1,0.008280773485118242,0.008280773485118242,1.0957407160779167,0.0
2016-08-09,24.98082855670486,24.76757192313929,24.81801999229191,24.951017379760742,105260800.0,23.563563775186942,70.68957446620604,23.667130061558314,1,1,0.004060215126390876,0.004060215126390876,1.1001896591079385,0.0
2016-08-10,24.971653604723272,24.710242498488057,24.928084503856724,24.765275955200195,96034000.0,23.678012554235824,67.95784805835333,23.81627423422677,0,0,-0.007444242522600009,-0.007444242522600009,1.0919995804646825,-0.007444242522599898
2016-08-11,24.978533737890043,24.73088054686457,24.884516568350286,24.749225616455078,109938000.0,23.780032845875752,67.71980836643172,23.976816041128977,0,0,-0.0006480985220658209,-0.0,1.0919995804646825,-0.007444242522599898
2016-08-12,24.866162017371384,24.71481788582788,24.71481788582788,24.806541442871094,74641600.0,23.87779556939912,68.13930812448669,24.16295555659703,1,1,0.0023158634255573407,0.0,1.0919995804646825,-0.007444242522599898
2016-08-15,25.11841605659682,24.78362635293126,24.797384282697028,25.104658126831055,103472800.0,23.994639622487874,70.25566085332758,24.38130419594901,1,1,0.012017664157114138,0.012017664157114138,1.1051228646824165,0.0
2016-08-16,25.27663364456053,25.04273839348813,25.139047379467574,25.08172035217285,135177600.0,24.09817112055311,69.87971493895628,24.495707648141043,0,0,-0.0009136859997184166,-0.0009136859997184166,1.1041131293929876,-0.0009136859997183056
2016-08-17,25.079432888167485,24.843244025111378,25.017518708221886,25.04503631591797,101424000.0,24.188348758206907,69.25583269102385,24.584846360342844,0,0,-0.0014625805463023278,-0.0,1.1041131293929876,-0.0009136859997183056
2016-08-18,25.132165535016163,24.99916642706343,25.04732266401467,25.01292610168457,87938800.0,24.266879933776206,68.6907754990867,24.673809051513672,0,0,-0.0012820989288400142,-0.0,1.1041131293929876,-0.0009136859997183056
2016-08-19,25.152807182345406,24.847826975725802,24.941842391231983,25.07713508605957,101472400.0,24.344047091136527,69.21939382143727,24.737383433750697,1,1,0.0025670321062787327,0.0,1.1041131293929876,-0.0009136859997183056
2016-08-22,25.0175179078117,24.730882730706888,24.962484443662618,24.882226943969727,103280800.0,24.39530231521588,65.67624966500779,24.81261212485177,0,0,-0.007772344863995029,-0.007772344863995029,1.0955315813824804,-0.008678929381026212
2016-08-23,25.067966836881883,24.88681318881356,24.90057111795114,24.96019172668457,85030800.0,24.44910130678433,66.40041842467431,24.872068541390554,1,1,0.003133352287574942,0.0,1.0955315813824804,-0.008678929381026212
2016-08-24,24.93725980701721,24.691900171309065,24.895984272529752,24.772157669067383,94700400.0,24.479868579382714,63.02467001705998,24.90744754246303,0,0,-0.007533357903503735,-0.007533357903503735,1.0872785498853348,-0.016146905803283373
2016-08-25,24.73776052836212,24.46259147111189,24.6254000340912,24.666675567626953,100344800.0,24.497659721120257,61.187782266009464,24.908922059195383,0,0,-0.004258090992701247,-0.0,1.0872785498853348,-0.016146905803283373
2016-08-26,24.753811017933824,24.377745838605023,24.629986171859084,24.5222110748291,111065200.0,24.499997945283006,58.72049081923238,24.885499954223633,0,0,-0.005856666513563313,-0.0,1.0872785498853348,-0.016146905803283373
2016-08-29,24.636861586077046,24.37315693442919,24.44882902350309,24.49468994140625,99881200.0,24.499492421104268,58.24948160990737,24.852905137198313,0,0,-0.0011222941250637053,-0.0,1.0872785498853348,-0.016146905803283373
2016-08-30,24.421311837322307,24.192003744953084,24.260796872456613,24.306657791137695,99455600.0,24.481127218250307,55.07248614113125,24.820146696908132,0,0,-0.007676445414020239,-0.0,1.0872785498853348,-0.016146905803283373
2016-08-31,24.437366849936303,24.224110223369593,24.228697365586857,24.329591751098633,118649600.0,24.466695268997768,55.38489960167593,24.790172849382675,0,0,0.0009435258503247557,0.0,1.0872785498853348,-0.016146905803283373
2016-09-01,24.49010392500426,24.21952031751797,24.338759750715155,24.47405242919922,106806000.0,24.467395950921713,57.35129216035389,24.766423634120397,1,1,0.005937653191162351,0.0,1.0872785498853348,-0.016146905803283373
2016-09-02,24.765273926274116,24.494690307841104,24.69648079890837,24.70336151123047,107210000.0,24.48986886142731,60.27667018691007,24.737759590148926,1,1,0.009369477437159768,0.009369477437159768,1.0974657817263933,-0.0069287164357273445
2016-09-06,24.83407371841363,24.65292006725035,24.74235010713721,24.696487426757812,107521600.0,24.509546820030216,60.14648655477903,24.71024295261928,0,0,-0.0002782651449897422,-0.0002782651449897422,1.0971603952515199,-0.00720505356043355
2016-09-07,24.939555337639632,24.552023997254004,24.726298684280053,24.84783172607422,169457200.0,24.541764430129643,62.04620790074935,24.696156910487584,1,1,0.006128171051257736,0.0,1.0971603952515199,-0.00720505356043355
2016-09-08,24.59787960656705,24.132384434223813,24.593294214247894,24.196590423583984,212008000.0,24.50889071522053,51.028560502519085,24.637847219194686,0,0,-0.026209180328875537,-0.026209180328875537,1.0684047206026723,-0.03322539534126456
2016-09-09,24.24245517027927,23.64854621887207,23.99480197626819,23.64854621887207,186228000.0,24.426953144139727,44.09283775425222,24.53580515725272,0,0,-0.0226496458847254,-0.0,1.0684047206026723,-0.03322539534126456
2016-09-12,24.242457266891048,23.510963727597325,23.53848133469469,24.178251266479492,181171200.0,24.403267251029227,50.884717250483725,24.485521180289133,0,0,0.02239905331621217,0.0,1.0684047206026723,-0.03322539534126456
2016-09-13,24.946428691129242,24.59100043231589,24.652914599726156,24.753808975219727,248704800.0,24.43665217714261,56.87664082221869,24.4707795551845,1,1,0.023804769931321745,0.0,1.0684047206026723,-0.03322539534126456
2016-09-14,25.918693241349946,24.902858328415586,24.932669499908865,25.629764556884766,443554800.0,24.55028192759424,63.9268674603745,24.5320371900286,1,1,0.03538669877197198,0.03538669877197198,1.106212036617192,0.0
2016-09-15,26.537825005177208,26.024173643698507,26.109018263549984,26.501134872436523,359934400.0,24.73607744615065,69.1996847995019,24.663069997515,1,1,0.03399837378988679,0.03399837378988679,1.1438214469289751,0.0
2016-09-16,26.62955154556638,26.150298410922346,26.397951602255997,26.352088928222656,319547600.0,24.889983301586078,67.4251895473302,24.79377555847168,0,0,-0.005624134397689051,-0.005624134397689051,1.1373884413844875,-0.005624134397689051
2016-09-19,26.64101969037964,25.969146772338952,26.414005122357274,26.044818878173828,188092000.0,24.99996764221348,63.8709200011753,24.904499053955078,0,0,-0.011660178093879536,-0.0,1.1373884413844875,-0.005624134397689051
2016-09-20,26.168640676295237,25.799454499929077,25.923281082326604,26.04252052307129,138057200.0,25.099258392771368,63.844421309491786,25.02848924909319,0,0,-8.824615418867587e-05,-0.0,1.1373884413844875,-0.005624134397689051
2016-09-21,26.138829630543682,25.783403127933372,26.106726636746156,26.037935256958008,144012800.0,25.18865618936057,63.788844986487995,25.150513785226003,0,0,-0.00017606844580264625,-0.0,1.1373884413844875,-0.005624134397689051
2016-09-22,26.35667319871073,26.141123027944335,26.22138051190567,26.283294677734375,124296000.0,25.2929074739676,65.48136961684949,25.27974537440709,1,1,0.009423151964816467,0.0,1.1373884413844875,-0.005624134397689051
2016-09-23,26.322279147197236,25.57932133269888,26.237434513491472,25.845317840576172,209924800.0,25.34551798507318,60.19477269555883,25.361313683646067,0,0,-0.01666369618148489,-0.01666369618148489,1.1184353459569238,-0.022194111712286912
2016-09-26,26.001244032303827,25.57931798893525,25.59995487716264,25.884296417236328,119477600.0,25.396830216707766,60.49357053493241,25.44615718296596,1,1,0.0015081484739554174,0.0,1.1184353459569238,-0.022194111712286912
2016-09-27,25.953087977283978,25.760468284710765,25.91181245383842,25.932449340820312,98429600.0,25.447841561861342,60.87547914970535,25.523629869733536,1,1,0.0018603141768969156,0.0018603141768969156,1.12051598708695,-0.02037508555605194
2016-09-28,26.28787705912494,26.0104145037898,26.0700350919678,26.129653930664062,118564400.0,25.512776073175885,62.440714852263966,25.661705834524973,1,1,0.007604549313948938,0.007604549313948938,1.129037006167821,-0.012925479584990018
2016-09-29,26.09526325590385,25.636647042263935,25.948506207497637,25.723783493041992,143548000.0,25.532872017925037,57.460512336539814,25.80993706839425,0,0,-0.015532943478664518,-0.015532943478664518,1.1114997381656957,-0.028257652319826132
2016-09-30,25.996653497770502,25.63663993978211,25.787982338624104,25.923274993896484,145516400.0,25.570053253731842,59.14637841181445,25.93458162035261,1,1,0.0077551383881167,0.0,1.1114997381656957,-0.028257652319826132
2016-10-03,25.92328112968327,25.746712914847194,25.845315466780058,25.801746368408203,86807200.0,25.5921192646534,57.680524796623395,26.009434291294642,0,0,-0.0046880120477407194,-0.0046880120477407194,1.1062890140021142,-0.032813192153050674
2016-10-04,26.212206768995948,25.82696911426963,25.925571661297255,25.911813735961914,118947200.0,25.622566357158973,58.65735063218336,26.029580661228724,1,1,0.0042658882845418855,0.0,1.1062890140021142,-0.032813192153050674
2016-10-05,26.063153040262822,25.840723958353024,26.003532459152204,25.923274993896484,85812400.0,25.6512052749435,58.76168511699493,25.988304955618723,1,1,0.0004423178574590736,0.0004423178574590736,1.106778345388518,-0.03238538815644121
2016-10-06,26.21908415776011,25.941621600101378,26.072327131386597,26.115896224975586,115117200.0,25.695461555898937,60.5241066924756,25.971434048243932,1,1,0.007430435819720138,0.007430435819720138,1.1150021908505834,-0.025195589884914327
2016-10-07,26.269538401583418,26.028765918543243,26.212211369981162,26.154884338378906,97433600.0,25.739216106611316,60.88031878495588,25.979295866830007,1,1,0.0014928882036999713,0.0014928882036999713,1.1166667644684038,-0.023740315880138807
2016-10-10,26.771721027005228,26.306225857801827,26.375017239017144,26.6112060546875,144944000.0,25.82226276833286,64.79418848376952,26.01991626194545,1,1,0.017446902475458437,0.017446902475458437,1.1361491406056698,-0.006707608380577712
2016-10-11,27.216579556472453,26.645601115097758,26.989563272777065,26.668533325195312,256164000.0,25.902859964224522,65.25389818176647,26.06495898110526,1,1,0.0021542530011604555,0.0021542530011604555,1.1385966933015854,-0.0045678052649017475
2016-10-12,27.05376598694896,26.77171630026629,26.909300787887386,26.907007217407227,150347200.0,25.99849303595621,67.13314336955514,26.109509876796178,1,1,0.008942145010524927,0.008942145010524927,1.1487781900415923,0.0
2016-10-13,26.929942494130234,26.53553230168768,26.780891886593427,26.824460983276367,140769600.0,26.0771566499867,65.83574914510194,26.179448672703334,0,0,-0.003067834094809929,-0.003067834094809929,1.1452539291428088,-0.003067834094809818
2016-10-14,27.097339240251408,26.858858593260734,27.03083967767383,26.973512649536133,142608800.0,26.162523888039026,67.04622495664685,26.25724983215332,1,1,0.005556557738576329,0.0,1.1452539291428088,-0.003067834094809818
2016-10-17,27.021667491687403,26.778601449083403,26.904721612405524,26.955169677734375,94499600.0,26.238013963248104,66.73990235764512,26.33030128479004,0,0,-0.0006800364505760159,-0.0006800364505760159,1.1444751147258263,-0.0037457843063770646
2016-10-18,27.10651423476536,26.93223956355534,27.09963527068166,26.936826705932617,98214000.0,26.304567557789486,66.4204669691727,26.38795648302351,0,0,-0.0006804992148466971,-0.0,1.1444751147258263,-0.0037457843063770646
2016-10-19,27.003326355996805,26.095266355082757,26.88637871777449,26.856569290161133,80138400.0,26.357139151348694,64.98787773449409,26.468869754246303,0,0,-0.0029794680957653252,-0.0,1.1444751147258263,-0.0037457843063770646
2016-10-20,26.916176734842796,26.675404345846314,26.796937325456177,26.842798233032227,96503200.0,26.403392397223318,64.73569110892436,26.534549985613143,0,0,-0.0005127630778198888,-0.0,1.1444751147258263,-0.0037457843063770646
2016-10-21,26.808416197965002,26.663950946265917,26.78548398377115,26.737329483032227,92770800.0,26.43519592920512,62.77193247142709,26.60137735094343,0,0,-0.003929126504784941,-0.0,1.1444751147258263,-0.0037457843063770646
2016-10-24,26.998736713400326,26.82904919976958,26.851979661155024,26.978099822998047,94154800.0,26.486901061947304,65.30130633217298,26.677540642874582,1,1,0.00900502573073414,0.0,1.1444751147258263,-0.0037457843063770646
2016-10-25,27.14090663267976,26.90013242986774,27.046889472701864,27.11568260192871,192516000.0,26.54678501813601,66.66368432310776,26.762712614876882,1,1,0.005099795012745156,0.005099795012745156,1.150311703208116,0.0
2016-10-26,26.530946076482664,25.982899865574336,26.21220796217136,26.505722045898438,264536800.0,26.542874258875287,56.34038793480003,26.790557316371373,0,0,-0.022494752021728126,-0.022494752021728126,1.1244357266967577,-0.022494752021728126
2016-10-27,26.567638571846132,26.164055796127844,26.459863476954137,26.25119400024414,138248000.0,26.515095186624702,52.75216313952428,26.797436577933176,0,0,-0.009602758423767677,-0.0,1.1244357266967577,-0.022494752021728126
2016-10-28,26.418590095236567,26.01500728668432,26.111318033252655,26.076921463012695,151446800.0,26.473364355804513,50.43701445800295,26.759273392813547,0,0,-0.0066386518354107915,-0.0,1.1244357266967577,-0.022494752021728126
2016-10-31,26.19386385829256,25.957675056317935,26.060864746380297,26.035640716552734,105677600.0,26.431676390161485,49.89106011033488,26.714066777910507,0,0,-0.0015830375728405066,-0.0,1.1244357266967577,-0.022494752021728126
2016-11-01,26.08838546407353,25.345427604647895,26.017300502834686,25.565563201904297,175303200.0,26.349189419851275,44.16117506384646,26.618249348231725,0,0,-0.01805515446176731,-0.0,1.1244357266967577,-0.022494752021728126
2016-11-02,25.762766095213102,25.505942128824454,25.54492408808244,25.588491439819336,113326800.0,26.276741993181567,44.488503479844695,26.529965809413365,0,0,0.0008968407124052558,0.0,1.1244357266967577,-0.022494752021728126
2016-11-03,25.689909188275905,25.24968287360292,25.57927715209678,25.314218521118164,107730400.0,26.18507309108029,41.4303801236623,26.411444800240652,0,0,-0.01071860446897488,-0.0,1.1244357266967577,-0.022494752021728126
2016-11-04,25.41101429733442,24.917775702444235,25.014579144402724,25.086029052734375,123348000.0,26.08040223028544,39.07789223266377,26.277934755597794,0,0,-0.009014280578854339,-0.0,1.1244357266967577,-0.022494752021728126
2016-11-07,25.4709432394356,25.22893285471415,25.371834442454755,25.447895050048828,130240000.0,26.02016345121529,44.3524172593182,26.17158249446324,0,0,0.014425001125278225,0.0,1.1244357266967577,-0.022494752021728126
2016-11-08,25.749834711261425,25.284253118318585,25.424849383254987,25.597713470458984,97016800.0,25.979930119714687,46.3757328981223,26.08166422162737,0,0,0.005887261799669696,0.0,1.1244357266967577,-0.022494752021728126
2016-11-09,25.65763897878618,24.903952367578423,25.3257393841809,25.556224822998047,236705600.0,25.939577234313102,45.88935952781212,25.989766120910645,0,0,-0.001620795056902935,-0.0,1.1244357266967577,-0.022494752021728126
2016-11-10,25.604619623290308,24.3922678093746,25.604619623290308,24.844018936157227,228538000.0,25.835238348774446,38.578378609974095,25.854529653276717,0,0,-0.02786819617426073,-0.0,1.1244357266967577,-0.022494752021728126
2016-11-11,25.092945508261796,24.558219463871797,24.689596068272582,24.991531372070312,136575600.0,25.754885303374053,40.64022070430513,25.712631906781876,0,0,0.005937543208776042,0.0,1.1244357266967577,-0.022494752021728126
2016-11-14,24.84863353586414,23.988923870500464,24.82558534465877,24.364614486694336,204702000.0,25.622478558928364,35.33400693240425,25.516127041407994,0,0,-0.025085172894871,-0.0,1.1244357266967577,-0.022494752021728126
2016-11-15,24.81867254572557,24.46833544646895,24.562833563595227,24.68729591369629,129058000.0,25.533413545096735,39.606297076866944,25.386239460536412,0,0,0.01324385523022209,0.0,1.1244357266967577,-0.022494752021728126
2016-11-16,25.406409152941595,24.569745935384784,24.592794126175125,25.351091384887695,235362000.0,25.51604952983873,47.16493808793768,25.32194641658238,0,0,0.02688814009893803,0.0,1.1244357266967577,-0.022494752021728126
2016-11-17,25.434069609995678,25.083732492086455,25.30960725326801,25.341875076293945,110528000.0,25.49946148664399,47.07882348965173,25.269443103245326,0,0,-0.00036354681752459594,-0.0,1.1244357266967577,-0.022494752021728126
2016-11-18,25.477851763485862,25.2750252808627,25.288853839677266,25.367218017578125,113715600.0,25.486866870542478,47.357034466919636,25.22169862474714,0,0,0.0010000420729674442,0.0,1.1244357266967577,-0.022494752021728126
2016-11-21,25.812063084151838,25.355702912703673,25.38105645094683,25.752138137817383,117058400.0,25.512130800759135,51.43859294459983,25.23502540588379,1,1,0.015173919346320508,0.0,1.1244357266967577,-0.022494752021728126
2016-11-22,25.911172244537415,25.67607787398223,25.802843808466104,25.768272399902344,103862000.0,25.53652523877277,51.604150377855234,25.247866903032577,1,1,0.0006265212619867011,0.0006265212619867011,1.1251402095872707,-0.021882324200166225
2016-11-23,25.701422214187563,25.42944942721602,25.666849059533003,25.636886596679688,109705600.0,25.546083463335336,50.13891275068221,25.27091462271554,0,0,-0.005098743182455401,-0.005098743182455401,1.1194034086143312,-0.02686949503128966
2016-11-25,25.784409489252976,25.57236152595205,25.61384897980826,25.76597023010254,45903600.0,25.56702506017031,51.56129107451998,25.31948184967041,1,1,0.005035074478956902,0.0,1.1194034086143312,-0.02686949503128966
2016-11-28,25.92269294681661,25.6737682954023,25.682987922321058,25.715255737304688,108776000.0,25.58114226751644,50.96008846905424,25.33857904161726,0,0,-0.001968274136193826,-0.001968274136193826,1.1172001158371885,-0.02878488263536072
2016-11-29,25.821285622267933,25.369534334835937,25.533178799278307,25.689908981323242,114115200.0,25.59150100216471,50.6493908043804,25.345164435250418,0,0,-0.000985669994511329,-0.0,1.1172001158371885,-0.02878488263536072
2016-11-30,25.860465035544145,25.415628076826476,25.72217412660102,25.473249435424805,144649200.0,25.580238948189482,48.015365779134456,25.33923762185233,0,0,-0.008433643967207138,-0.0,1.1172001158371885,-0.02878488263536072
2016-12-01,25.570058176170733,25.12983009178223,25.438681530810076,25.23585319519043,148347600.0,25.547440305046717,45.29830103693093,25.367225783211843,0,0,-0.009319432954016271,-0.0,1.1172001158371885,-0.02878488263536072
2016-12-02,25.374140004207796,25.088338564959518,25.16209383181276,25.33034896850586,106112000.0,25.526764939661874,46.565248142962794,25.391427040100098,0,0,0.0037445047957973543,0.0,1.1172001158371885,-0.02878488263536072
2016-12-05,25.360310092391664,24.95004633243658,25.353395811251954,25.148263931274414,137298000.0,25.490717224577352,44.47585463337315,25.447402000427246,0,0,-0.007188414082168304,-0.0,1.1172001158371885,-0.02878488263536072
2016-12-06,25.43637495691595,25.166707396571567,25.23815732491979,25.341875076293945,104782000.0,25.476541781883697,47.131020963747325,25.49415765489851,0,0,0.007698787699565779,0.0,1.1172001158371885,-0.02878488263536072
2016-12-07,25.6276759377741,25.15979078868156,25.18283898036046,25.590797424316406,119994800.0,25.48742327163919,50.34458108975088,25.5112795148577,1,1,0.00982257024285138,0.0,1.1172001158371885,-0.02878488263536072
2016-12-08,25.913471848622315,25.491683172973083,25.551609865310553,25.842021942138672,108273200.0,25.521194573591522,53.35655139655961,25.547004290989467,1,1,0.009816986694738628,0.009816986694738628,1.1281676545097226,-0.019250476750463097
2016-12-09,26.436675164641304,25.88581518914943,25.88581518914943,26.263811111450195,137610400.0,25.591919958149493,57.872598893174946,25.611046654837473,1,1,0.016321833107948214,0.016321833107948214,1.1465814186844157,-0.003242846711284386
2016-12-12,26.505819046119658,25.927300242395322,26.11168925218868,26.113994598388672,105497600.0,25.641641352457984,55.85080023476252,25.63689354487828,0,0,-0.005704294491982842,-0.005704294491982842,1.1400409806132044,-0.008928643050633678
2016-12-13,26.717869230371825,26.217716295383603,26.23845913893912,26.54961585998535,174935200.0,25.72811511507964,60.11555665618796,25.692703792027064,1,1,0.0166815253007504,0.0,1.1400409806132044,-0.008928643050633678
2016-12-14,26.782404866052346,26.501214133224963,26.515042695595305,26.54961585998535,136127200.0,25.806353281261135,60.11555665618796,25.75789873940604,0,0,0.0,0.0,1.1400409806132044,-0.008928643050633678
2016-12-15,26.904564895814616,26.558836752379893,26.59340815995195,26.694822311401367,186098000.0,25.89096937936973,61.489534706380006,25.824245316641672,1,1,0.005469248676959859,0.0,1.1400409806132044,-0.008928643050633678
2016-12-16,26.85155190613154,26.655639647350466,26.84463762476321,26.729394912719727,177404400.0,25.97081943016497,61.81917787180635,25.896683829171316,1,1,0.001295105129941021,0.001295105129941021,1.1415174535355395,-0.007645101452110947
2016-12-19,27.054378300614168,26.67868769442234,26.690212668950327,26.883819580078125,111117600.0,26.057771825394795,63.29636462013169,25.98196315765381,1,1,0.005777334947635104,0.005777334947635104,1.1481123822131858,-0.0019119348162732752
2016-12-20,27.082038459129734,26.893040473838635,26.90686903715174,26.955270767211914,85700000.0,26.143247915091663,63.97519448594204,26.08782182421003,1,1,0.00265777661990918,0.00265777661990918,1.1511638084596603,0.0
2016-12-21,27.058981552462754,26.91607999654973,26.920690688478654,26.980615615844727,95132800.0,26.22299721992529,64.22226524367545,26.212447711399623,1,1,0.0009402557611717377,0.0009402557611717377,1.1522461968626168,0.0
2016-12-22,26.85386107356734,26.653338093033717,26.816982556403442,26.80315399169922,104343600.0,26.278250245808522,61.13211044131062,26.317648070199148,0,0,-0.006577374907683398,-0.006577374907683398,1.144667441639899,-0.006577374907683398
2016-12-23,26.856159210205078,26.64180770848088,26.64180770848088,26.856159210205078,56998000.0,26.33328919479867,61.71134609547994,26.439640590122767,1,1,0.0019775739273921733,0.0,1.144667441639899,-0.006577374907683398
2016-12-27,27.15118238115364,26.84924529407479,26.856159575117243,27.02672004699707,73187600.0,26.399330228341377,63.55120526668699,26.559986659458705,1,1,0.006350902057773888,0.006350902057773888,1.1519371124504765,-0.0002682451137455688
2016-12-28,27.20188840474824,26.78240501207359,27.086645695129224,26.91147804260254,83623600.0,26.448106210651964,61.45104874766633,26.654320989336288,0,0,-0.004264002594252525,-0.004264002594252525,1.1470252496145719,-0.004531103910137224
2016-12-29,26.99214773053559,26.82850329302598,26.840026508970368,26.904563903808594,60158000.0,26.49157837190498,61.323064827660566,26.73021684374128,0,0,-0.00025692155529322136,-0.0,1.1470252496145719,-0.004531103910137224
2016-12-30,27.012891570314178,26.60493313478548,26.886125639466673,26.694822311401367,122345200.0,26.5109349375713,57.49913195712866,26.76100335802351,0,0,-0.007795762576086052,-0.0,1.1470252496145719,-0.004531103910137224
2017-01-03,26.812374829324764,26.450512716052494,26.690217813027022,26.77088737487793,115127600.0,26.535692312552882,58.487330335584964,26.807924270629883,1,1,0.00284943134624549,0.0,1.1470252496145719,-0.004531103910137224
2017-01-04,26.85385824121325,26.67868882008931,26.701737011653545,26.74091911315918,84472400.0,26.555237722134432,57.92874036049616,26.82158878871373,0,0,-0.001119434753846571,-0.001119434753846571,1.1457412296866138,-0.005645466388793374
2017-01-05,26.934528708739055,26.692518292907092,26.717871832030987,26.876907348632812,88774400.0,26.585872924658087,59.76426192711067,26.844966752188547,1,1,0.005085398706685229,0.0,1.1457412296866138,-0.005645466388793374
2017-01-06,27.2341579147274,26.844636994457726,26.916086911538507,27.176536560058594,127007600.0,26.64212660422004,63.461550109664394,26.87937491280692,1,1,0.01114820271317507,0.01114820271317507,1.1585141851720027,0.0
2017-01-09,27.52687688171069,27.183454059595714,27.185757647960976,27.42546272277832,134247600.0,26.716730044082734,66.17934184088921,26.929094042096818,1,1,0.009159598470894759,0.009159598470894759,1.169125709931014,0.0
2017-01-10,27.51535148102723,27.266428539664876,27.37475522048423,27.453121185302734,97848400.0,26.786862533722733,66.47103090025072,26.969758442470006,1,1,0.0010084957473275313,0.0010084957473275313,1.1703047682375707,0.0
2017-01-11,27.642115343386156,27.335569325480893,27.367837142264168,27.600627899169922,110354400.0,26.864363997098657,68.01943517849855,27.015855380467006,1,1,0.005373039840226079,0.005373039840226079,1.1765928623825177,0.0
2017-01-12,27.496914685273296,27.24568463222756,27.404720154261426,27.485389709472656,108344800.0,26.92350930303904,65.53074793990405,27.051910672869003,0,0,-0.004175201742447676,-0.004175201742447676,1.1716803498133468,-0.004175201742447565
2017-01-13,27.570670816772438,27.383976402083164,27.453122742110963,27.436988830566406,104447600.0,26.9724121151845,64.4875980507542,27.097184589930944,0,0,-0.00176096753285504,-0.0,1.1716803498133468,-0.004175201742447565
2017-01-17,27.71356681796327,27.24798703640748,27.27564416179909,27.65825080871582,137759200.0,27.037730085997005,67.0143173918401,27.154476846967423,1,1,0.008064368124205856,0.0,1.1716803498133468,-0.004175201742447565
2017-01-18,27.773502457092363,27.591418702996894,27.658259708307746,27.655954360961914,94852000.0,27.096608588374615,66.96226588920612,27.199422155107772,0,0,-8.302939219795302e-05,-8.302939219795302e-05,1.1715830659060515,-0.004257884470182494
2017-01-19,27.6789957766911,27.51304773621483,27.519962018093295,27.607545852661133,102389200.0,27.145269280211426,65.82773554919854,27.24914128439767,0,0,-0.0017503828531447718,-0.0,1.1715830659060515,-0.004257884470182494
2017-01-20,27.761968545862814,27.596020518120472,27.761968545862814,27.65825080871582,130391600.0,27.19412466387851,66.45438807875215,27.302976063319615,1,1,0.0018366339523727682,0.0,1.1715830659060515,-0.004257884470182494
2017-01-23,27.844946354610684,27.60524127815325,27.658253704811816,27.676692962646484,88200800.0,27.24008354947546,66.68826529410308,27.373109681265696,1,1,0.0006667867052840837,0.0006667867052840837,1.1723642619185337,-0.003593936865655789
2017-01-24,27.681301051487395,27.54301013888461,27.554535114294993,27.651338577270508,92844000.0,27.27925069497975,66.02213437057407,27.435999052865164,0,0,-0.0009160915796622149,-0.0009160915796622149,1.1712902688898932,-0.004506736070017614
2017-01-25,28.142269344718223,27.72278595193256,27.75505376995729,28.091562271118164,129510400.0,27.35661370223103,71.26754641902987,27.53247356414795,1,1,0.01592052018087542,0.0,1.1712902688898932,-0.004506736070017614
2017-01-26,28.22063133480768,28.027022695409993,28.043156602154472,28.105388641357422,105350400.0,27.42792560119545,71.41344681541574,27.62022222791399,1,1,0.0004921894377327707,0.0004921894377327707,1.17186676558876,-0.004016764800177097
2017-01-27,28.199894880983315,28.027030790877003,28.151493146769283,28.10770034790039,82251600.0,27.49266605326259,71.43897139027212,27.686733927045548,1,1,8.225136369643948e-05,8.225136369643948e-05,1.1719631532283001,-0.003934843820863176
2017-01-30,28.033937454223633,27.810368102223347,27.87259838402467,28.033937454223633,121510000.0,27.544215710496974,69.35888922261464,27.730196407863072,0,0,-0.0026242948645305297,-0.0026242948645305297,1.1688875763438642,-0.006548812494961753
2017-01-31,27.978627663974134,27.801154647356736,27.92331165026362,27.96940803527832,196804000.0,27.58471021761901,67.54774775293487,27.767074040004186,0,0,-0.0023018321650564166,-0.0,1.1688875763438642,-0.006548812494961753
2017-02-01,30.07604128678682,29.273951316403803,29.27856025070639,29.67499542236328,447940000.0,27.783784999023226,81.20357688240493,27.91524314880371,1,1,0.06098046068524843,0.0,1.1688875763438642,-0.006548812494961753
2017-02-02,29.8225080662792,29.45142640297126,29.497524541606396,29.624290466308594,134841600.0,27.959071234002785,80.14817060124096,28.068021774291992,0,0,-0.0017086761205185041,-0.0017086761205185041,1.1668903260545946,-0.008246298815952402
2017-02-03,29.776410206516037,29.539010519350114,29.573581923528376,29.751056671142578,98029200.0,28.129736513730386,80.80472150707868,28.233312334333146,1,1,0.0042791304986073975,0.0,1.1668903260545946,-0.008246298815952402
2017-02-06,30.07835077210367,29.709572650884894,29.76258683577543,30.02994728088379,107383600.0,28.310708967744993,82.1703059469192,28.402719225202286,1,1,0.009374141322910479,0.009374141322910479,1.1778289208793675,0.0
2017-02-07,30.44482140780631,30.06682542089571,30.0875682667614,30.315750122070312,152735200.0,28.50166526815693,83.44107145649102,28.59270463671003,1,1,0.009517260836766628,0.009517260836766628,1.1890386259404637,0.0
2017-02-08,30.47477968211508,30.2442942835312,30.27425851076409,30.433290481567383,92016400.0,28.68562957419602,83.9366965195787,28.794543538774764,1,1,0.0038772043912413956,0.0038772043912413956,1.1936487717223156,0.0
2017-02-09,30.66015013053384,30.35227503235655,30.474961650073816,30.65320587158203,113399600.0,28.873017792994688,84.83087956385629,29.008468900408065,1,1,0.007226145662686312,0.007226145662686312,1.2022742516168676,0.0
2017-02-10,30.77358422649791,30.56756293361468,30.662472531910023,30.583765029907227,80262000.0,29.03594610127207,83.2898206540376,29.216116905212402,0,0,-0.002265369631017311,-0.002265369631017311,1.1995506560391007,-0.002265369631017311
2017-02-13,30.977294903869886,30.72960449423391,30.805994895369,30.854604721069336,92141600.0,29.209151684109905,84.44961290709324,29.44492162976946,1,1,0.00885566871499499,0.0,1.1995506560391007,-0.002265369631017311
2017-02-14,31.271258468931265,30.845327588600593,30.89625449083309,31.255056381225586,132904800.0,29.403999750501875,85.96563661522289,29.670885494777135,1,1,0.012978667650303644,0.012978667650303644,1.215119225333536,0.0
2017-02-15,31.544420850551944,31.16246897875819,31.370807326693743,31.36849021911621,142492400.0,29.591094080846098,86.3620805980558,29.90396417890276,1,1,0.0036292955772354585,0.0036292955772354585,1.2195292521638528,0.0
2017-02-16,31.458778564137766,31.21340527516082,31.405538056497566,31.331464767456055,90338400.0,29.756843670047044,85.53194015914139,30.13423306601388,0,0,-0.0011803389771558592,-0.0011803389771558592,1.218089794253742,-0.0011803389771558592
2017-02-17,31.442566271235464,31.273583434369908,31.273583434369908,31.417102813720703,88792800.0,29.914963588492153,85.86279300237645,30.375887734549387,1,1,0.002733292136204213,0.0,1.218089794253742,-0.0011803389771558592
2017-02-21,31.65553589535328,31.477291669492494,31.535162850288387,31.64396095275879,98028800.0,30.079630004136593,86.71022748354657,30.638355800083705,1,1,0.007220848478078246,0.007220848478078246,1.226885436090742,0.0
2017-02-22,31.741189918844917,31.50739157724586,31.581464865482534,31.738876342773438,83347600.0,30.237653464959152,87.0520511707577,30.785775865827286,1,1,0.002999478799646793,0.002999478799646793,1.2305654529458916,0.0
2017-02-23,31.824518313308623,31.55136803918152,31.801371960616915,31.6046085357666,83152800.0,30.36783966217891,83.84096094567548,30.92722715650286,0,0,-0.004230389430198156,-0.004230389430198156,1.2253596818605823,-0.004230389430198156
2017-02-24,31.634702682495117,31.315252638602946,31.46108914249746,31.634702682495117,87106400.0,30.488493283161404,83.98037685263483,31.0617733001709,1,1,0.0009522075457590873,0.0,1.2253596818605823,-0.004230389430198156
2017-02-27,31.815265985407482,31.546742816035522,31.74581985095927,31.697206497192383,81029600.0,30.60360882735483,84.27695177716254,31.180863244192942,1,1,0.00197579902440026,0.00197579902440026,1.2277807463245418,-0.0022629488051069124
2017-02-28,31.815257495677873,31.643957547373027,31.731922863012837,31.711090087890625,93931600.0,30.709083233120143,84.34471822083385,31.280530384608678,1,1,0.00043800675934879685,0.00043800675934879685,1.2283185225904303,-0.0018259332326308053
2017-03-01,32.44257993523194,31.85229676427185,31.919425774445003,32.35924530029297,145658400.0,30.866241525231843,87.08099812313867,31.41809858594622,1,1,0.020439386050933983,0.020439386050933983,1.2534245990671689,0.0
2017-03-02,32.47266451173596,32.12080687539761,32.40784909611774,32.16710662841797,104844000.0,30.990133439820998,82.57726854096595,31.526234354291642,0,0,-0.005937674692099826,-0.005937674692099826,1.2459821715468324,-0.005937674692099715
2017-03-03,32.368508536083255,32.081466214230424,32.125448875790894,32.35693359375,84432400.0,31.12030488305233,83.46653576069346,31.652889251708984,1,1,0.005901275720096244,0.0,1.2459821715468324,-0.005937674692099715
2017-03-06,32.35462909954579,32.083792327375555,32.262033067066135,32.255088806152344,87000000.0,31.228379542395192,81.12799952074978,31.752923829214915,0,0,-0.003147541385606689,-0.003147541385606689,1.2420603910961607,-0.009066527000878732
2017-03-07,32.403226280869475,32.127758931529584,32.190260787540375,32.29674530029297,69785200.0,31.330128662194983,81.35293732463134,31.82733018057687,1,1,0.001291470452646104,0.0,1.2420603910961607,-0.009066527000878732
2017-03-08,32.36156482672111,32.13471078827789,32.164801400243604,32.17637634277344,74828800.0,31.41072367939293,78.50677398124617,31.885036332266672,0,0,-0.0037269686589267437,-0.0037269686589267437,1.237431270946051,-0.012759704997827859
2017-03-09,32.12775456118677,31.72497351144918,32.1161831538718,32.102291107177734,88623600.0,31.476587243943865,76.76675757926812,31.940095356532506,0,0,-0.0023024729325166193,-0.0,1.237431270946051,-0.012759704997827859
2017-03-10,32.25972057667035,32.09305124477441,32.23425710840353,32.20879364013672,78451200.0,31.546321186438423,77.520692406687,31.996644701276505,1,1,0.0033175991272216265,0.0,1.237431270946051,-0.012759704997827859
2017-03-13,32.2759158250435,32.13471352356076,32.14165778323444,32.22267532348633,69686800.0,31.61073586615727,77.62033297453362,32.037981442042756,1,1,0.0004309904774673079,0.0004309904774673079,1.237964592040349,-0.012334213831709961
2017-03-14,32.32684954272171,32.139347427783974,32.24583198544783,32.174072265625,61236400.0,31.664386951820862,76.37269316323825,32.069066865103586,0,0,-0.0015083495511591938,-0.0015083495511591938,1.236097308703594,-0.013823959076972203
2017-03-15,32.58147609467358,32.1833220722569,32.27128740089075,32.514347076416016,102767200.0,31.74533553511564,78.87506429296822,32.13404818943569,1,1,0.010576056645293486,0.0,1.236097308703594,-0.013823959076972203
2017-03-16,32.64397154732326,32.468040924623686,32.574525434793216,32.56758117675781,76928000.0,31.823644643843465,79.23719064382011,32.20068236759731,1,1,0.0016372495568397483,0.0016372495568397483,1.2381211084744799,-0.01220934279100494
2017-03-17,32.639334870947756,32.38238677429371,32.639334870947756,32.40553665161133,175540000.0,31.87906293029755,75.11154191320098,32.25127737862723,0,0,-0.004975638941897453,-0.004975638941897453,1.231960664872369,-0.017124232451456445
2017-03-20,32.75508073911819,32.46109421980029,32.50044618976005,32.74582290649414,86168000.0,31.961611499459128,77.68037831776655,32.32518686567034,1,1,0.010500867754211107,0.0,1.231960664872369,-0.017124232451456445
2017-03-21,33.056019242634676,32.34535944560636,32.896294218172855,32.37082290649414,158119600.0,32.00058401441484,69.37422649758042,32.32601383754185,0,0,-0.011451842302782067,-0.011451842302782067,1.2178524456150202,-0.028379970744648264
2017-03-22,32.778229897864115,32.352295430837245,32.37313173509053,32.7365608215332,103440800.0,32.070677043664205,72.40362045000698,32.36668913705008,1,1,0.011298381758644949,0.0,1.2178524456150202,-0.028379970744648264
2017-03-23,32.77359982087255,32.549059409642595,32.69952303143862,32.620819091796875,81385200.0,32.12307152443874,70.09397274275794,32.38553810119629,0,0,-0.003535549453936415,-0.003535549453936415,1.2135466680659508,-0.03181518140851569
2017-03-24,32.810641962794406,32.488878377816576,32.75508436437389,32.556007385253906,89582400.0,32.16430351118304,68.80032559547394,32.40703228541783,0,0,-0.0019868203296975473,-0.0,1.2135466680659508,-0.03181518140851569
2017-03-27,32.690257112311556,32.08839570965746,32.26663984948711,32.61155319213867,94300400.0,32.20689871889311,69.31128694940071,32.42951856340681,1,1,0.0017061615150610887,0.0,1.2135466680659508,-0.03181518140851569
2017-03-28,33.34306018016378,32.55138279833644,32.61851535052202,33.287506103515625,133499200.0,32.30981370790478,74.6329716928277,32.508884974888396,1,1,0.020727406247547098,0.020727406247547098,1.238700342855311,-0.011747221350862369
2017-03-29,33.44722782697001,33.146296990269626,33.259722240315085,33.361576080322266,116760000.0,32.40998155289692,75.13041227529534,32.598833901541575,1,1,0.002225158489683743,0.002225158489683743,1.2414566474393895,-0.009548202290497687
2017-03-30,33.44952911160406,33.21804448107393,33.37776944128775,33.31758117675781,84829200.0,32.496419612312245,74.22043267277179,32.67803301130022,0,0,-0.0013187297703960432,-0.0013187297703960432,1.239819501599755,-0.01085434056227963
2017-03-31,33.396302259059844,33.1046292450166,33.26898495389625,33.255096435546875,78646800.0,32.5686745478584,72.90037278404597,32.75177737644741,0,0,-0.0018754284976283397,-0.0,1.239819501599755,-0.01085434056227963
2017-04-03,33.361574041858745,33.11388724804497,33.266667998720514,33.26435089111328,79942800.0,32.6349294376922,72.97530769658226,32.82965442112514,1,1,0.00027828683595432224,0.0,1.239819501599755,-0.01085434056227963
2017-04-04,33.53981239890339,33.141658499315554,33.16017769606099,33.51203536987305,79565600.0,32.71846333599514,74.9284186999401,32.900917870657786,1,1,0.007445943543901601,0.007445943543901601,1.2490511276132952,-0.003489217825410895
2017-04-05,33.6717670406043,33.28981515467788,33.38472473228775,33.33842849731445,110871600.0,32.77750763707317,71.1353048191492,32.95597839355469,0,0,-0.0051804335559595405,-0.0051804335559595405,1.2425805012386981,-0.008651575720263649
2017-04-06,33.45417344029997,33.206483089147476,33.40092941039191,33.255096435546875,84596000.0,32.82299228454686,69.36116715766184,33.01666123526437,0,0,-0.002499579779961514,-0.0,1.2425805012386981,-0.008651575720263649
2017-04-07,33.37547282001327,33.16482436138947,33.271305378772524,33.181026458740234,66688800.0,32.85709077732718,67.77952897400885,33.04774720328195,0,0,-0.0022273270790298394,-0.0,1.2425805012386981,-0.008651575720263649
2017-04-10,33.306025948716794,33.079168357439556,33.241210503259545,33.14167022705078,75733600.0,32.884193582062764,66.92597080552767,33.10280772617885,0,0,-0.0011861065159750606,-0.0,1.2425805012386981,-0.008651575720263649
2017-04-11,33.18333696513687,32.421750236738085,33.0884273795252,32.78518295288086,121517600.0,32.874763998331154,59.75149361056228,33.10628073556082,0,0,-0.010756466760053374,-0.0,1.2425805012386981,-0.008651575720263649
2017-04-12,32.90554908182955,32.64165666199132,32.77823532106274,32.82453155517578,81400000.0,32.86997995612588,60.24663716098889,33.120831625802175,0,0,0.0012001946840276556,0.0,1.2425805012386981,-0.008651575720263649
2017-04-13,32.958792122537375,32.650917053222656,32.8499940329233,32.650917053222656,71291600.0,32.84911682251605,56.99039916264184,33.127610887799946,0,0,-0.005289169219712786,-0.0,1.2425805012386981,-0.008651575720263649
2017-04-17,32.843049245239364,32.609247445627126,32.75045324909429,32.83147430419922,66328400.0,32.84743658267635,59.39304147529643,33.14331953866141,0,0,0.0055299289352959136,0.0,1.2425805012386981,-0.008651575720263649
2017-04-18,32.880088562393745,32.66480946504497,32.73425558851045,32.68564224243164,58790000.0,32.83202759789114,56.70012903231741,33.1003292628697,0,0,-0.004441837135194526,-0.0,1.2425805012386981,-0.008651575720263649
2017-04-19,32.8708233021722,32.51202135546686,32.8430462719314,32.56526184082031,69313600.0,32.80662133531297,54.55097115195252,33.04344967433384,0,0,-0.0036829749502383935,-0.0,1.2425805012386981,-0.008651575720263649
2017-04-20,33.08378697056255,32.676375243166014,32.69026375752859,32.97267532348633,93278400.0,32.82243600085329,59.95797095407403,33.01881354195731,1,1,0.012510677317979502,0.0,1.2425805012386981,-0.008651575720263649
2017-04-21,33.028240407807615,32.83611118541318,32.9726863318099,32.93333435058594,69283600.0,32.83299774844687,59.24158916151734,32.99583053588867,0,0,-0.0011931386372027175,-0.0011931386372027175,1.2410979304328356,-0.009834391828201783
2017-04-24,33.32222509188119,33.143980866576484,33.218057673208875,33.250465393066406,68537200.0,32.87275657174397,62.99344642103261,32.99483871459961,1,1,0.009629484798123089,0.0,1.2410979304328356,-0.009834391828201783
2017-04-25,33.54213013852181,33.30370119060636,33.312962556216775,33.45648193359375,75486000.0,32.92834946334871,65.18491977514103,32.99087061200823,1,1,0.0061958994586073235,0.0061958994586073235,1.248787648428083,-0.0036994252725984778
2017-04-26,33.472696558222246,33.190284878156184,33.44260241016007,33.259727478027344,80164800.0,32.95990927427049,61.52232259717788,32.98524911063058,0,0,-0.0058809069033897154,-0.0058809069033897154,1.2414436445255745,-0.009558576200364044
2017-04-27,33.37084616599923,33.174082693468634,33.31528854815854,33.285194396972656,56985200.0,32.990888809765934,61.814648325665644,32.98739896501814,1,1,0.0007656983648509641,0.0,1.2414436445255745,-0.009558576200364044
2017-04-28,33.403248112016215,33.16481911650478,33.3546347632973,33.25278091430664,83441600.0,33.01583091496029,61.19180737741545,32.99252428327288,0,0,-0.000973810826502608,-0.000973810826502608,1.2402347132640428,-0.010523078781876749
2017-05-01,34.074549667815184,33.55602616184344,33.588433880966676,33.9310302734375,134411600.0,33.10299275862479,68.2403795178378,33.048907143729075,1,1,0.02039677105138149,0.0,1.2402347132640428,-0.010523078781876749
2017-05-02,34.280578116332784,33.99122215911036,34.15326078871947,34.14631652832031,181408800.0,33.202356927167216,70.05744229726193,33.146130970546174,1,1,0.006344819274507696,0.006344819274507696,1.248103778377674,-0.0042450265404514465
2017-05-03,34.141681222939226,33.39630017256143,33.701858153687134,34.04214096069336,182788000.0,33.28233635893161,68.07363476053253,33.23310307094029,0,0,-0.003050858136939949,-0.003050858136939949,1.2442959908096651,-0.007282933703628869
2017-05-04,34.06065847493561,33.75278340135599,33.91713909182939,33.91945266723633,93487600.0,33.34301410257968,65.76500771882834,33.32371275765555,0,0,-0.0036040122622925663,-0.0,1.2442959908096651,-0.007282933703628869
2017-05-05,34.48658744717286,33.97269116293195,33.97269116293195,34.48196029663086,109310800.0,33.45148516867979,70.58022483346296,33.44160461425781,1,1,0.016583629308908998,0.0,1.2442959908096651,-0.007282933703628869
2017-05-08,35.579204408455304,34.498171078988356,34.498171078988356,35.41947937011719,195009600.0,33.638913187864304,76.40300538315596,33.63687869480678,1,1,0.02718868258710727,0.02718868258710727,1.2781267595481993,0.0
2017-05-09,35.85234920110843,35.521324264291295,35.61854740828749,35.64632797241211,156521600.0,33.83009554829743,77.535460464323,33.856954847063335,1,1,0.006404628366342147,0.006404628366342147,1.2863126864481826,0.0
2017-05-10,35.63475978023358,35.21114230191216,35.56300007932574,35.47734832763672,103222800.0,33.986976765377364,74.72358132715394,34.03586006164551,0,0,-0.004740450261978446,-0.004740450261978446,1.280214985136723,-0.004740450261978557
2017-05-11,35.81205966165817,35.40296268148456,35.43550416429331,35.78416442871094,109020400.0,34.158137495218654,76.36200799859796,34.23949078151158,1,1,0.00864822529126874,0.0,1.280214985136723,-0.004740450261978557
2017-05-12,36.35828784770253,35.951517585087146,35.9584905058487,36.28390884399414,130108000.0,34.36059190938775,78.72629796111431,34.4561653137207,1,1,0.013965518638245467,0.013965518638245467,1.298093851372611,0.0
2017-05-15,36.41175835238627,36.03985613550709,36.26299675628336,36.190940856933594,104038800.0,34.53491085677307,77.2139634057962,34.651483808244976,0,0,-0.0025622373669901277,-0.0025622373669901277,1.294767826800764,-0.0025622373669900167
2017-05-16,36.27461291121088,35.96314392992262,36.24672122535091,36.137474060058594,80194000.0,34.68753592375264,76.32633823892382,34.85703713553293,0,0,-0.001477353050487351,-0.0,1.294767826800764,-0.0025622373669900167
2017-05-17,35.928280397547645,34.79862097859771,35.70281313875219,34.924137115478516,203070800.0,34.710069370583675,59.88237706158982,34.97410447256906,0,0,-0.03357558811563799,-0.0,1.294767826800764,-0.0025622373669900167
2017-05-18,35.642369903458686,35.12867918475144,35.16122066219554,35.456417083740234,134272800.0,34.78115010517001,63.51242310728418,35.13150705610003,1,1,0.015241034202268411,0.0,1.294767826800764,-0.0025622373669900167
2017-05-19,35.791145611314164,35.47735342896442,35.651683601410866,35.577301025390625,107843200.0,34.856974002333885,64.28498392252058,35.24909782409668,1,1,0.0034093670932651143,0.0034093670932651143,1.299182165622877,0.0
2017-05-22,35.930607345187425,35.54243262811674,35.7957916005616,35.7934684753418,91865600.0,34.94616395214416,65.6538585966301,35.366751534598215,1,1,0.0060759935048726454,0.0060759935048726454,1.307075988022848,0.0
2017-05-23,36.00498783317736,35.63540874307871,36.00498783317736,35.749305725097656,79675600.0,35.0226536448064,65.11713544060623,35.48869187491281,0,0,-0.0012338214798759406,-0.0012338214798759406,1.3054632895929954,-0.0012338214798758296
2017-05-24,35.83530938956026,35.48664904887947,35.75860368899971,35.64238357543945,76712000.0,35.081675542961925,63.78815651748232,35.611758368355886,0,0,-0.002990887444931256,-0.0,1.3054632895929954,-0.0012338214798758296
2017-05-25,35.87713778807206,35.570315094326915,35.733022486424275,35.76556396484375,76942400.0,35.14680777361734,64.6627492220615,35.70344434465681,1,1,0.0034560087471022793,0.0,1.3054632895929954,-0.0012338214798758296
2017-05-26,35.85157379035021,35.635402583760516,35.79578687164032,35.705135345458984,87710400.0,35.19998182807845,63.86621599798705,35.72384834289551,0,0,-0.0016895754654998596,-0.0016895754654998596,1.3032576108477882,-0.0029213123108745576
2017-05-30,35.895738971420265,35.64005687528656,35.660975642407706,35.719085693359375,80507600.0,35.24942029143854,63.974056983702184,35.72904532296317,1,1,0.0003907098451081392,0.0,1.3032576108477882,-0.0029213123108745576
2017-05-31,35.83528298647905,35.41921684705954,35.78879568465761,35.50754165649414,97804800.0,35.27400327858669,61.064982853775135,35.73120198931013,0,0,-0.005922437060155827,-0.005922437060155827,1.2955391496743731,-0.008826448082736249
2017-06-01,35.640066074118366,35.3820572394297,35.602874780688644,35.60519790649414,65616400.0,35.30554562410168,61.90671700676408,35.718418666294646,1,1,0.0027502960059793136,0.0,1.2955391496743731,-0.008826448082736249
2017-06-02,36.13282775878906,35.53778142451099,35.698165727231675,36.13282775878906,111082800.0,35.384334398833815,66.07759019275895,35.70762716020857,1,1,0.0148188995797911,0.0148188995797911,1.3147376142350855,0.0
2017-06-05,35.90038419642167,35.67027069388351,35.874815635389034,35.77951431274414,101326800.0,35.42197058111098,61.343319792986236,35.67823954990932,0,0,-0.009778184215293861,-0.009778184215293861,1.3018818676483188,-0.009778184215293861
2017-06-06,36.216517156968564,35.74466370230572,35.772555399170294,35.90039825439453,106499600.0,35.4675351214237,62.31571756411349,35.66130556379046,1,1,0.0033785797256429273,0.0,1.3018818676483188,-0.009778184215293861
2017-06-07,36.256015937417885,35.907355689977415,36.032875365239036,36.114227294921875,84278400.0,35.52912485223305,64.0017846118474,35.74631200517927,1,1,0.0059561746087641865,0.0059561746087641865,1.3096361033720163,-0.003880250179072675
2017-06-08,36.15374487368615,35.88876320422132,36.08633878049801,36.02590560913086,85003200.0,35.576437305270936,62.78050128800379,35.78698975699289,0,0,-0.0024456202556889517,-0.0024456202556889517,1.3064332307900282,-0.006316380816326461
2017-06-09,36.072387861583714,33.940912087136844,36.072387861583714,34.62893295288086,259530800.0,35.486198795519506,47.64389400769686,35.71924918038504,0,0,-0.03877689214552138,-0.0,1.3064332307900282,-0.006316380816326461
2017-06-12,33.95718330904948,33.125047081578536,33.87583137826169,33.801448822021484,289229200.0,35.325746417091125,41.41750986291847,35.57696206229074,0,0,-0.02389574440498421,-0.0,1.3064332307900282,-0.006316380816326461
2017-06-13,34.273301085438135,33.73868800492385,34.20589499921167,34.073402404785156,136661600.0,35.20647555877627,43.951495765106976,35.45725468226841,0,0,0.00804561911519297,0.0,1.3064332307900282,-0.006316380816326461
2017-06-14,34.28492166573498,33.43418987690974,34.28492166573498,33.74101257324219,126124800.0,35.06690765539207,41.63453123659378,35.321442467825754,0,0,-0.009755111262275573,-0.0,1.3064332307900282,-0.006316380816326461
2017-06-15,33.58294821826642,33.05531168894414,33.31332036919062,33.53878402709961,128661600.0,34.92137207174517,40.274808576389184,35.16238675798689,0,0,-0.005993552970693927,-0.0,1.3064332307900282,-0.006316380816326461
2017-06-16,33.58760791058845,33.0529947569857,33.42025068777792,33.06926727294922,201444400.0,34.744981138526505,37.297896393426306,34.97411046709333,0,0,-0.013999218152065951,-0.0,1.3064332307900282,-0.006316380816326461
2017-06-19,34.10828279138351,33.39236641194405,33.39236641194405,34.01530456542969,130165600.0,34.675488131564904,45.795584063821906,34.85241181509836,0,0,0.028607748840396408,0.0,1.3064332307900282,-0.006316380816326461
2017-06-20,34.138481214993035,33.68987346053195,34.138481214993035,33.70614242553711,99600400.0,34.58316949289559,43.75568991520485,34.72374044145857,0,0,-0.009088912883255085,-0.0,1.3064332307900282,-0.006316380816326461
2017-06-21,33.95253869431153,33.61317447194587,33.82469588633968,33.90604782104492,85063200.0,34.5186817146241,45.41072040532662,34.60237257821219,0,0,0.005930829846501728,0.0,1.3064332307900282,-0.006316380816326461
2017-06-22,34.09898234368049,33.731726340538756,33.882814623906064,33.85027313232422,76425200.0,34.45502375440507,45.021641429729485,34.43933296203613,0,0,-0.0016449775867444227,-0.0,1.3064332307900282,-0.006316380816326461
2017-06-23,34.20589506550318,33.72939202440925,33.734041820737275,34.001346588134766,141757600.0,34.411816405236465,46.33268358070202,34.31232098170689,0,0,0.004462990748109519,0.0,1.3064332307900282,-0.006316380816326461
2017-06-26,34.46624461761411,33.79216922073884,34.20823576357425,33.89444351196289,102769600.0,34.36254279635327,45.524063834843346,34.169038500104634,0,0,-0.003144083599594283,-0.0,1.3064332307900282,-0.006316380816326461
2017-06-27,33.973458046192356,33.383057994360364,33.70614970731368,33.408626556396484,99047600.0,34.2716936306431,42.0162760956492,33.975781304495676,0,0,-0.014333232979468757,-0.0,1.3064332307900282,-0.006316380816326461
2017-06-28,33.961845835628274,33.276147792008686,33.58529375709454,33.89676284790039,88329600.0,34.235985937048554,46.385640145315435,33.8236996786935,0,0,0.014611085274035318,0.0,1.3064332307900282,-0.006316380816326461
2017-06-29,33.734048123549286,33.0715921198715,33.63642366295311,33.39700698852539,125997600.0,34.156083180046345,42.901632215436074,33.735704966953826,0,0,-0.014743468620218247,-0.0,1.3064332307900282,-0.006316380816326461
2017-06-30,33.694530410775855,33.420249151153556,33.57598364779478,33.476036071777344,92096400.0,34.09131678878263,43.606696251199516,33.71246119907924,0,0,0.0023663522686061533,0.0,1.3064332307900282,-0.006316380816326461
2017-07-03,33.77356816691595,33.26220033940119,33.67594369003413,33.35517501831055,57111200.0,34.02120804873767,42.75676166963628,33.661159242902485,0,0,-0.003610375290779788,-0.0,1.3064332307900282,-0.006316380816326461
2017-07-05,33.65501317746531,33.17386383379753,33.39933109934542,33.492305755615234,86278400.0,33.970836401773624,44.058990906648354,33.643394470214844,0,0,0.004111228234581654,0.0,1.3064332307900282,-0.006316380816326461
2017-07-06,33.355165538035095,33.10180659527416,33.24359524570328,33.176185607910156,96515200.0,33.89515537378663,41.754071031641324,33.61749458312988,0,0,-0.00943859016490911,-0.0,1.3064332307900282,-0.006316380816326461
2017-07-07,33.64571816878647,33.215702390068536,33.215702390068536,33.51322555541992,76806800.0,33.85878110537075,44.98416103526708,33.64920588902065,0,0,0.010159092774951306,0.0,1.3064332307900282,-0.006316380816326461
2017-07-10,33.92464890309907,33.32495271866597,33.496959755780594,33.717777252197266,84362400.0,33.84535216697328,46.86657427023391,33.62795393807547,0,0,0.006103611138208231,0.0,1.3064332307900282,-0.006316380816326461
2017-07-11,33.901405120099035,33.559717737002686,33.64106968022427,33.827022552490234,79127200.0,33.84360648940346,47.869333291752724,33.63658823285784,0,0,0.0032399911618090638,0.0,1.3064332307900282,-0.006316380816326461
2017-07-12,33.97809464695489,33.66197949228832,33.906038778067376,33.875823974609375,99538000.0,33.84667482132784,48.32788792265205,33.63442938668387,1,1,0.0014426756609575708,0.0,1.3064332307900282,-0.006316380816326461
2017-07-13,34.5150401494659,33.80609696209252,33.82004280401538,34.34768295288086,100797600.0,33.894389881475746,52.57381144915754,33.66995865958078,1,1,0.013929077522222055,0.013929077522222055,1.3246306405393096,0.0
2017-07-14,34.710292940009225,34.24541257418322,34.394174149377314,34.64288330078125,80528400.0,33.965674969028655,55.008415175541,33.7157827104841,1,1,0.008594476323347866,0.008594476323347866,1.3360151472166057,0.0
2017-07-17,35.07522866447601,34.533646059353856,34.59175611582035,34.76375961303711,95174000.0,34.04168303036279,55.98236700027173,33.777876717703684,1,1,0.003489210502670037,0.003489210502670037,1.3406767853000001,0.0
2017-07-18,34.89624338419752,34.556879180023664,34.680072184713886,34.884620666503906,71475200.0,34.12196280523337,56.962918845900376,33.88330486842564,1,1,0.0034766393166942855,0.0034766393166942855,1.3453378349227534,0.0
2017-07-19,35.196085905265036,34.8543986125008,34.97759160412273,35.103111267089844,83692000.0,34.21540551588637,58.71308425144748,33.96947261265346,1,1,0.006263235672667955,0.006263235672667955,1.3537640028422315,0.0
2017-07-20,35.270475305629525,34.91019230588272,35.21468838383295,34.9450569152832,68974800.0,34.28489612535273,56.949578444702325,34.080047607421875,0,0,-0.004502573877399274,-0.004502573877399274,1.3476685804068707,-0.004502573877399274
2017-07-21,34.96830163687555,34.60569551951031,34.863704264059535,34.92878723144531,105010400.0,34.34621908783774,56.76483440976203,34.18381554739816,0,0,-0.00046557897665855386,-0.0,1.3476685804068707,-0.004502573877399274
2017-07-24,35.43318119486807,34.84278115834666,35.000842323222585,35.35182571411133,85972800.0,34.44199114748284,60.290577318046225,34.32643345424107,1,1,0.012111456371584728,0.0,1.3476685804068707,-0.004502573877399274
2017-07-25,35.758588814740826,35.284412509227685,35.284412509227685,35.502906799316406,75415600.0,34.54303073337175,61.47171310464089,34.47004781450544,1,1,0.004273643076509348,0.004273643076509348,1.3534280349049557,-0.00024817319456749143
2017-07-26,35.779508799782114,35.577287014345266,35.64469664066091,35.670265197753906,63124000.0,34.65038639664624,62.76320693707201,34.648196356637136,1,1,0.004713935097864219,0.004713935097864219,1.3598080068211276,0.0
2017-07-27,35.79345679060988,34.23843175798736,35.737669882741635,34.996185302734375,129905200.0,34.683319625797495,54.95328719016127,34.75412205287388,0,0,-0.018897529673033597,-0.018897529673033597,1.3341109946625966,-0.018897529673033597
2017-07-28,34.91950111491738,34.67776479229586,34.840472273556216,34.749820709228516,68854800.0,34.68965306231473,52.44273037952414,34.82783944266183,0,0,-0.007039755658357683,-0.0,1.3341109946625966,-0.018897529673033597
2017-07-31,34.942729340539685,34.43136170283531,34.84277822839334,34.570823669433594,79383600.0,34.67833597727844,50.67225237061547,34.88096809387207,0,0,-0.005151020527348615,-0.0,1.3341109946625966,-0.018897529673033597
2017-08-01,34.91716180226499,34.49644567191249,34.65682995293205,34.877647399902344,141474400.0,34.69731801752833,53.50452725786809,34.952526909964426,1,1,0.008875221875029649,0.0,1.3341109946625966,-0.018897529673033597
2017-08-02,37.132315162695846,36.297855848445586,37.023068004924326,36.5256462097168,279747200.0,34.87144451202247,64.89927163965186,35.10809571402414,1,1,0.04725085929445649,0.04725085929445649,1.3971488855545864,0.0
2017-08-03,36.541922581900096,36.032878015712306,36.504731301549455,36.16072082519531,108389200.0,34.99423273232465,61.39230653174266,35.21651268005371,0,0,-0.009990935750355145,-0.009990935750355145,1.3831900608053302,-0.009990935750355145
2017-08-04,36.58608933494351,36.18861854356201,36.27694696242737,36.35132598876953,82239600.0,35.12347970912892,62.50623588202767,35.32991027832031,1,1,0.0052710554221422345,0.0,1.3831900608053302,-0.009990935750355145
2017-08-07,36.93940600354615,36.416415414157754,36.507066974448136,36.91383743286133,87481200.0,35.29398996853201,65.59039367863826,35.47485433306013,1,1,0.015474303310574644,0.015474303310574644,1.404593963342404,0.0
2017-08-08,37.615804385203596,36.788317700035876,36.86502340468434,37.20903396606445,144823600.0,35.47637511115415,67.08599079311169,35.62527738298689,1,1,0.007996907223206673,0.007996907223206673,1.4158263709535295,0.0
2017-08-09,37.485623531278215,36.983551962115115,37.01841656549234,37.43680953979492,104526000.0,35.66308315197708,68.20832104656601,35.80325971330915,1,1,0.006121512693347597,0.006121512693347597,1.4244933700548978,0.0
2017-08-10,37.33647494874768,36.08337064769913,37.31313822763123,36.244384765625,163217200.0,35.71844521041973,57.41896595156265,35.89723096575056,0,0,-0.031851666550334334,-0.031851666550334334,1.3791208822287473,-0.031851666550334334
2017-08-11,37.00278965434573,36.41940711122255,36.543083925509904,36.74843215942383,105028400.0,35.816539205562975,60.21892343583339,35.99698856898716,1,1,0.01390690991330823,0.0,1.3791208822287473,-0.031851666550334334
2017-08-14,37.38547509411058,37.0447782440318,37.177791125437516,37.30146789550781,88490800.0,35.95796098555772,63.02681488893177,36.12545721871512,1,1,0.015049233493412029,0.015049233493412029,1.3998755944010481,-0.017281776223992518
2017-08-15,37.84984467460095,37.36913820672284,37.49048272776531,37.709835052490234,117862000.0,36.12480613478939,64.94976796287295,36.27114077976772,1,1,0.010947750317128913,0.010947750317128913,1.4152010828835933,-0.006523222478000412
2017-08-16,37.92219663228328,37.371483382494226,37.789187267230616,37.55816650390625,110686400.0,36.26131664613385,63.65545714409572,36.45413943699428,0,0,-0.004021989180617469,-0.004021989180617469,1.4095091594398372,-0.010518975328388636
2017-08-17,37.50215838942201,36.83243292614835,37.45782075421376,36.837100982666016,111762400.0,36.3161532496131,57.88291677674902,36.603230885096956,0,0,-0.019198634767361167,-0.0,1.4095091594398372,-0.010518975328388636
2017-08-18,37.21980739775158,36.57108627467061,36.83710858010177,36.75310134887695,109712400.0,36.3577673543049,57.24632937438138,36.759107862200054,0,0,-0.0022802997941827607,-0.0,1.4095091594398372,-0.010518975328388636
2017-08-21,36.844099296178136,36.19537834194661,36.753091782762446,36.685420989990234,105474000.0,36.388972462465404,56.71729390668014,36.88823454720633,0,0,-0.0018414870147763773,-0.0,1.4095091594398372,-0.010518975328388636
2017-08-22,37.33647893460074,36.87444100477661,36.923443139395175,37.28514099121094,86418400.0,36.474321846155455,60.15211917315565,36.94248417445591,1,1,0.01634763851788268,0.0,1.4095091594398372,-0.010518975328388636
2017-08-23,37.446158069827526,37.07512763581381,37.119465277743316,37.33181381225586,77596400.0,36.55598774768883,60.40949820495097,37.02613367353167,1,1,0.0012517807309866402,0.0012517807309866402,1.4112735558457732,-0.009280362048027735
2017-08-24,37.509147681142444,36.99810424335767,37.43680528875181,37.16611862182617,79275600.0,36.61409544998762,58.98573689264535,37.08433314732143,0,0,-0.004438444680533893,-0.004438444680533893,1.4050096962390513,-0.013677616354996203
2017-08-25,37.467160336253635,37.16613650703621,37.254808233405676,37.30381393432617,101920400.0,36.67978292468653,59.814231873454276,37.11218861171177,1,1,0.003704861244755886,0.0,1.4050096962390513,-0.013677616354996203
2017-08-28,37.80318501113862,37.3201426046457,37.36914830006485,37.679508209228516,103864000.0,36.77499485654767,62.017802008001496,37.14579391479492,1,1,0.010071202788105138,0.010071202788105138,1.4191598338091287,-0.0037441636148601853
2017-08-29,38.0645393969194,37.33647919209252,37.359815915861226,38.01553726196289,118067600.0,36.8931417523015,63.88242825491713,37.18713160923549,1,1,0.008918084887638678,0.008918084887638678,1.4318160216761657,0.0
2017-08-30,38.244218878495545,37.945527355755026,38.22321796533812,38.11820983886719,109078400.0,37.009814903403,64.44383883785133,37.32097625732422,1,1,0.0027008056257835644,0.0027008056257835644,1.4356830784425958,0.0
2017-08-31,38.39123438165889,38.14854528142704,38.185882613875634,38.26988983154297,107140400.0,37.12982203941633,65.28301716134283,37.42965180533273,1,1,0.003979200317039133,0.003979200317039133,1.4413959490035022,0.0
2017-09-01,38.489239175217016,38.18354735634138,38.45656990207039,38.28155517578125,66364400.0,37.23951090954632,65.34922326357074,37.49965803963797,1,1,0.00030481781603319824,0.00030481781603319824,1.4418353121687166,0.0
2017-09-05,38.328221475088434,37.46714853251409,38.211545001800495,37.82184600830078,117874000.0,37.294971395141985,60.55858105791807,37.50765882219587,0,0,-0.012008633540867786,-0.012008633540867786,1.4245208402785998,-0.012008633540867786
2017-09-06,38.03419090431445,37.45780894961814,37.96885237639349,37.782169342041016,86606800.0,37.34137119960856,60.15792239248139,37.52365902491978,0,0,-0.0010490409762404784,-0.0,1.4245208402785998,-0.012008633540867786
2017-09-07,37.859177767072694,37.42047315260347,37.82417269382382,37.630489349365234,87714000.0,37.368906261490146,58.59783145881117,37.58032962254116,0,0,-0.004014591944221824,-0.0,1.4245208402785998,-0.012008633540867786
2017-09-08,37.60482774352189,36.99344413320669,37.53715695242767,37.016780853271484,114446000.0,37.33537050832646,52.76942685674613,37.59916387285505,0,0,-0.0163088098694657,-0.0,1.4245208402785998,-0.012008633540867786
2017-09-11,37.81484538097087,37.3108021661188,37.4531476047386,37.686500549316406,126323200.0,37.36881146461122,57.61242247149586,37.67066955566406,1,1,0.01809232679361239,0.0,1.4245208402785998,-0.012008633540867786
2017-09-12,38.2605545986761,37.04945211242638,37.94552666431986,37.53715896606445,286856000.0,37.38484455998772,56.2583499507184,37.68867083958217,0,0,-0.003962734164094761,-0.003962734164094761,1.418875842877363,-0.015923780682565947
2017-09-13,37.32714894242823,36.84877456112257,37.30614446546657,37.25480651855469,179629600.0,37.372459984613144,53.74445762245585,37.683170318603516,0,0,-0.007521945061559565,-0.0,1.418875842877363,-0.015923780682565947
2017-09-14,37.19646621616109,36.89077436046924,37.100794193720326,36.93511199951172,95042800.0,37.33080779555587,51.02689920217648,37.666669845581055,0,0,-0.008581295916373799,-0.0,1.418875842877363,-0.015923780682565947
2017-09-15,37.562837068833154,36.86977829327567,36.97945450090158,37.3084831237793,196458400.0,37.328681636339056,53.8930157907029,37.66700335911342,0,0,0.010108839639433542,0.0,1.418875842877363,-0.015923780682565947
2017-09-18,37.45314792226297,36.86976555587258,37.36214041553341,37.0261116027832,113077600.0,37.29986544266707,51.49391379537796,37.62033217293875,0,0,-0.007568560749555586,-0.0,1.418875842877363,-0.015923780682565947
2017-09-19,37.282804435462985,36.97244456289605,37.22213038536672,37.04011535644531,83242400.0,37.27512733921738,51.60637541668415,37.5506591796875,0,0,0.00037821291666650936,0.0,1.418875842877363,-0.015923780682565947
2017-09-20,36.93044313635267,35.89669109360044,36.846435917023044,36.419403076171875,211805600.0,37.1936297903559,46.5687595772302,37.429315839494976,0,0,-0.016757838745915965,-0.0,1.418875842877363,-0.015923780682565947
2017-09-21,36.35639939617449,35.64467200890081,36.35639939617449,35.79401779174805,150046800.0,37.0603334095361,42.199911492495275,37.252467836652485,0,0,-0.017171760973561878,-0.0,1.418875842877363,-0.015923780682565947
2017-09-22,35.53265643542015,35.13362130465741,35.36230620987694,35.4439811706543,186581600.0,36.90639510107117,39.989561071988,37.04978397914341,0,0,-0.009779193359356508,-0.0,1.418875842877363,-0.015923780682565947
2017-09-25,35.429989647563616,34.80693750803978,35.00062094298071,35.13129806518555,177549200.0,36.73733824051064,38.11247547766616,36.857601983206614,0,0,-0.00882189571096026,-0.0,1.418875842877363,-0.015923780682565947
2017-09-26,35.917694688480516,35.39731847582978,35.41831939205828,35.735679626464844,146640000.0,36.641942182030085,43.50770405920426,36.71142414637974,0,0,0.017203507828201348,0.0,1.418875842877363,-0.015923780682565947
2017-09-27,36.10437262108391,35.829014258691,35.88968831110297,35.990028381347656,102016800.0,36.57985515339366,45.6082611297858,36.59424836294992,0,0,0.007117501543036253,0.0,1.418875842877363,-0.015923780682565947
2017-09-28,36.00169018252341,35.632992121468696,35.910682681171394,35.76833724975586,88022000.0,36.502567733999584,44.103681418377576,36.505073819841655,0,0,-0.006159793186122919,-0.0,1.418875842877363,-0.015923780682565947
2017-09-29,35.96668364719438,35.46964083035062,35.751999406292605,35.96434783935547,105199200.0,36.45130869641443,45.768738040723186,36.382062911987305,0,0,0.005480002836893094,0.0,1.418875842877363,-0.015923780682565947
2017-10-02,36.04135928239517,35.63765971097894,35.997021656039955,35.89201354980469,74795200.0,36.39804249197541,45.24518671213225,36.264552525111604,0,0,-0.0020112776651444175,-0.0,1.418875842877363,-0.015923780682565947
2017-10-03,36.19070434415148,35.91534960131929,35.93868275744844,36.04835891723633,64921200.0,36.36473929438121,46.634088233846015,36.17837769644601,0,0,0.004355993213216891,0.0,1.418875842877363,-0.015923780682565947
2017-10-04,35.90368915610887,35.57699641283298,35.85001896843151,35.81501388549805,80655200.0,36.31238449353519,44.84689517660464,36.098370688302175,0,0,-0.006473111085972594,-0.0,1.418875842877363,-0.015923780682565947
2017-10-05,36.272383844489624,35.948023379917835,35.97835684276088,36.26071548461914,85135200.0,36.307463635543186,48.79258430911238,36.02353014264788,0,0,0.012444546316414007,0.0,1.418875842877363,-0.015923780682565947
2017-10-06,36.28406084722537,36.06704069612739,36.16271628489837,36.239723205566406,69630400.0,36.301012166021586,48.620135239522234,35.96735954284668,0,0,-0.0005789262228330649,-0.0,1.418875842877363,-0.015923780682565947
2017-10-09,36.57340663808232,36.28405126064783,36.35872235264648,36.36572265625,65051600.0,36.30717506985286,49.74239724304035,35.91918863568987,1,1,0.0034768325897214236,0.0,1.418875842877363,-0.015923780682565947
2017-10-10,36.86977293472429,36.193050678550456,36.4170675580948,36.379730224609375,62468000.0,36.314085084591575,49.87053139440722,35.91635486057827,1,1,0.00038518603058657064,0.00038518603058657064,1.419422374031176,-0.015544728269852537
2017-10-11,36.63176559159224,36.34474229947754,36.39608026205876,36.53142547607422,67622400.0,36.33478416949468,51.286324068019916,35.96902683803013,1,1,0.004169773951820721,0.004169773951820721,1.4253410444730428,-0.011439772321059527
2017-10-12,36.72275332142957,36.34005461836037,36.484735871459215,36.40306091308594,64500400.0,36.341286716503376,50.0277830553766,36.03753253391811,0,0,-0.0035138120485430635,-0.0035138120485430635,1.4203326639376905,-0.014913387159788183
2017-10-13,36.701761229970984,36.498745250125616,36.57341636197733,36.634090423583984,65576800.0,36.369172783844384,52.24780782530073,36.14487484523228,1,1,0.006346430896282174,0.0,1.4203326639376905,-0.014913387159788183
2017-10-16,37.33648434762094,36.788103309491405,36.84644156628456,37.3084831237793,96486000.0,36.458630911457234,57.98332613601972,36.25721795218332,1,1,0.018408883430640843,0.018408883430640843,1.4464794023808512,0.0
2017-10-17,37.53948767379802,37.15678898080747,37.2851338145782,37.44614791870117,75989200.0,36.552680150242374,59.04043833214541,36.361226490565706,1,1,0.0036899059783572774,0.0036899059783572774,1.4518167753752669,0.0
2017-10-18,37.50215231248162,37.24313040832312,37.434477966334995,37.28046417236328,65496800.0,36.62199291425389,57.21672807211183,36.46923555646624,0,0,-0.004424587188450069,-0.004424587188450069,1.4453930854709647,-0.004424587188449958
2017-10-19,36.65506986514349,36.17436351454457,36.578062989462744,36.398380279541016,170336800.0,36.60069647285266,48.7736980417758,36.500237873622346,0,0,-0.02366075402774015,-0.0,1.4453930854709647,-0.004424587188449958
2017-10-20,36.811428509521484,36.39372828838043,36.54540628427304,36.46139907836914,95896400.0,36.58743005433042,49.33592550060687,36.54090826851981,0,0,0.001731362723949248,0.0,1.4453930854709647,-0.004424587188449958
2017-10-23,36.797431284478705,36.28638769831077,36.61074819190047,36.44273376464844,87937200.0,36.57364945531309,49.16768120747115,36.569077900477815,0,0,-0.0005119198437938399,-0.0,1.4453930854709647,-0.004424587188449958
2017-10-24,36.734419166187365,36.449728296248004,36.470729206157486,36.65974807739258,71028800.0,36.58184932408256,51.20420252759463,36.629416057041716,1,1,0.005954940541663234,0.0,1.4453930854709647,-0.004424587188449958
2017-10-25,36.764763409729866,36.23271889007482,36.6154176421194,36.498741149902344,84828400.0,36.57393425987492,49.65071723597875,36.646417890276226,0,0,-0.004391926729838236,-0.004391926729838236,1.4390450249437614,-0.008797081455546807
2017-10-26,36.830097811477216,36.58507649328712,36.69008461231614,36.73208999633789,68002000.0,36.588996710966626,51.87803598881037,36.68158694675991,1,1,0.006393339580594626,0.0,1.4390450249437614,-0.008797081455546807
2017-10-27,38.17656267069392,37.03313052140104,37.17080797451012,38.0482177734375,177816800.0,36.72797014548767,61.887764530581904,36.80176516941616,1,1,0.03583046260724143,0.03583046260724143,1.4906066739001456,0.0
2017-10-30,39.21964532323576,38.20455822203345,38.24422780971171,38.90461730957031,178803200.0,36.9352698754003,66.64059204243505,36.98211424691336,1,1,0.022508269407843118,0.022508269407843118,1.524157650497419,0.0
2017-10-31,39.58833699562369,38.95595232813968,39.1799692253035,39.44599151611328,144187200.0,37.17438622213487,69.19671747267714,37.19029753548758,1,1,0.01391542300069859,0.01391542300069859,1.5453669489238415,0.0
2017-11-01,39.65600213426327,38.64558340184696,39.63966571812375,38.94427490234375,134551200.0,37.34294704882143,64.38411619524749,37.37181282043457,0,0,-0.01271907726199717,-0.01271907726199717,1.5257113073023423,-0.01271907726199717
2017-11-02,39.31997709366315,38.56858021390283,38.87660785634644,39.22896957397461,165573600.0,37.52256824169316,65.80467236077047,37.55716133117676,1,1,0.007310308699924661,0.0,1.5257113073023423,-0.01271907726199717
2017-11-03,40.66408739781304,39.9313592121437,40.60341690726902,40.253387451171875,237594400.0,37.782646261643514,70.29266900273038,37.767511640276226,1,1,0.02611381049062489,0.02611381049062489,1.5655534432446392,0.0
2017-11-06,40.83444474783587,40.07137940354563,40.22305743668597,40.66176223754883,140105200.0,38.05684778315831,71.84335825004783,37.99719837733677,1,1,0.010145103610778694,0.010145103610778694,1.5814361451345673,0.0
2017-11-07,40.89510292677911,40.51007199824681,40.582410840276715,40.79242706298828,97446000.0,38.31737914314212,72.32982065372232,38.24805286952427,1,1,0.003213457023237165,0.003213457023237165,1.586518022221951,0.0
2017-11-08,41.126136779785156,40.680431665114995,40.75743858759867,41.126136779785156,97638000.0,38.584879870441455,73.55796619769885,38.585749762398855,1,1,0.00818067815091239,0.00818067815091239,1.599496815542371,0.0
2017-11-09,41.09346746488013,40.40274097211313,40.862446697626574,41.04212951660156,117930400.0,38.81890364626623,72.70287229354427,38.91294479370117,0,0,-0.0020426733401539554,-0.0020426733401539554,1.5962295660396015,-0.0020426733401539554
2017-11-10,41.072565925229945,40.81261284063416,41.00933312803533,40.906288146972656,100582000.0,39.01770217014303,71.29222679425649,39.23177010672433,0,0,-0.003309803151757995,-0.0,1.5962295660396015,-0.0020426733401539554
2017-11-13,40.86647673799948,40.60886428045805,40.63228489422871,40.74235534667969,67928400.0,39.18195485362271,69.57730576201386,39.52338491167341,0,0,-0.004007520792499553,-0.0,1.5962295660396015,-0.0020426733401539554
2017-11-14,40.62760092491378,40.088958958034446,40.52455593969533,40.12643051147461,99130000.0,39.271904916275275,63.53308721703165,39.782505580357146,0,0,-0.015117555918506165,-0.0,1.5962295660396015,-0.0020426733401539554
2017-11-15,39.88755953383596,39.433226751134306,39.80559095298327,39.59716033935547,116632400.0,39.302881623235294,58.904513124251004,39.98715346200125,0,0,-0.01319006364066666,-0.0,1.5962295660396015,-0.0020426733401539554
2017-11-16,40.25054990364294,39.88287057756387,40.08895696426733,40.07022476196289,94550000.0,39.375961922161736,61.540652883739234,40.13158253261021,1,1,0.011946927975470034,0.0,1.5962295660396015,-0.0020426733401539554
2017-11-17,40.13812781409574,39.72829221152376,40.056159264188196,39.84772872924805,87598000.0,39.42089209426519,59.64640439845847,40.19894763401577,0,0,-0.005552652475412367,-0.005552652475412367,1.5873662579884054,-0.007583983560387586
2017-11-20,39.94375786790705,39.70956603840621,39.88052507336638,39.807926177978516,65049600.0,39.45775248319027,59.30267697621385,40.22480010986328,0,0,-0.0009988662475589605,-0.0,1.5873662579884054,-0.007583983560387586
2017-11-21,40.67911283285023,39.99527324117979,39.99527324117979,40.54796600341797,100525200.0,39.56158234225957,63.4274984425298,40.33934947422573,1,1,0.018590263208658087,0.0,1.5873662579884054,-0.007583983560387586
2017-11-22,40.983574933724654,40.526901527731404,40.599500431570824,40.97420883178711,102355600.0,39.69611819840505,65.54475296056403,40.46400942121233,1,1,0.010512064361827944,0.010512064361827944,1.6040527542581735,0.0
2017-11-24,41.10067245893679,40.901607943559625,41.00699714198535,40.9765510559082,56106800.0,39.81806418483392,65.55628685902508,40.515663964407786,1,1,5.716337637440283e-05,5.716337637440283e-05,1.6041444473294895,0.0
2017-11-27,41.00231711167358,40.59482193083841,40.99529164075268,40.77046585083008,82867200.0,39.908769105404986,63.58491034086628,40.52342850821359,0,0,-0.0050293448269217444,-0.0050293448269217444,1.5960766517516776,-0.0050293448269218555
2017-11-28,40.953124315386184,40.24820819101348,40.81963683001923,40.53158187866211,105715200.0,39.96808460761995,61.33442533036017,40.50479670933315,0,0,-0.0058592406827527865,-0.0,1.5960766517516776,-0.0050293448269218555
2017-11-29,40.496462371670276,39.14751833236251,40.428548293921786,39.69084167480469,166665600.0,39.9416805187804,54.224445343719324,40.402275630405974,0,0,-0.020742842121837635,-0.0,1.5960766517516776,-0.0050293448269218555
2017-11-30,40.313790385637134,39.44728113777023,39.9133206954704,40.24587631225586,166108800.0,39.970651546730444,57.63704243288303,40.34540040152414,1,1,0.013983947279291531,0.0,1.5960766517516776,-0.0050293448269218555
2017-12-01,40.20370760538701,39.46131999629257,39.800897406193066,40.058509826660156,159037200.0,39.979019001961845,56.149579580307254,40.284844807216096,0,0,-0.004655544934392353,-0.004655544934392353,1.5886460451807132,-0.009661475420481791
2017-12-04,40.426196759021686,39.72596540146465,40.393410042348286,39.765777587890625,130169600.0,39.958710295859824,53.86348634233215,40.21508925301688,0,0,-0.007307616784454352,-0.0,1.5886460451807132,-0.009661475420481791
2017-12-05,40.16858764399004,39.43790663235427,39.5924741130353,39.72830581665039,109400800.0,39.93676701212559,53.56960236044855,40.186651774815154,0,0,-0.0009423120460152479,-0.0,1.5886460451807132,-0.009661475420481791
2017-12-06,39.85944981268893,38.983574632195534,39.2271325695482,39.58076095581055,114240000.0,39.902861673428916,52.38496780513177,40.185480390276226,0,0,-0.0037138472886504292,-0.0,1.5886460451807132,-0.009661475420481791
2017-12-07,39.915652139685264,39.5573389610079,39.58544083432115,39.653358459472656,102693200.0,39.879099462575944,52.924153187698764,40.15570422581264,0,0,0.0018341613932879586,0.0,1.5886460451807132,-0.009661475420481791
2017-12-08,40.046807262488294,39.53627073312778,39.92737070272112,39.66507339477539,93420800.0,39.85871602754732,53.01452900008725,40.14265741620745,0,0,0.00029543362171224885,0.0,1.5886460451807132,-0.009661475420481791
2017-12-11,40.48942684830083,39.529238880275294,39.625258391774615,40.437904357910156,141095200.0,39.913876820915206,58.541516688223446,40.187655857631135,1,1,0.01948391612547873,0.0,1.5886460451807132,-0.009661475420481791
2017-12-12,40.372335910833776,40.1545391892479,40.316128576157915,40.21074295043945,77636800.0,39.942149785631806,56.48567500494257,40.1635684967041,0,0,-0.005617536592898875,-0.005617536592898875,1.5797217678887465,-0.01522473832166471
2017-12-13,40.64165556869939,40.28100166104409,40.39809759610526,40.344234466552734,95273600.0,39.980443564767135,57.41084227055716,40.11857032775879,1,1,0.0033197973058545216,0.0,1.5797217678887465,-0.01522473832166471
2017-12-14,40.54563496624817,40.19902846532238,40.37467234776361,40.33251953125,81906000.0,40.01397460919408,57.29830602725751,40.07256807599749,0,0,-0.00029037446013369106,-0.00029037446013369106,1.5792630570332344,-0.015510691906627572
2017-12-15,40.78919300073705,40.38872694904004,40.66273097743377,40.74235534667969,160677200.0,40.08334420324033,60.173190643698234,40.07056018284389,1,1,0.010161423590513419,0.0,1.5792630570332344,-0.015510691906627572
2017-12-18,41.49879714319126,40.950789044916306,40.9554738827219,41.31612777709961,117684400.0,40.2007521626555,63.76798435441006,40.126599175589426,1,1,0.014082946985702005,0.014082946985702005,1.6015037349419112,-0.0016461811727580544
2017-12-19,41.074907545710694,40.77045743255763,40.990598338583446,40.8758430480957,109745600.0,40.26504653269742,59.4347773300187,40.211242130824495,0,0,-0.010656485800877635,-0.010656485800877635,1.5844373331304502,-0.012285124467342534
2017-12-20,41.08192415163316,40.57372838651899,40.95311794999519,40.83134078979492,93902400.0,40.31897931908766,59.00815497677581,40.25306102207729,0,0,-0.0010887178094020067,-0.0,1.5844373331304502,-0.012285124467342534
2017-12-21,41.222444529932275,40.772796671189994,40.78918824012919,40.98590850830078,83799600.0,40.382496384727006,60.056401182862196,40.319303785051616,1,1,0.003785516603571626,0.0,1.5844373331304502,-0.012285124467342534
2017-12-22,41.081928010676265,40.86647196837164,40.90862478005833,40.98590850830078,65397600.0,40.439964206019745,60.056401182862196,40.406455993652344,0,0,0.0,0.0,1.5844373331304502,-0.012285124467342534
2017-12-26,40.156888699156255,39.73768316234374,39.99998054200085,39.94611740112305,132742000.0,40.39293117698196,50.441702819946116,40.42201396397182,0,0,-0.025369478072375773,-0.0,1.5844373331304502,-0.012285124467342534
2017-12-27,39.99528163007775,39.7446982227426,39.836032896217475,39.953128814697266,85992800.0,40.351045237716754,50.497954485505964,40.44861166817801,0,0,0.00017552177859525564,0.0,1.5844373331304502,-0.012285124467342534
2017-12-28,40.24586903063577,39.92502378068592,40.046804537750475,40.0655403137207,65920800.0,40.323854292574275,51.42838323016954,40.47805322919573,0,0,0.002813584376452738,0.0,1.5844373331304502,-0.012285124467342534
2017-12-29,39.95077944239491,39.629937810770116,39.93438787413928,39.63227844238281,103999600.0,40.257989925889376,47.78451017174197,40.47571073259626,0,0,-0.010813828241061252,-0.0,1.5844373331304502,-0.012285124467342534
2018-01-02,40.351265734431266,39.63932034581606,39.85009520330083,40.341896057128906,102223600.0,40.26598098600743,53.468551775304626,40.46885299682617,1,1,0.017905042118073755,0.0,1.5844373331304502,-0.012285124467342534
2018-01-03,40.87818856844172,40.27163252810483,40.40512002581769,40.334861755371094,118071600.0,40.27254105928016,53.407887042354794,40.47771862574986,0,0,-0.00017436715785124068,-0.00017436715785124068,1.5841610592958788,-0.012457349502956627
2018-01-04,40.62526561027816,40.299739040812426,40.40746530419806,40.522220611572266,89738400.0,40.296320064260364,54.844302437000756,40.49043192182268,1,1,0.004645084873167393,0.0,1.5841610592958788,-0.012457349502956627
2018-01-05,41.0702314004302,40.526908063329756,40.618242759257555,40.98358154296875,94640000.0,40.361773538423066,58.18575206283502,40.53693635123117,1,1,0.011385381265722971,0.011385381265722971,1.602197336942274,-0.001213799910885216
2018-01-08,41.12642116433384,40.73297709146542,40.83134078979492,40.83134078979492,82271200.0,40.40649422902991,56.72766396194593,40.54329245431082,0,0,-0.0037146766447001545,-0.0037146766447001545,1.5962456919145338,-0.004923967681405017
2018-01-09,40.997626844556606,40.61121170113573,40.87819028123188,40.82666778564453,86336000.0,40.4465107582313,56.68177035861534,40.50833102634975,0,0,-0.00011444650261294154,-0.0,1.5962456919145338,-0.004923967681405017
2018-01-10,40.81963546502523,40.51518538041785,40.55265692973523,40.817291259765625,95839600.0,40.48182318694885,56.58508039880359,40.50414875575474,0,0,-0.00022966669550739116,-0.0,1.5962456919145338,-0.004923967681405017
2018-01-11,41.0983266027859,40.86413476669079,40.887551806210006,41.04914474487305,74670800.0,40.53585381151306,58.43076737382911,40.51970618111746,1,1,0.005680276126896366,0.0,1.5962456919145338,-0.004923967681405017
2018-01-12,41.53627052568865,41.13580085257462,41.25992225875077,41.47303771972656,101672400.0,40.625109421819104,61.57458000716358,40.55450112479074,1,1,0.010326475191823725,0.010326475191823725,1.6127292834521447,0.0
2018-01-16,42.011681370568965,41.250557757664666,41.66273418158303,41.26226806640625,118263600.0,40.68579119749407,59.23005411343408,40.57424109322684,0,0,-0.005082088626945702,-0.005082088626945702,1.6045332503023704,-0.005082088626945702
2018-01-17,41.97889490055717,40.99997454785581,41.252898636063065,41.94376754760742,137547200.0,40.80559846893344,63.9074581598859,40.7169303894043,1,1,0.01651628747368883,0.0,1.6045332503023704,-0.005082088626945702
2018-01-18,42.17795556841482,41.7446991964493,42.006992937085954,41.981231689453125,124773600.0,40.917563537554365,64.14549007838308,40.861794880458284,1,1,0.000893199253099608,0.000893199253099608,1.605966418203114,-0.004193428691611878
2018-01-19,42.056166522261215,41.54797071306402,41.82900017607158,41.79387283325195,129700400.0,41.001021565716044,61.993220061787866,40.98524720328195,0,0,-0.004462919468087967,-0.004462919468087967,1.5987991194102198,-0.008637633225153873
2018-01-22,41.63461939785577,41.358274779306186,41.52220833043589,41.45195007324219,108434400.0,41.043967137861394,58.239365506939514,41.11522374834333,0,0,-0.008181169555019685,-0.0,1.5987991194102198,-0.008637633225153873
2018-01-23,42.02339695734473,41.40981529585413,41.52222641222596,41.461334228515625,130756400.0,41.08371638459037,58.31229191696669,41.1951836177281,1,1,0.00022638634025318183,0.0,1.5987991194102198,-0.008637633225153873
2018-01-24,41.52221462816889,40.56202663901651,41.510504321279925,40.8009033203125,204420400.0,41.056781807040096,51.632682956415415,41.2284723009382,0,0,-0.015928838772122922,-0.015928838772122922,1.5733321060081222,-0.02442888453026071
2018-01-25,40.97186281875041,39.93673528633479,40.86881783456247,40.072566986083984,166116000.0,40.96304706218714,45.57263515962806,41.19635418483189,0,0,-0.01785098551643871,-0.0,1.5733321060081222,-0.02442888453026071
2018-01-26,40.2809998043608,39.82666702550764,40.2809998043608,40.16624450683594,156572000.0,40.88716110453464,46.423972481617774,41.13797296796526,0,0,0.002337697028106156,0.0,1.5733321060081222,-0.02442888453026071
2018-01-29,39.850083072126374,39.126431167404846,39.850083072126374,39.334861755371094,202561600.0,40.73932307128097,40.50513440474248,41.03108160836356,0,0,-0.02069854330850751,-0.0,1.5733321060081222,-0.02442888453026071
2018-01-30,39.19669121606022,38.571399366691885,38.76577904303612,39.1030158996582,184192800.0,40.583484293031184,39.04389291854341,40.907963616507395,0,0,-0.00589415712593,-0.0,1.5733321060081222,-0.02442888453026071
2018-01-31,39.44726751226746,38.99293484679967,39.07958466961124,39.210731506347656,129915600.0,40.452745932394656,40.10068478724252,40.79320934840611,0,0,0.0027546623760648092,0.0,1.5733321060081222,-0.02442888453026071
2018-02-01,39.48943348596959,39.05383644817289,39.149855976180945,39.2927131652832,188923200.0,40.34226662124119,40.92125913356019,40.66774994986398,0,0,0.0020907964678567037,0.0,1.5733321060081222,-0.02442888453026071
2018-02-02,39.063204758076324,37.49411993865664,38.87585054676852,37.58779525756836,346375200.0,40.079936015177104,31.480601222311222,40.390232631138396,0,0,-0.043390180274474166,-0.0,1.5733321060081222,-0.02442888453026071
2018-02-05,38.37935916282286,36.53392635472329,37.25992247449914,36.648681640625,290954000.0,39.75314988426738,27.766411466797777,40.06069074358259,0,0,-0.024984535818292408,-0.0,1.5733321060081222,-0.02442888453026071
2018-02-06,38.34189463418348,36.06554928926782,36.2599289772424,38.180301666259766,272975200.0,39.60335481588571,39.93294138799665,39.79187175205776,0,0,0.04179195422781512,0.0,1.5733321060081222,-0.02442888453026071
2018-02-07,38.26694136965625,37.25289394932858,38.19434247833096,37.36296081542969,206434400.0,39.389983958699425,36.481294628460674,39.46199526105608,0,0,-0.0214073963578022,-0.0,1.5733321060081222,-0.02442888453026071
2018-02-08,37.70488937746302,36.30676369044482,37.538611584893964,36.33486557006836,217562000.0,39.099020302639325,32.73490712654443,39.072066170828684,0,0,-0.027516428648148183,-0.0,1.5733321060081222,-0.02442888453026071
2018-02-09,37.12731684344801,35.32844580447681,36.934498391741066,36.779300689697266,282690400.0,38.87809462521627,35.737863535699304,38.73830550057547,0,0,0.012231643427216055,0.0,1.5733321060081222,-0.02442888453026071
2018-02-12,38.53819451209446,37.037957340347475,37.27075387708362,38.26072311401367,243278000.0,38.81929733843507,44.44073748417362,38.50969042096819,0,0,0.04027870015297452,0.0,1.5733321060081222,-0.02442888453026071
2018-02-13,38.74041964665234,38.01146342597023,38.0820081550772,38.64400863647461,130196800.0,38.802603176343595,46.41704310047539,38.35562651497977,0,0,0.01001772813646995,0.0,1.5733321060081222,-0.02442888453026071
2018-02-14,39.39646940475881,38.300688708120006,38.33830944638612,39.35649490356445,162579600.0,38.85535476941225,49.90388425676424,38.30447850908552,1,1,0.018437172856269335,0.0,1.5733321060081222,-0.02442888453026071
2018-02-15,40.70154444028651,39.73979522756888,39.925559555510134,40.67803192138672,204588800.0,39.028943069600295,55.55123101142351,38.341034752982004,1,1,0.03357862586748239,0.03357862586748239,1.6261624361610671,0.0
2018-02-16,41.10834109330576,40.39114305798733,40.52987872716522,40.54633712768555,160704400.0,39.17345678941794,54.90200741885299,38.42756870814732,0,0,-0.0032374917733405395,-0.0032374917733405395,1.6208977486518803,-0.0032374917733405395
2018-02-20,40.97666251869846,40.30884675397618,40.45699032267764,40.40996170043945,135722000.0,39.29121916189618,54.211393872530465,38.520921979631694,0,0,-0.0033634462915017593,-0.0,1.6208977486518803,-0.0032374917733405395
2018-02-21,40.943737915034774,40.21243161204451,40.64040028293785,40.22654342651367,149886400.0,39.380297663288324,53.26285703968474,38.59347997392927,0,0,-0.004538937088965023,-0.0,1.6208977486518803,-0.0032374917733405395
2018-02-22,40.903763321580946,40.37703706692749,40.39819940650478,40.562801361083984,123967600.0,39.49291706307839,54.78940407778688,38.68420055934361,1,1,0.008359105852199011,0.0,1.6208977486518803,-0.0032374917733405395
2018-02-23,41.30351244871162,40.807352815892024,40.83792303213014,41.26824188232422,135249600.0,39.66199561729227,57.831026596451714,38.947089603969026,1,1,0.01739131661446436,0.01739131661446436,1.6490872945983577,0.0
2018-02-26,42.18295534096255,41.4351907527276,41.46811113859858,42.08419418334961,152648800.0,39.89268119501202,61.02364538457968,39.33534049987793,1,1,0.019771918158085544,0.019771918158085544,1.681692913622695,0.0
2018-02-27,42.43926676848997,41.89372840137815,42.114766828451785,41.947811126708984,155712400.0,40.08840785517363,60.2214552335518,39.604448318481445,0,0,-0.003240719212691645,-0.003240719212691645,1.6762430190876705,-0.003240719212691645
2018-02-28,42.47219752328346,41.86787234563421,42.15239785482947,41.88433074951172,151128400.0,40.25944813082487,59.836067669655634,39.92740331377302,0,0,-0.001513317989477847,-0.0,1.6762430190876705,-0.003240719212691645
2018-03-01,42.27467778171612,40.600434253902975,41.983094552063186,41.15067672729492,195208000.0,40.3443270447744,55.514132879549045,40.27138982500349,0,0,-0.017516193027039106,-0.0,1.6762430190876705,-0.003240719212691645
2018-03-02,41.4563582618264,40.55104215533317,40.63334492430652,41.43519592285156,153816000.0,40.448219318876994,56.78826234687051,40.60395377022879,1,1,0.0069140830281393395,0.0,1.6762430190876705,-0.003240719212691645
2018-03-05,41.79496300751792,41.037790577315505,41.200042324937854,41.57862854003906,113605600.0,40.55587733994005,57.435188868385175,40.840947014944895,1,1,0.0034616131043414544,0.0034616131043414544,1.6820455238886052,0.0
2018-03-06,41.914897680952514,41.41638784408837,41.83494866712595,41.543365478515625,95154000.0,40.6499238293282,57.21352219867557,41.04804393223354,0,0,-0.0008481054513252984,-0.0008481054513252984,1.6806189719104179,-0.0008481054513252984
2018-03-07,41.35054830257984,40.97901608895721,41.13656394614241,41.1577262878418,126814000.0,40.69828596823426,54.77974996911454,41.17670331682478,0,0,-0.009282810533808639,-0.0,1.6806189719104179,-0.0008481054513252984
2018-03-08,41.649185801737886,41.16713789729796,41.263545325353434,41.60686111450195,95096400.0,40.78481693454547,57.021094218342625,41.243048259190154,1,1,0.010912527662948923,0.0,1.6806189719104179,-0.0008481054513252984
2018-03-09,42.32640498834735,41.71267197249416,41.84670731055642,42.32170104980469,128740800.0,40.93118685028444,60.316395924018536,41.369859967912944,1,1,0.017180818647566154,0.017180818647566154,1.7094933816824698,0.0
2018-03-12,42.88840187598345,42.37578384715246,42.39459242365057,42.73085403442383,128828400.0,41.10258372496438,62.068628253210946,41.53563799176897,1,1,0.009667687603994057,0.009667687603994057,1.7260202296576712,0.0
2018-03-13,43.14941874671563,42.14769511274194,42.93543439207039,42.31935119628906,126774000.0,41.218466341281015,59.296744960535314,41.685124261038645,0,0,-0.009630110313340823,-0.009630110313340823,1.70939846444301,-0.009630110313340823
2018-03-14,42.448677336361385,41.81142828997484,42.401648720566676,41.959571838378906,117473600.0,41.2890478171951,56.95585514353106,41.78489358084543,0,0,-0.008501532933276712,-0.0,1.70939846444301,-0.009630110313340823
2018-03-15,42.3828544385123,41.87258638634152,41.97369777355768,42.008968353271484,90975200.0,41.357611677773804,57.200046270593724,41.83780261448452,1,1,0.001177240680215741,0.0,1.70939846444301,-0.009630110313340823
2018-03-16,42.11948001357857,41.766759927922955,42.00896076636214,41.86082077026367,157618800.0,41.40553635324903,56.19363025132306,41.82184737069266,0,0,-0.003526570368545534,-0.003526570368545534,1.703370150470268,-0.013122719420209483
2018-03-19,41.731470580802444,40.83556254036887,41.69620002332579,41.2212028503418,133787200.0,41.38798078154358,52.03297026944673,41.76994677952358,0,0,-0.015279631601878063,-0.0,1.703370150470268,-0.013122719420209483
2018-03-20,41.57393965755342,41.13656662699339,41.20711135864258,41.20711135864258,78597600.0,41.37075512221968,51.9437791897869,41.721573965890066,0,0,-0.00034185057021207665,-0.0,1.703370150470268,-0.013122719420209483
2018-03-21,41.17182942442222,40.271217251359516,41.16007137335858,40.2735710144043,148219600.0,41.26626139766583,46.39763491141727,41.65892355782645,0,0,-0.02265483586348227,-0.0,1.703370150470268,-0.013122719420209483
2018-03-22,40.60514157388862,39.64574593216269,39.97494996725935,39.704532623291016,165963200.0,41.11752532391585,43.42281637641773,41.535304750714985,0,0,-0.014129325430559891,-0.0,1.703370150470268,-0.013122719420209483
2018-03-23,39.956132573821826,38.78510284423828,39.596358358178364,38.78510284423828,164115200.0,40.895389849660845,39.15323159699185,41.335767201014924,0,0,-0.023156796423625226,-0.0,1.703370150470268,-0.013122719420209483
2018-03-26,40.70388819587947,39.137810582430205,39.52110078560363,40.62628936767578,150164800.0,40.86976123232893,49.599438921808556,41.27026176452637,0,0,0.04747148746341456,0.0,1.703370150470268,-0.013122719420209483
2018-03-27,41.18592730784596,39.25067171212704,40.84026150408861,39.58457946777344,163690400.0,40.74736296903793,44.99851834567524,41.157894134521484,0,0,-0.025641276033719684,-0.0,1.703370150470268,-0.013122719420209483
2018-03-28,39.97964191762341,38.84388295506285,39.3282845706032,39.147220611572266,166674000.0,40.59496845880311,43.22643195659951,40.98220552716936,0,0,-0.011048718012963477,-0.0,1.703370150470268,-0.013122719420209483
2018-03-29,40.38644792863165,39.245984936182275,39.459969305990974,39.45291519165039,153594000.0,40.48620148097904,44.82508620985195,40.777292251586914,0,0,0.007808845054705138,0.0,1.703370150470268,-0.013122719420209483
2018-04-02,39.7256858766554,38.67457979286387,39.184847724476676,39.194252014160156,150347200.0,40.36315867461534,43.72836840118841,40.52467782156808,0,0,-0.006556250057409563,-0.0,1.703370150470268,-0.013122719420209483
2018-04-03,39.6810007539685,38.77098428485459,39.41998780548692,39.59634780883789,121112000.0,40.29012906835082,45.89450794516862,40.33017757960728,0,0,0.010259050090622113,0.0,1.703370150470268,-0.013122719420209483
2018-04-04,40.44756902356783,38.74510978232181,38.770976054177616,40.353511810302734,138422000.0,40.29616551996529,49.730176767424126,40.21545900617327,1,1,0.019122066639081448,0.0,1.703370150470268,-0.013122719420209483
2018-04-05,40.96960073764623,40.46403686410354,40.58161019172307,40.63334274291992,107732800.0,40.328277636437164,51.07936938141963,40.1172000340053,1,1,0.006934487732632499,0.006934487732632499,1.7151821498828366,-0.006279231024415188
2018-04-06,40.55809716197049,39.55166968838654,40.203026977373334,39.593997955322266,140021200.0,40.258346238235745,46.22852895741169,39.955284118652344,0,0,-0.025578618873997372,-0.025578618873997372,1.6713101593715,-0.0316972358412172
2018-04-09,40.70153867662767,39.93966571674338,39.94671983021981,39.9866943359375,116070800.0,40.23247462849306,48.18555221111987,39.867104939052034,0,0,0.009918078519334017,0.0,1.6713101593715,-0.0316972358412172
2018-04-10,40.915518624441965,40.33470609025764,40.680371965680806,40.739158630371094,113634400.0,40.28073024771954,51.72907387766821,39.833679744175505,1,1,0.018817866966245544,0.0,1.6713101593715,-0.0316972358412172
2018-04-11,40.89671454438979,40.37468857171758,40.49931603844929,40.54869842529297,89726400.0,40.30625102653605,50.80337124995093,39.85333170209612,0,0,-0.004675113858049529,-0.004675113858049529,1.6634965940843234,-0.036224161512723674
2018-04-12,41.150674496485806,40.689785363381375,40.77679208647928,40.948448181152344,91557200.0,40.36741266030903,52.674453112564684,39.94218281337193,1,1,0.009858510171316004,0.0,1.6634965940843234,-0.036224161512723674
2018-04-13,41.348186388918656,40.880246848218526,41.098931512114,41.08717346191406,100497200.0,40.435961308080934,53.32294521411917,40.1066164289202,1,1,0.0033878031262140063,0.0033878031262140063,1.6691321930462086,-0.032959078714126955
2018-04-16,41.430493723168546,41.1106940979349,41.15772271587,41.34349060058594,86313600.0,40.52239266927189,54.53462606775757,40.15784508841379,1,1,0.006238373610914616,0.006238373610914616,1.6795448632724361,-0.026926316150102547
2018-04-17,42.07714620383334,41.482225408708985,41.50103757309891,41.91254425048828,106421600.0,40.65478805795916,57.13502137337237,40.32412828717913,1,1,0.013764044632803119,0.013764044632803119,1.702662193733313,-0.013532886534586508
2018-04-18,42.04893159283888,41.59274645355115,41.81143114656128,41.818485260009766,83018000.0,40.76561636291636,56.57205294519327,40.51493290492466,0,0,-0.002244172768810615,-0.002244172768810615,1.6988411256036535,-0.015746689167952743
2018-04-19,41.24237171885631,40.600422354708584,40.85908152263962,40.63334274291992,139235200.0,40.753018875297656,50.03339952867732,40.59924915858677,0,0,-0.02834015889674446,-0.0,1.6988411256036535,-0.015746689167952743
2018-04-20,40.26181252512337,38.9003113167802,40.11602274007063,38.968505859375,261964400.0,40.5830652547336,42.730406184266,40.583124433244976,0,0,-0.04097218616932541,-0.0,1.6988411256036535,-0.015746689167952743
2018-04-23,39.2506812754814,38.58521577645036,39.229518936557035,38.85563659667969,146062000.0,40.418548239680845,42.289894042114135,40.53021648951939,0,0,-0.0028964226419823103,-0.0,1.6988411256036535,-0.015746689167952743
2018-04-24,39.1119590390182,37.91035901279784,38.95676132415108,38.31481170654297,134768000.0,40.218192379382,40.19963390669588,40.38459505353655,0,0,-0.013918827164008829,-0.0,1.6988411256036535,-0.015746689167952743
2018-04-25,38.89796494806505,38.19017470434135,38.23955349982821,38.481754302978516,113528400.0,40.05281732448643,41.144858551499006,40.23091016496931,0,0,0.004357129501618706,0.0,1.6988411256036535,-0.015746689167952743
2018-04-26,38.97085384618492,38.415907600882896,38.59226759085532,38.61578369140625,111852000.0,39.915956978478796,41.92068035532022,40.16103771754673,0,0,0.0034829334279429247,0.0,1.6988411256036535,-0.015746689167952743
2018-04-27,38.64166141318096,37.77161925587139,38.56406256404047,38.16901779174805,142623200.0,39.74958181783777,40.067465304225145,40.03120367867606,0,0,-0.01156951528495398,-0.0,1.6988411256036535,-0.015746689167952743
2018-04-30,39.3306373522608,38.05614261691634,38.124337172004125,38.86034393310547,169709600.0,39.66489249548232,44.093168328094514,39.89700262887137,0,0,0.018112232940583617,0.0,1.6988411256036535,-0.015746689167952743
2018-05-01,39.786821996562225,38.862697162878376,39.13076426459355,39.763309478759766,214277600.0,39.67426554150874,48.81973923386887,39.840903418404714,1,1,0.02323616968518527,0.0,1.6988411256036535,-0.015746689167952743
2018-05-02,41.79731920902319,40.868490610877785,41.20474861558211,41.51984786987305,266157600.0,39.85003528706724,56.37248156939132,39.881717681884766,1,1,0.044174854008355746,0.044174854008355746,1.7738871843105857,0.0
2018-05-03,41.73853620820341,41.01898793273085,41.357599730142326,41.595096588134766,136272800.0,40.01623160145463,56.66088476673262,39.91799790518625,1,1,0.0018123553462323638,0.0018123553462323638,1.777102098232684,0.0
2018-05-04,43.32576998137287,41.896077928083315,41.91489009052762,43.22700881958008,224805200.0,40.32201990794277,62.34356078187491,40.052534920828684,1,1,0.03923328385564617,0.03923328385564617,1.8468236492931112,0.0
2018-05-07,44.12996973811429,43.44334197614829,43.54445330963248,43.53975296020508,169805600.0,40.6284706748249,63.31394265446302,40.16876411437988,1,1,0.007234924394845965,0.007234924394845965,1.8601852787663604,0.0
2018-05-08,43.7890170178285,43.18939223908844,43.49978759299765,43.74904251098633,113611200.0,40.92566799255455,63.9680158632345,40.306661060878206,1,1,0.0048068612371903185,0.0048068612371903185,1.8691269312768546,0.0
2018-05-09,44.066483603045754,43.5538655954105,43.86661109054945,44.05707931518555,92844800.0,41.223897642328936,64.93654238468532,40.55121367318289,1,1,0.007040995334283373,0.007040995334283373,1.8822874452791583,0.0
2018-05-10,44.76487377033595,44.12527449301821,44.14644042182307,44.68727493286133,111957200.0,41.553743098570116,66.85516001599882,40.95969717843192,1,1,0.014304071615082403,0.014304071615082403,1.909211819696602,0.0
2018-05-11,44.86431373655376,44.24821414832079,44.72976515621455,44.51731491088867,104848800.0,41.835988033076646,65.83252189458062,41.36410277230399,0,0,-0.0038033203462956022,-0.0038033203462956022,1.9019504755373617,-0.0038033203462956022
2018-05-14,44.73919935447773,44.34499061980107,44.61645058140408,44.41344451904297,83115200.0,42.081460079359154,65.19102253855092,41.79971940176828,0,0,-0.0023332582401617286,-0.0,1.9019504755373617,-0.0038033203462956022
2018-05-15,44.15851859124368,43.69349302796125,44.090061076831134,44.009803771972656,94780800.0,42.265111859608055,62.692125552644306,42.194580078125,0,0,-0.009088255852284677,-0.0,1.9019504755373617,-0.0038033203462956022
2018-05-16,44.48662667958038,43.905933713378666,43.92245918077974,44.420528411865234,76732400.0,42.47038962648969,64.1634840172354,42.609204701014924,1,1,0.009332571488404273,0.0,1.9019504755373617,-0.0038033203462956022
2018-05-17,44.59285148855085,43.99091455997095,44.37804201646454,44.13962936401367,69176000.0,42.62936483958721,62.39205727851901,43.03567695617676,0,0,-0.006323631390583118,-0.006323631390583118,1.8899232418069192,-0.010102900940948456
2018-05-18,44.33320237284291,43.93663426545519,44.186850371576995,43.979122161865234,73190800.0,42.75791315599464,61.37291997891345,43.40130397251674,0,0,-0.0036363513799527736,-0.0,1.8899232418069192,-0.010102900940948456
2018-05-21,44.67783796727846,44.12075167525206,44.37804907404696,44.29071044921875,73603200.0,42.903893850587416,62.62058746222569,43.72468975612095,1,1,0.007084913750818211,0.0,1.8899232418069192,-0.010102900940948456
2018-05-22,44.58577985875149,44.09006613886106,44.46775312562425,44.17976760864258,60962800.0,43.02540563706886,61.87156876796777,43.91468402317592,0,0,-0.002504878324392057,-0.002504878324392057,1.8851892140437523,-0.01258247272776003
2018-05-23,44.496079110534765,43.849291305828515,43.98856559061362,44.46303176879883,80233600.0,43.16232241151933,63.05911773332215,44.119536536080496,1,1,0.006411626305178553,0.0,1.8851892140437523,-0.01258247272776003
2018-05-24,44.57632193676035,43.95550396152041,44.55980007220773,44.41344451904297,92936000.0,43.28147689795015,62.699269102724166,44.20428194318499,0,0,-0.0011152467068306082,-0.0011152467068306082,1.8830867629810375,-0.013683686873317225
2018-05-25,44.76753273171379,44.29542585934396,44.43233728455796,44.514957427978516,69844000.0,43.398951234143325,63.15238468421772,44.273939405168804,1,1,0.0022856346774009495,0.0,1.8830867629810375,-0.013683686873317225
2018-05-29,44.55508564127601,44.11130403301255,44.2836256330916,44.35443878173828,90056400.0,43.48995004819999,61.9007765913224,44.3171819959368,0,0,-0.0036059485511120704,-0.0036059485511120704,1.8762964489964478,-0.017240292753574527
2018-05-30,44.37804410807291,44.0900586400715,44.311949436914176,44.26001739501953,74762000.0,43.563289795516134,61.150366009334086,44.3316775730678,0,0,-0.002128792276763658,-0.0,1.8762964489964478,-0.017240292753574527
2018-05-31,44.432338059704065,43.93898723392432,44.19392538167832,44.111305236816406,109931200.0,43.61548174230664,59.94557293012089,44.290536880493164,0,0,-0.003359966103851031,-0.0,1.8762964489964478,-0.017240292753574527
2018-06-01,44.91153305135482,44.31904012321889,44.375694254144754,44.90681457519531,93770000.0,43.738465821629376,63.94546690437058,44.3183582850865,1,1,0.01803413737381221,0.0,1.8762964489964478,-0.017240292753574527
2018-06-04,45.657455294973495,45.16882655397974,45.23728046579235,45.28213119506836,105064800.0,43.88548157148071,65.64905857625723,44.38040733337402,1,1,0.008357676299764805,0.008357676299764805,1.8919779273595583,-0.0090267052399573
2018-06-05,45.78019978910631,45.40723496193152,45.57483447107491,45.63148498535156,86264000.0,44.05176761089698,67.16902324806622,44.49624170575823,1,1,0.007715047438430878,0.007715047438430878,1.9065746268216015,-0.0013812992606653252
2018-06-06,45.81324911722004,45.303372855200706,45.707025796438366,45.789642333984375,83734400.0,44.217279489286256,67.84700284302639,44.59403555733817,1,1,0.0034659697943992818,0.0034659697943992818,1.9131827568889332,0.0
2018-06-07,45.84157787725058,45.402518329510784,45.82741524698312,45.666900634765625,85388800.0,44.35533864599858,66.7214205460217,44.70312636239188,0,0,-0.0026805559721013728,-0.0026805559721013728,1.9080543634242333,-0.0026805559721013728
2018-06-08,45.322262525838255,44.795864339405846,45.12633772956749,45.25144577026367,106627200.0,44.44068218164288,62.997681287961655,44.794006620134624,0,0,-0.009097505167356856,-0.0,1.9080543634242333,-0.0026805559721013728
2018-06-11,45.315164642500335,44.89971201792346,45.168812709207394,45.14048385620117,73234000.0,44.50732996017224,62.02447796576064,44.85470472063337,0,0,-0.002452118648890056,-0.0,1.9080543634242333,-0.0026805559721013728
2018-06-12,45.46624568023694,45.12160613017656,45.17826024305868,45.38834762573242,67644400.0,44.59123640451131,63.355553465672045,44.94103186471121,1,1,0.005490941796743698,0.0,1.9080543634242333,-0.0026805559721013728
2018-06-13,45.52999069869376,44.95401970299873,45.421404526599694,45.0153923034668,86553600.0,44.63163220441183,60.02329323127279,44.98048618861607,0,0,-0.008216983912720854,-0.008216983912720854,1.8923759114153795,-0.01087551379952234
2018-06-14,45.22076363989936,44.90209002406459,45.21604156210974,45.03900146484375,86440400.0,44.670429276833914,60.16291140696378,45.02516882760184,1,1,0.0005244686354790584,0.0,1.8923759114153795,-0.01087551379952234
2018-06-15,44.887916688684165,44.43941305475914,44.85722859320443,44.576324462890625,246876800.0,44.66146691360122,56.119720997562155,45.02955218723842,0,0,-0.01027280772008854,-0.01027280772008854,1.872935897543282,-0.021036599457491256
2018-06-18,44.666035210598075,44.18920622118241,44.34972444416655,44.552730560302734,73939600.0,44.651111070429934,55.91800271370544,45.04371588570731,0,0,-0.0005292922391466615,-0.0,1.872935897543282,-0.021036599457491256
2018-06-19,43.983845384475835,43.30401020910233,43.702941166821084,43.83277130126953,134314000.0,44.573173949557514,50.13019983683111,45.01319830758231,0,0,-0.016159711200163795,-0.0,1.872935897543282,-0.021036599457491256
2018-06-20,44.18920060596678,43.8422017817594,43.98855735509514,44.023963928222656,82514800.0,44.52086823323991,51.53253555118273,45.00695964268276,0,0,0.004361864907856949,0.0,1.872935897543282,-0.021036599457491256
2018-06-21,44.46065945482421,43.65571649412463,44.20099927334401,43.778465270996094,102847600.0,44.45016318921669,49.645631648160446,44.92636326381138,0,0,-0.005576477793476919,-0.0,1.872935897543282,-0.021036599457491256
2018-06-22,43.94133801432939,43.59906131214541,43.9342567006344,43.65099334716797,108801600.0,44.37405177568824,48.67157220636237,44.809853417532786,0,0,-0.0029117494877687333,-0.0,1.872935897543282,-0.021036599457491256
2018-06-25,43.65100476323305,42.661940203754284,43.292202500663755,43.00185775756836,126652400.0,44.24336663110539,44.039801540905074,44.622022901262554,0,0,-0.014871038201510367,-0.0,1.872935897543282,-0.021036599457491256
2018-06-26,44.03104150441041,43.08918711840249,43.195414032544754,43.53532791137695,98276800.0,44.17593437208363,48.2962267986697,44.46100044250488,0,0,0.012405746672995877,0.0,1.872935897543282,-0.021036599457491256
2018-06-27,44.20808511168363,43.440911481026525,43.72417487042973,43.47159957885742,101141200.0,44.10885486796685,47.838671385006904,44.30419322422573,0,0,-0.0014638303092435745,-0.0,1.872935897543282,-0.021036599457491256
2018-06-28,43.95550997848145,43.38662035816796,43.45743710624626,43.78791046142578,69460800.0,44.078288734010556,50.298786676124585,44.19965498788016,0,0,0.007276265093364431,0.0,1.872935897543282,-0.021036599457491256
2018-06-29,44.186841936704425,43.176533549058156,43.97439168953857,43.69585037231445,90950800.0,44.04186603289664,49.58236664582058,44.096466881888254,0,0,-0.002102408818809187,-0.0,1.872935897543282,-0.021036599457491256
2018-07-02,44.21280380316202,43.29691543239838,43.39133895622868,44.18447494506836,70925200.0,44.055447834055855,53.29873824518948,44.010475976126536,1,1,0.011182402186718843,0.0,1.872935897543282,-0.021036599457491256
2018-07-03,44.36623867025453,43.325242244680126,44.32846925936588,43.41494369506836,55819200.0,43.99444743986657,47.49495113165768,43.89615821838379,0,0,-0.01741632668390214,-0.01741632668390214,1.8403162340936607,-0.03808654585292326
2018-07-05,44.00272138770652,43.49992642192377,43.7312577781433,43.764305114746094,66416800.0,43.97252912318843,50.09205495552911,43.805108479091096,0,0,0.00804703150444075,0.0,1.8403162340936607,-0.03808654585292326
2018-07-06,44.47954278828729,43.71709127444438,43.7690233133453,44.3709602355957,69940800.0,44.0104749434177,54.230242550201616,43.79043960571289,1,1,0.013861870290388767,0.0,1.8403162340936607,-0.03808654585292326
2018-07-09,45.010667544089124,44.684916250995535,44.732126217918854,44.987064361572266,79026400.0,44.10348345943242,57.95693457444287,43.821463448660715,1,1,0.013885300717073612,0.013885300717073612,1.8658695784185637,-0.02473008827829204
2018-07-10,45.152305392959924,44.892645147053265,45.017756794182795,44.932777404785156,63756400.0,44.1824638351803,57.522523788744174,43.90003531319754,0,0,-0.0012067237006351261,-0.0012067237006351261,1.8636179893759919,-0.025906969595283047
2018-07-11,44.79822778826358,44.285992184418,44.49607963117393,44.349727630615234,75326000.0,44.19839372045982,53.028922601340064,43.92330414908273,0,0,-0.012976045725315632,-0.0,1.8636179893759919,-0.025906969595283047
2018-07-12,45.182989881568,44.68727621608019,44.73920826110805,45.09328842163086,72164400.0,44.28362178723802,57.48716710596889,44.01722008841379,1,1,0.01676584797112346,0.0,1.8636179893759919,-0.025906969595283047
2018-07-13,45.28448276793751,45.062591998690905,45.10508348308806,45.16409683227539,50055600.0,44.367476553432056,57.88783604842468,44.125298908778596,1,1,0.001570264957890366,0.001570264957890366,1.866544363399603,-0.024377385443913324
2018-07-16,45.475698835222566,44.949300613980526,45.20896086762819,45.06496810913086,60172400.0,44.43390432064147,57.09487145869261,44.27266393389021,0,0,-0.002194856757850472,-0.002194856757850472,1.8624475658897677,-0.026518737332583475
2018-07-17,45.29157059753824,44.66130836977185,44.79113847703972,45.19242858886719,62138000.0,44.50614472713915,57.87586935004655,44.39102826799665,1,1,0.0028283716839134776,0.0,1.8624475658897677,-0.026518737332583475
2018-07-18,45.27503788963505,44.83361563061922,45.27031581362247,44.94456100463867,65573600.0,44.54789865832958,55.79679284481635,44.4962397984096,0,0,-0.0054847148508760935,-0.0054847148508760935,1.852232572066154,-0.03185800447098508
2018-07-19,45.452089236262694,44.77697627392988,44.77697627392988,45.2939338684082,81147200.0,44.61894963071802,58.033560617481164,44.603812898908345,1,1,0.007773418094649376,0.0,1.852232572066154,-0.03185800447098508
2018-07-20,45.42376170622383,44.89028222878679,45.270328411060994,45.19007110595703,82704800.0,44.673342152169354,57.12893201357263,44.71054295131138,0,0,-0.0022930832802671164,-0.0022930832802671164,1.8479852485239832,-0.03407803469385706
2018-07-23,45.312814226157805,44.746283880302556,45.01066254723482,45.230194091796875,63957600.0,44.72637567022912,57.39896759460064,44.78523717607771,1,1,0.0008878717129203739,0.0,1.8479852485239832,-0.03407803469385706
2018-07-24,45.71409610562434,45.334050039116256,45.42846994554905,45.55830001831055,74791600.0,44.805606560522584,59.589971117499935,44.938334056309294,1,1,0.00725413483408377,0.00725413483408377,1.861390782688174,-0.027071106518323118
2018-07-25,45.99501542778287,45.42376291837853,45.57247774207294,45.98793411254883,66839600.0,44.91820918452508,62.264999358420226,45.09716469900949,1,1,0.009430424183202835,0.009430424183202835,1.8789444873396273,-0.017895974352696742
2018-07-26,46.257022712765185,45.70229581961813,45.93834920361453,45.843929290771484,76304000.0,45.0063730041676,60.84394316081682,45.20237677437918,0,0,-0.003131360965789698,-0.003131360965789698,1.8730608339150863,-0.0209712965629536
2018-07-27,46.07526843405152,44.87375736963597,46.02805846960155,45.08148193359375,96096000.0,45.01352623554152,53.97809713488727,45.20912088666643,0,0,-0.016631370150272384,-0.0,1.8730608339150863,-0.0209712965629536
2018-07-30,45.36946777385099,44.6306229994785,45.29865102564653,44.82890701293945,84118000.0,44.995943452436556,51.9345265578889,45.20170157296317,0,0,-0.005602631276104608,-0.0,1.8730608339150863,-0.0209712965629536
2018-07-31,45.35530609259082,44.69435576534987,44.92096864396287,44.91860580444336,157492000.0,44.98857796215149,52.605298098380516,45.242335728236604,0,0,0.002000914086038641,0.0,1.8730608339150863,-0.0209712965629536
2018-08-01,47.62614616425708,46.575708957389,47.00532799586654,47.56477355957031,271742800.0,45.23392992381042,66.93453848094329,45.418870380946565,1,1,0.058910282448374485,0.0,1.8730608339150863,-0.0209712965629536
2018-08-02,49.18880661029049,47.29329817483464,47.347589446060375,48.95511245727539,249616000.0,45.5883282603309,71.67147000013397,45.68965721130371,1,1,0.029230432390555006,0.029230432390555006,1.9278112119842379,0.0
2018-08-03,49.273799888813365,48.504263314128146,48.87014689269242,49.09675979614258,133789600.0,45.922464597074864,72.10010655273041,45.977642331804546,1,1,0.0028934125928279375,0.0028934125928279375,1.933389165221588,0.0
2018-08-06,49.39417245211731,48.87957778462918,49.099105711065235,49.3516845703125,101701600.0,46.249056975478446,72.87755920988425,46.274732044764924,1,1,0.005192293243554413,0.005192293243554413,1.9434278887213294,0.0
2018-08-07,49.453205778668654,48.80641792431007,49.410717879699384,48.8890380859375,102349600.0,46.50048374790312,69.19411429097067,46.556480407714844,0,0,-0.009374482115516392,-0.009374482115516392,1.9252092587357155,-0.009374482115516392
2018-08-08,49.05425888374201,48.27764474448132,48.638806176044675,48.92206954956055,90102000.0,46.73111096710859,69.31068849331301,46.81563295636858,1,1,0.000675641512213554,0.0,1.9252092587357155,-0.009374482115516392
2018-08-09,49.519289455339305,48.91027115897772,49.460276096411505,49.30684280395508,93970400.0,46.976418761093974,70.67154217736007,47.109688077654155,1,1,0.007865024066586956,0.007865024066586956,1.940351075888888,-0.0015831885763797349
2018-08-10,49.53188234321348,48.95625889225755,49.11970757110333,49.159976959228516,98444800.0,47.184376684725834,69.43447923815926,47.39038685389927,0,0,-0.002978609790744491,-0.002978609790744491,1.9345715271767638,-0.004557082666129975
2018-08-13,49.97010762312092,49.2002434272234,49.58162245038734,49.477394104003906,103563600.0,47.402759296085655,70.60507138305012,47.67032214573452,1,1,0.006456820454546763,0.0,1.9345715271767638,-0.004557082666129975
2018-08-14,49.8777253230472,49.33289761698768,49.7829742500463,49.68585205078125,82992000.0,47.62019670129476,71.36323379570733,47.93445914132254,1,1,0.004213195754391386,0.004213195754391386,1.9427222557216315,-0.0003630867930799475
2018-08-15,49.92036248504382,49.34947773005274,49.56030192567116,49.80192184448242,115230400.0,47.82798004826501,71.78969039918087,48.21717289515904,1,1,0.0023360733269208733,0.0023360733269208733,1.9472605973648383,0.0
2018-08-16,50.64758654419464,50.093285209412876,50.15961167949677,50.531517028808594,114001600.0,48.08545976069773,74.3200602862308,48.60646111624582,1,1,0.014649940349781954,0.014649940349781954,1.975787848961714,0.0
2018-08-17,51.628275259237334,50.49361549631433,50.55994196684519,51.54063034057617,141708000.0,48.414523625448055,77.28625269524154,49.08586992536272,1,1,0.019969978561939383,0.019969978561939383,2.01524428994842,0.0
2018-08-20,51.919639595681524,50.95553462143338,51.66381098233199,51.03844451904297,121150800.0,48.664420853409474,72.87669629033597,49.52300126211984,0,0,-0.00974349398163743,-0.00974349398163743,1.9956087693377784,-0.00974349398163743
2018-08-21,51.44825807142593,50.699712180328966,51.3558744947383,50.938961029052734,104639200.0,48.88104372728026,72.01984043914236,49.76401465279715,0,0,-0.0019491873415757865,-0.0,1.9956087693377784,-0.00974349398163743
2018-08-22,51.25164391525928,50.65470196077252,50.71629341891963,50.94132995605469,76072400.0,49.07726146335401,72.02808406675027,49.90588733128139,1,1,4.650520847104822e-05,0.0,1.9956087693377784,-0.00974349398163743
2018-08-23,51.41508938235087,50.83473089209865,50.8465720660557,51.045555114746094,75532800.0,49.26471800158183,72.40461607480245,50.045086996895925,1,1,0.0020459842485722746,0.0020459842485722746,1.9996917534461562,-0.007717444768277626
2018-08-24,51.379547797668636,50.955531900064415,51.30848630582317,51.20425796508789,73905600.0,49.44943609334431,72.98743555416125,50.17741366795131,1,1,0.0031090434805742806,0.0031090434805742806,2.0059088820553663,-0.004632395159046787
2018-08-27,51.81541364909847,51.244528884025435,51.43876965842527,51.62590789794922,82100400.0,49.6567191223543,74.49398677546522,50.372904368809294,1,1,0.008234665428582533,0.008234665428582533,2.0224268705793143,0.0
2018-08-28,52.24180322712333,51.85805665635416,51.87937510705867,52.042823791503906,91107200.0,49.883967186082835,75.8933417854954,50.59581538609096,1,1,0.008075710636969768,0.008075710636969768,2.0387594047705453,0.0
2018-08-29,52.940609306467366,51.97413305429266,52.14942292375327,52.81979751586914,109019200.0,50.16357007463391,78.23575353188325,50.84674072265625,1,1,0.014929507427920763,0.014929507427920763,2.0691970784478104,0.0
2018-08-30,54.07053033633172,52.682405617160015,52.88375619068258,53.30540466308594,195175200.0,50.462792416391245,79.54346924636083,51.142842701503206,1,1,0.009193657871764849,0.009193657871764849,2.088220568456315,0.0
2018-08-31,54.215014178392295,53.53516610179944,53.65597424619973,53.92128372192383,173360400.0,50.792172540727684,81.06254063235784,51.46026338849749,1,1,0.01155378263668605,0.01155378263668605,2.1123474150017163,0.0
2018-09-04,54.288463841980324,53.68441931575539,54.106067812381944,54.09422302246094,109560400.0,51.106653538988,81.46927719598264,51.775147029331755,1,1,0.0032072548834143344,0.0032072548834143344,2.1191222515639483,0.0
2018-09-05,54.40453276749177,53.321987005951094,54.24345520356903,53.74126434326172,133332000.0,51.35756885368074,77.8759131713359,52.05652863638742,0,0,-0.006524886752743653,-0.006524886752743653,2.1052952188572744,-0.006524886752743653
2018-09-06,53.8549702632671,52.42183753532365,53.58966072346746,52.84822463989258,137160000.0,51.4995360714152,69.68942683116882,52.222007751464844,0,0,-0.016617392878310877,-0.0,2.1052952188572744,-0.006524886752743653
2018-09-07,53.38594583099005,52.28208154620209,52.5521261261449,52.42184066772461,150479200.0,51.58737460439705,66.19232312644365,52.28495134626116,0,0,-0.008068085069524056,-0.0,2.1052952188572744,-0.006524886752743653
2018-09-10,52.55211926147395,51.27769667661744,52.33892391703804,51.71829605102539,158066000.0,51.59984331359975,60.885634309810655,52.33351216997419,0,0,-0.013420830091767089,-0.0,2.1052952188572744,-0.006524886752743653
2018-09-11,53.13247476524067,51.29901225541865,51.64248940750935,53.02587890625,142996000.0,51.73565622718549,66.18875096148773,52.482577732631135,1,1,0.02528279071558237,0.0,2.1052952188572744,-0.006524886752743653
2018-09-12,53.29830496787558,52.0759963064602,53.284092664874436,52.36736297607422,197114800.0,51.795818774698695,61.75052885233569,52.584437234061106,0,0,-0.012418765021133149,-0.012418765021133149,2.079150052234171,-0.018862620738504865
2018-09-13,54.09185167656089,52.72267791565151,52.94771445011172,53.632301330566406,166825600.0,51.970721875257524,66.3173182040446,52.769204820905415,1,1,0.02415508978502734,0.0,2.079150052234171,-0.018862620738504865
2018-09-14,53.734153888023066,52.710828538938394,53.47595413532005,53.02350997924805,127997200.0,52.07098740897091,62.534785290729985,52.89915139334543,0,0,-0.011351206944599124,-0.011351206944599124,2.0555491897223868,-0.029999714171583758
2018-09-17,52.81268835042182,51.46720421889096,52.6231825758975,51.61170196533203,148780400.0,52.027245938148155,54.892050680700414,52.89813668387277,0,0,-0.02662607613997181,-0.0,2.0555491897223868,-0.029999714171583758
2018-09-18,52.55211733723163,51.43166619672579,51.59037623243215,51.69697570800781,126286800.0,51.99579163051575,55.23985476665737,52.87343324933733,0,0,0.0016522172187436457,0.0,2.0555491897223868,-0.029999714171583758
2018-09-19,52.023873403694104,51.000547999297495,51.75856748672499,51.7277717590332,108495200.0,51.970265928469786,55.3706699229098,52.795431409563335,0,0,0.0005957031451768735,0.0,2.0555491897223868,-0.029999714171583758
2018-09-20,52.6539775175976,51.912537857553254,52.17074123356856,52.120994567871094,106435200.0,51.984621036984194,57.057509831832526,52.71083068847656,1,1,0.007601773582470717,0.0,2.0555491897223868,-0.029999714171583758
2018-09-21,52.43604179491919,51.47193322259395,52.29865021482136,51.5595817565918,384986800.0,51.944141105518256,53.990662423305736,52.54213769095285,0,0,-0.010771337268866477,-0.010771337268866477,2.033408176127142,-0.040447914401138485
2018-09-24,52.412359900906736,51.31560184008936,51.360609869503946,52.301025390625,110773600.0,51.97813008505223,57.189566356441176,52.41405214582171,1,1,0.014380326774827035,0.0,2.033408176127142,-0.040447914401138485
2018-09-25,52.78189247156223,52.04282036510038,52.05466515288594,52.63265609741211,98217600.0,52.04046589575317,58.54653268168975,52.33486584254673,1,1,0.00634080697864392,0.00634080697864392,2.0463016248807606,-0.03436357984040084
2018-09-26,53.002201861901796,52.05704397775083,52.35077815186725,52.21338653564453,95938800.0,52.056934528123776,56.176841493400595,52.289520263671875,0,0,-0.007965958643462723,-0.007965958643462723,2.0300008707649098,-0.042055799628013646
2018-09-27,53.63939620206603,52.95243833953208,53.018768421536556,53.286441802978516,120724800.0,52.17403045906232,60.48559072079085,52.35127748761858,1,1,0.020551343985348414,0.0,2.0300008707649098,-0.042055799628013646
2018-09-28,53.497269181508,53.06614711716459,53.24854310635677,53.47358322143555,91717600.0,52.29779738881215,61.186171544895146,52.47665514264788,1,1,0.003511989394018311,0.003511989394018311,2.037130212292884,-0.03869150975624591
2018-10-01,54.345317062682476,53.61809322209629,53.99710120068595,53.83365249633789,94403200.0,52.4440693038146,62.53159950172882,52.534353256225586,1,1,0.006733591676684192,0.006733591676684192,2.0508474153347014,-0.03221845090761466
2018-10-02,54.482696234962994,53.684407451123704,53.831272693023216,54.31214141845703,99152800.0,52.62198093378055,64.26435699133762,52.673266002110076,1,1,0.00888828641437045,0.00888828641437045,2.0690759345543674,-0.023616531312738442
2018-10-03,55.30467388755188,54.430581367745326,54.49454032674915,54.97304153442383,114619200.0,52.84589146717514,66.51576082670044,52.76903315952846,1,1,0.012168551979469644,0.012168551979469644,2.094253592613462,-0.011735358322122691
2018-10-04,55.03936374636723,53.70808857005446,54.66745842279414,54.006561279296875,128168000.0,52.95643144928197,60.635305892337946,52.83925110953195,0,0,-0.017580985664068627,-0.017580985664068627,2.0574345502248006,-0.02911002481976732
2018-10-05,54.106049688672336,52.25126898143084,53.99945384413411,53.130096435546875,134322000.0,52.9729709717834,55.916378367529965,52.94770785740444,0,0,-0.016228858549562686,-0.0,2.0574345502248006,-0.02911002481976732
2018-10-08,53.250911098505604,52.161255792698086,52.637389466556535,53.00692367553711,118655600.0,52.976204562617085,55.27996099018265,53.04127556937082,0,0,-0.002318323667249267,-0.0,2.0574345502248006,-0.02911002481976732
2018-10-09,53.8360190407358,52.64687379272152,52.976138685584424,53.74126434326172,107564000.0,53.04906739886896,58.26123498059219,53.18509646824428,1,1,0.013853674516552061,0.0,2.0574345502248006,-0.02911002481976732
2018-10-10,53.61808191451641,51.17820388289686,53.40725770912091,51.25163650512695,167962400.0,52.877883504226865,47.06418730571006,53.122999463762554,0,0,-0.04632618656369447,-0.04632618656369447,1.9621214534084956,-0.07408765494278746
2018-10-11,51.99544563029046,50.294639622092426,50.81577776199736,50.7991943359375,212497600.0,52.679913107246925,45.39525270623849,53.068686076572966,0,0,-0.00882785799716257,-0.0,1.9621214534084956,-0.07408765494278746
2018-10-12,52.796111946818264,51.365346690576,52.21338228507249,52.613712310791016,161351600.0,52.673608269489215,52.50524314580212,53.09102085658482,0,0,0.03571942426594443,0.0,1.9621214534084956,-0.07408765494278746
2018-10-15,52.54738521166853,51.46720693867647,52.38867515629245,51.488525390625,123164000.0,52.56074323340691,48.39228282355293,53.00929723467146,0,0,-0.021385811240984043,-0.0,1.9621214534084956,-0.07408765494278746
2018-10-16,52.82215577413078,51.34638285746318,51.860414780356344,52.623172760009766,116736000.0,52.56668890260718,52.354062778821586,53.03856767926897,1,1,0.02203689775103479,0.0,1.9621214534084956,-0.07408765494278746
2018-10-17,52.73924048111849,51.95753164617331,52.658701724938695,52.3957633972168,91541600.0,52.5504102830462,51.519666100347045,52.97494779314314,0,0,-0.0043214681074073,-0.0043214681074073,1.953642208124731,-0.07808895561220697
2018-10-18,52.05229160113189,50.455710539180835,51.6069536566275,51.17109298706055,130325200.0,52.419046731047565,47.25074511122585,52.81048420497349,0,0,-0.023373462485352436,-0.0,1.953642208124731,-0.07808895561220697
2018-10-19,52.412364981377124,51.505108998224785,51.6543454019028,51.95044708251953,132314800.0,52.37441819309252,50.02465815325308,52.67596953255789,0,0,0.015230358586556969,0.0,1.953642208124731,-0.07808895561220697
2018-10-22,52.909802639899496,51.862787820108274,52.06413473861343,52.267852783203125,115168400.0,52.36426910643638,51.12646771449785,52.52994891575405,0,0,0.006109778038664748,0.0,1.953642208124731,-0.07808895561220697
2018-10-23,52.88374981323003,50.858413991095595,51.12609101465835,52.76057052612305,155071200.0,52.402012098787495,52.825939265458715,52.37191527230399,1,1,0.009426783705150932,0.0,1.953642208124731,-0.07808895561220697
2018-10-24,53.115892975705584,50.82051259654587,52.72977891393509,50.95079803466797,163702000.0,52.26380123553801,46.56547699814018,52.15364646911621,0,0,-0.034301609580946746,-0.034301609580946746,1.8866291358407778,-0.10971198832515994
2018-10-25,52.440785967945864,51.34402433755995,51.57143198729936,52.06651306152344,119423200.0,52.24501188563186,50.38147973519849,52.077676228114534,0,0,0.02189789110067153,0.0,1.8866291358407778,-0.10971198832515994
2018-10-26,52.15889100212485,50.37754271730806,51.142668259894265,51.237422943115234,189033600.0,52.14905103396361,47.71599862333589,51.95128331865583,0,0,-0.015923672811131495,-0.0,1.8866291358407778,-0.10971198832515994
2018-10-29,52.04044127919379,48.8188549022013,51.92200065672379,50.27567672729492,183742000.0,51.9706344333285,44.8205427938265,51.70374134608677,0,0,-0.018770386186051202,-0.0,1.8866291358407778,-0.10971198832515994
2018-10-30,50.972125080873404,49.5721591064603,50.017493568437224,50.526790618896484,146640000.0,51.83312549862069,45.72572007265984,51.65196663992746,0,0,0.004994739165096629,0.0,1.8866291358407778,-0.10971198832515994
2018-10-31,52.22047811049344,51.313222362929515,51.37481380979864,51.84383773803711,153435600.0,51.834145711898444,50.2329059752102,51.726584025791716,1,1,0.026066312603834074,0.0,1.8866291358407778,-0.10971198832515994
2018-11-01,52.67292611590215,51.35823417541894,51.888849589687624,52.63976287841797,233292800.0,51.91087115632888,52.730051405140195,51.72844478062221,1,1,0.015352357678507733,0.015352357678507733,1.9155933411408994,-0.0960439683330403
2018-11-02,50.60968169125089,48.66251737032402,49.63847065677181,49.14812469482422,365314800.0,51.647752445709386,42.81062559090423,51.56127330235073,0,0,-0.06633081139932917,-0.06633081139932917,1.7885304805118716,-0.15600410538282738
2018-11-05,48.41617138342954,46.94276932850515,48.3948529327607,47.75290298461914,264654800.0,51.27681440179603,39.67157598710085,51.213396889822825,0,0,-0.028388096572726562,-0.0,1.7885304805118716,-0.15600410538282738
2018-11-06,48.49434270740384,47.77659261786653,47.83107430781383,48.26930618286133,127531600.0,50.990385047611774,41.34712824655961,50.91864994594029,0,0,0.010814069218127331,0.0,1.7885304805118716,-0.15600410538282738
2018-11-07,49.759283862951555,48.35457952948075,48.7904402414107,49.73322677612305,133697600.0,50.87065568842237,45.83613860136409,50.815945216587615,0,0,0.030328188014881796,0.0,1.7885304805118716,-0.15600410538282738
2018-11-08,49.947168944767455,49.146094704463344,49.9138899930759,49.55970764160156,101450400.0,50.74580349348705,45.40257970384817,50.6451781136649,0,0,-0.003488998115939501,-0.0,1.7885304805118716,-0.15600410538282738
2018-11-09,48.9701906382226,48.076410468774,48.86084706340695,48.604122161865234,137463200.0,50.541833842856406,43.04245125744715,50.38348306928362,0,0,-0.019281499532781465,-0.0,1.7885304805118716,-0.15600410538282738
2018-11-12,47.50592148110887,46.06540867507981,47.30386833135234,46.155738830566406,204542000.0,50.124110508352594,37.7499843329945,49.911709376743865,0,0,-0.05037398521765357,-0.0,1.7885304805118716,-0.15600410538282738
2018-11-13,46.87123715114756,45.50917204009873,45.55196134379957,45.694583892822266,187531600.0,49.70225083068304,36.851601658216644,49.53626550946917,0,0,-0.009991280595399,-0.0,1.7885304805118716,-0.15600410538282738
2018-11-14,46.22942223730996,44.19701936866865,46.09155124730951,44.40382766723633,243204000.0,49.197639100830976,34.437009516481695,48.98893083844866,0,0,-0.02824746645277343,-0.0,1.7885304805118716,-0.15600410538282738
2018-11-15,45.632772481899075,44.427592041015245,44.7817780140005,45.499656677246094,185915200.0,48.845450298584794,38.06367743285629,48.57909039088658,0,0,0.02467870603908162,0.0,1.7885304805118716,-0.15600410538282738
2018-11-16,46.345885594820516,45.036117048669475,45.283331540933496,46.00358581542969,147713200.0,48.57479653828431,39.67886010852393,48.27394104003906,0,0,0.011075449244776436,0.0,1.7885304805118716,-0.15600410538282738
2018-11-19,45.330879086693024,43.97356950945979,45.1644843434858,44.18037414550781,167701200.0,48.156280119924645,36.09412727862031,47.820625577654155,0,0,-0.03963194689293903,-0.0,1.7885304805118716,-0.15600410538282738
2018-11-20,43.13683603169067,41.720095905860255,42.39994037904801,42.06952667236328,271300800.0,47.57658931539499,32.51425472704743,47.1224605015346,0,0,-0.04777794470894403,-0.0,1.7885304805118716,-0.15600410538282738
2018-11-21,42.851593398381944,41.967319942049606,42.72322913338936,42.02199172973633,124496800.0,47.047580021522734,32.437991094753144,46.364048276628765,0,0,-0.0011299138922373775,-0.0,1.7885304805118716,-0.15600410538282738
2018-11-23,41.97919739438339,40.90951233353466,41.58460159031392,40.954673767089844,94496000.0,46.46730323538627,30.734175874111486,45.7788017817906,0,0,-0.02539903318983361,-0.0,1.7885304805118716,-0.15600410538282738
2018-11-26,41.58698895011725,40.47213851794213,41.4182184024633,41.508544921875,179994000.0,45.99504053886138,32.66611544311904,45.3327762058803,0,0,0.013524003583450073,0.0,1.7885304805118716,-0.15600410538282738
2018-11-27,41.54419774818144,40.61951445051487,40.76926791438119,41.418212890625,165549600.0,45.55915219141029,32.51044474777113,44.84341239929199,0,0,-0.00217622736282419,-0.0,1.7885304805118716,-0.15600410538282738
2018-11-28,43.09404455097691,41.5822228299945,42.01009758633539,43.01084899902344,184250000.0,45.31645664927821,37.994371706873096,44.36324255807059,0,0,0.03845255498116695,0.0,1.7885304805118716,-0.15600410538282738
2018-11-29,43.45299327942676,42.240681861257066,43.419714327370095,42.680442810058594,167080000.0,45.06540771220968,37.33193617272385,43.87186649867466,0,0,-0.007681926691852636,-0.0,1.7885304805118716,-0.15600410538282738
2018-11-30,42.86585982792588,42.08142314621995,42.85634948210918,42.44987106323242,158126000.0,44.81630898373565,36.8598597155492,43.432277134486604,0,0,-0.005402281036593015,-0.0,1.7885304805118716,-0.15600410538282738
2018-12-03,43.961675016479376,43.07502606102216,43.847576303897945,43.93315124511719,163210000.0,44.73219872291485,41.84008606733603,43.27352087838309,0,0,0.03494192431527776,0.0,1.7885304805118716,-0.15600410538282738
2018-12-04,43.355532872545034,41.90076204974247,43.01323300197177,42.0005989074707,165377200.0,44.47204635953922,37.75583794765961,43.009664808000835,0,0,-0.04398847528291683,-0.0,1.7885304805118716,-0.15600410538282738
2018-12-06,41.54657619066629,40.51016985805119,40.828697494715655,41.53231430053711,172393600.0,44.1920718777295,36.838608934580826,42.804556710379465,0,0,-0.01114947451023851,-0.0,1.7885304805118716,-0.15600410538282738
2018-12-07,41.47764246156186,40.00623034615046,41.23993462067818,40.051395416259766,169126400.0,43.7977217385419,34.08234429744168,42.41539519173758,0,0,-0.0356570277678504,-0.0,1.7885304805118716,-0.15600410538282738
2018-12-10,40.431713437733315,38.824810229868675,39.221781767655074,40.31523895263672,248104000.0,43.46605671131284,34.99448011434899,42.009084701538086,0,0,0.006587624067396103,0.0,1.7885304805118716,-0.15600410538282738
2018-12-11,40.83582109215089,39.697202333726885,40.80492154480871,40.08466720581055,189126800.0,43.14401961555072,34.5546346813918,41.71653420584543,0,0,-0.00571922064252306,-0.0,1.7885304805118716,-0.15600410538282738
2018-12-12,40.86672619637411,40.17737499929975,40.505409310138816,40.19639205932617,142510800.0,42.86329318162457,34.971527288681585,41.58273887634277,0,0,0.0027872216810977957,0.0,1.7885304805118716,-0.15600410538282738
2018-12-13,41.02123948791272,40.30336086904943,40.52680679610269,40.63615036010742,127594400.0,42.65118434148008,36.643679814495165,41.48375020708357,0,0,0.010940243097743885,0.0,1.7885304805118716,-0.15600410538282738
2018-12-14,40.19164138491191,39.28835088181369,40.172624322757514,39.33589172363281,162814800.0,42.335442187399394,33.92832347231878,41.36812291826521,0,0,-0.0319975840465212,-0.0,1.7885304805118716,-0.15600410538282738
2018-12-17,40.018102570718185,38.68218250228622,39.32874789519536,38.969810485839844,177151600.0,42.014905834869914,33.19923546801914,41.186784744262695,0,0,-0.009306544780146142,-0.0,1.7885304805118716,-0.15600410538282738
2018-12-18,39.82319814808901,39.07679560054539,39.31212769156932,39.47614669799805,135366000.0,41.77311925040593,35.225786810408195,41.04806573050363,0,0,0.01299303758077519,0.0,1.7885304805118716,-0.15600410538282738
2018-12-19,39.804166830759186,37.816929655099294,39.459491276959305,38.24480438232422,196189200.0,41.43708926296958,32.68731883942067,40.70763397216797,0,0,-0.03119205947565984,-0.0,1.7885304805118716,-0.15600410538282738
2018-12-20,38.53481344553812,36.91602383048075,38.12833149216453,37.27971649169922,259092000.0,41.041148999039066,30.85300791361165,40.32186780657087,0,0,-0.02523448364324854,-0.0,1.7885304805118716,-0.15600410538282738
2018-12-21,37.59585953806202,35.56821267070731,37.2868387300115,35.829689025878906,382978400.0,40.54481947778572,28.337950796348963,39.84899766104562,0,0,-0.03889588232633634,-0.0,1.7885304805118716,-0.15600410538282738
2018-12-24,36.0246225500154,34.84559011112074,35.216413747515475,34.90264129638672,148676800.0,40.00746917479534,26.864192080274293,39.2039612361363,0,0,-0.025873730827599473,-0.0,1.7885304805118716,-0.15600410538282738
2018-12-26,37.374788923388145,34.87648174948443,35.25206043382508,37.36052703857422,234330000.0,39.755379447536185,36.133867972685614,38.87252753121512,0,0,0.07042119595808227,0.0,1.7885304805118716,-0.15600410538282738
2018-12-27,37.265453816149545,35.672812239071256,37.044383670140306,37.118072509765625,212468400.0,39.504207358224704,35.664497675628596,38.557224546160015,0,0,-0.006489590699784942,-0.0,1.7885304805118716,-0.15600410538282738
2018-12-28,37.68144554233319,36.73774518421436,37.43898254454257,37.13709259033203,169165600.0,39.27876785652064,35.733433455630674,38.34906005859375,0,0,0.000512421019744469,0.0,1.7885304805118716,-0.15600410538282738
2018-12-31,37.88111436747767,37.196514756992805,37.6838164623134,37.496028900146484,140014000.0,39.108983194008815,37.07284346982539,38.147687911987305,0,0,0.009665169909070848,0.0,1.7885304805118716,-0.15600410538282738
2019-01-02,37.75989235442373,36.661679652061515,36.81856769913238,37.538822174072266,148158800.0,38.95944404925295,37.23700320027203,37.965841838291716,0,0,0.0011412748277888074,0.0,1.7885304805118716,-0.15600410538282738
2019-01-03,34.63878328935381,33.754509922344255,34.225170383128884,33.79967498779297,365248800.0,38.46803747197105,30.031303653231106,37.50893347603934,0,0,-0.0996074722041197,-0.0,1.7885304805118716,-0.15600410538282738
2019-01-04,35.31150246393668,34.18239015657941,34.355915874533636,35.2425651550293,234428400.0,38.16084963226231,35.130253453031756,37.12367738996233,0,0,0.04268946869333634,0.0,1.7885304805118716,-0.15600410538282738
2019-01-07,35.37805128112703,34.681565561258495,35.3471481073425,35.16411209106445,219111200.0,37.875446056910135,34.98433721143613,36.825693130493164,0,0,-0.002226088357068612,-0.0,1.7885304805118716,-0.15600410538282738
2019-01-08,36.08880653095804,35.30436992220377,35.55158448343476,35.83445739746094,164101200.0,37.68106618458164,37.32574256499778,36.601739338466096,0,0,0.019063336638800665,0.0,1.7885304805118716,-0.15600410538282738
2019-01-09,36.73298552202173,35.56821876942101,35.96281095519444,36.4429817199707,180396400.0,37.56315337842821,39.41076088263832,36.385084697178435,0,0,0.01698154141864805,0.0,1.7885304805118716,-0.15600410538282738
2019-01-10,36.59986193844519,35.86059070336747,36.25043126168654,36.559452056884766,143122800.0,37.467562776376454,39.8141543211423,36.264702388218474,0,0,0.0031959606875482383,0.0,1.7885304805118716,-0.15600410538282738
2019-01-11,36.535688433017384,36.01510776642368,36.34076992153444,36.20051956176758,108092800.0,37.34689199403275,38.97243989993934,36.18761689322336,0,0,-0.009817775566184794,-0.0,1.7885304805118716,-0.15600410538282738
2019-01-14,35.958048271049435,35.47074671351041,35.85821146265293,35.656158447265625,129756800.0,37.18586975148351,37.700050858629155,36.17522185189383,0,0,-0.01503738402353949,-0.0,1.7885304805118716,-0.15600410538282738
2019-01-15,36.46200517390876,35.66806186445189,35.72035787905168,36.38594055175781,114843600.0,37.1096860181763,40.44396555705196,36.281171798706055,0,0,0.020467210610237485,0.0,1.7885304805118716,-0.15600410538282738
2019-01-16,37.05389406927528,36.36929442529299,36.38831148508509,36.830448150634766,122278800.0,37.08309193555329,42.079565548433514,36.243309020996094,0,0,0.012216465814444355,0.0,1.7885304805118716,-0.15600410538282738
2019-01-17,37.47701573113926,36.43109914799148,36.65454507889094,37.04914093017578,119284800.0,37.07985850646972,42.89180007739064,36.238385336739675,0,0,0.005937825644873218,0.0,1.7885304805118716,-0.15600410538282738
2019-01-18,37.52930578922707,37.07765882707049,37.43897567136917,37.27733612060547,135004000.0,37.098665898292175,43.75807992808008,36.24840273175921,1,1,0.006159257264824358,0.0,1.7885304805118716,-0.15600410538282738
2019-01-22,37.2559450474709,36.278965777015756,37.17988043233495,36.440608978271484,121576000.0,37.03599381067116,41.33782491471294,36.17301559448242,0,0,-0.02244600149610676,-0.02244600149610676,1.7483851226704696,-0.1749484384961124
2019-01-23,36.87799365821248,36.0602781192315,36.64266159399864,36.587989807128906,92522400.0,36.99332676271476,41.933299936654976,36.10509899684361,0,0,0.004044411797434533,0.0,1.7483851226704696,-0.1749484384961124
2019-01-24,36.72110472601421,36.06978759028488,36.63315398920607,36.2979850769043,101766000.0,36.92710374501852,41.0697880296874,36.28354971749442,0,0,-0.007926227479381875,-0.0,1.7483851226704696,-0.1749484384961124
2019-01-25,37.5887401908888,36.68307394200685,36.95881226724857,37.50078582763672,134142000.0,36.9817401338393,45.93077480656847,36.44485119410923,1,1,0.03313684625149449,0.0,1.7483851226704696,-0.1749484384961124
2019-01-28,37.16085561324242,36.52617631124238,37.03249138799635,37.153724670410156,104768400.0,36.99811961351272,44.80815622836751,36.586966378348215,0,0,-0.009254770255262001,-0.009254770255262001,1.7322042200424363,-0.18258410114657608
2019-01-29,37.58874117410674,36.633154660160066,37.14184928285267,36.768646240234375,166348800.0,36.97626500653383,43.56455452620383,36.65369415283203,0,0,-0.010364463686798664,-0.0,1.7322042200424363,-0.18258410114657608
2019-01-30,39.495158917172674,38.08792884157281,38.80580758399213,39.28122329711914,244439200.0,37.195784843732426,52.59999297543266,36.85642569405692,1,1,0.06833477198122573,0.0,1.7322042200424363,-0.18258410114657608
2019-01-31,40.172614429915,39.11719131662213,39.485639097471,39.564083099365234,162958400.0,37.4213370585546,53.48254727997096,37.07104219709124,1,1,0.0072008908711058695,0.0072008908711058695,1.744677633597431,-0.1766979784626257
2019-02-01,40.16786619757071,39.4428566249422,39.68769901522233,39.583106994628906,130672400.0,37.627219909609295,53.543783936692826,37.31265558515276,1,1,0.0004808375115352703,0.0004808375115352703,1.7455165400492012,-0.1763021039673477
2019-02-04,40.80493103070049,39.76376947096352,39.794672652622886,40.70746994018555,125982000.0,37.92057705537846,57.06049025496374,37.67346354893276,1,1,0.02840512104593529,0.02840512104593529,1.7950981486569808,-0.15290486552525806
2019-02-05,41.61788130053395,40.96894003396188,41.09016970398383,41.4039421081543,144406400.0,38.25232610802377,59.08024629720554,38.0318922315325,1,1,0.017109198115041968,0.017109198115041968,1.825810838518298,-0.13841174704724157
2019-02-06,41.734364734328345,41.087799157709014,41.51567034262258,41.418212890625,112958400.0,38.55383913493817,59.12171828781714,38.35958971296038,1,1,0.0003446720709208151,0.0003446720709208151,1.8264401445211198,-0.13811478163981528
2019-02-07,41.346905000195044,40.49115526883394,40.98083287122734,40.63378143310547,126966800.0,38.75192887762077,55.84677645542227,38.615635463169646,0,0,-0.01893928788262822,-0.01893928788262822,1.7918486688236452,-0.15443827391212073
2019-02-08,40.74119655717488,40.20644616383237,40.3425224555041,40.681514739990234,95280000.0,38.93569895975119,56.00288391960311,38.858791078839985,1,1,0.0011747197824387712,0.0,1.7918486688236452,-0.15443827391212073
2019-02-11,40.87250110070133,40.40459400749151,40.83430385989045,40.44756317138672,83973600.0,39.07968602752601,54.9996504425545,39.14500209263393,0,0,-0.005750807709564931,-0.005750807709564931,1.7815440916846006,-0.1593009368054199
2019-02-12,40.82236839461806,40.51202217536083,40.60751528119588,40.79610824584961,89134000.0,39.243154810223494,56.22930865082073,39.44558198111398,1,1,0.008617208235413676,0.0,1.7815440916846006,-0.1593009368054199
2019-02-13,41.17568718212781,40.564545825038614,40.91547527726699,40.62661361694336,89960800.0,39.374912791815866,55.45364752047703,39.75476973397391,0,0,-0.004154676418760883,-0.004154676418760883,1.7741423524578959,-0.16279376937854872
2019-02-14,40.88444403969935,40.43563910542421,40.514419566871766,40.77463150024414,87342800.0,39.50821933547571,56.01145397572348,39.98861585344587,1,1,0.003643372413374202,0.0,1.7741423524578959,-0.16279376937854872
2019-02-15,40.989469525015814,40.52395209982948,40.88204298730956,40.68389892578125,98507200.0,39.62018882026671,55.56252380837297,40.24077115740095,0,0,-0.002225221200646499,-0.002225221200646499,1.7701944932822418,-0.16465673843224093
2019-02-19,40.927394385474415,40.461877044044975,40.514397322840935,40.805641174316406,75891200.0,39.73308904446192,56.05993677340554,40.52912793840681,1,1,0.0029923938400606698,0.0,1.7701944932822418,-0.16465673843224093
2019-02-20,41.376235845973795,40.820000551666844,40.86774530443196,41.068275451660156,104457600.0,39.86024965467127,57.14915179269634,40.65677452087402,1,1,0.006436224742108809,0.006436224742108809,1.7815878628782498,-0.15928028146398465
2019-02-21,41.149425001369984,40.65526136696296,41.01335232972067,40.836692810058594,68998800.0,39.953244240898634,55.86382198202072,40.747675214494976,0,0,-0.005638966795042277,-0.005638966795042277,1.771541548077029,-0.16402107204074656
2019-02-22,41.29982128682659,40.913084241593204,40.960828971190395,41.292659759521484,75652800.0,40.080807623624615,57.829521259526786,40.86978612627302,1,1,0.011165618910025543,0.0,1.771541548077029,-0.16402107204074656
2019-02-25,41.984965042203186,41.52660910746543,41.5767434384209,41.59345245361328,87493600.0,40.224869036004485,59.09458800775655,40.933070591517854,1,1,0.007284410736521751,0.007284410736521751,1.7844461843500357,-0.15793145816241416
2019-02-26,41.84888673322697,41.34039653624892,41.469311288319616,41.6173210144043,68280800.0,40.3574835101378,59.19683114008132,40.948311941964285,1,1,0.0005738538010913175,0.0005738538010913175,1.785470195575768,-0.15744823392890117
2019-02-27,41.77728205593581,41.235370005885635,41.34996174511865,41.746246337890625,111341600.0,40.489746636590446,59.76858236337252,40.97174290248326,1,1,0.0030978765654259277,0.0030978765654259277,1.7910013618529086,-0.15483811255763125
2019-02-28,41.75579472169711,41.280726062799076,41.61494648285592,41.33563232421875,112861600.0,40.57030717826934,57.086815860038406,41.02187510899135,0,0,-0.009835950527106063,-0.009835950527106063,1.7733851610637439,-0.16315108306991
2019-03-01,41.813084063086116,41.273561690323184,41.60539248308564,41.77011489868164,103544800.0,40.684574580213365,59.12937337296859,41.099632263183594,1,1,0.010511090553907643,0.0,1.7733851610637439,-0.16315108306991
2019-03-04,42.4337860392888,41.53139695670395,41.94200828602396,41.98020553588867,109744800.0,40.80796800456339,60.096112923313086,41.209106717790874,1,1,0.005029687797522886,0.005029687797522886,1.7823047347686543,-0.15894199428405653
2019-03-05,42.0160145569179,41.66747101519607,42.00169149842213,41.903812408447266,78949600.0,40.912334138266615,59.556907421802094,41.288228443690706,0,0,-0.0018197416250403942,-0.0018197416250403942,1.779061400654289,-0.16047250254613132
2019-03-06,41.89425498024918,41.524226938549475,41.698496846730684,41.662689208984375,83241600.0,40.98379652595402,57.83288121164762,41.36223384312221,0,0,-0.005754206732136891,-0.0,1.779061400654289,-0.16047250254613132
2019-03-07,41.64358574279544,41.065866184004825,41.5075094498127,41.18045425415039,99185600.0,41.00252583340129,54.51094332686577,41.39122118268694,0,0,-0.011574743829306011,-0.0,1.779061400654289,-0.16047250254613132
2019-03-08,41.316540447448006,40.464282137130546,40.6600402947807,41.278343200683594,95997600.0,41.02879415409484,55.06248344577347,41.43368148803711,1,1,0.002377073014519615,0.0,1.779061400654289,-0.16047250254613132
2019-03-11,42.760837105669346,41.86083771700078,41.894259396650405,42.708316802978516,128044000.0,41.18874869208376,62.12409681448363,41.5695868900844,1,1,0.03464222377683135,0.03464222377683135,1.840692043808478,-0.13138940311253122
2019-03-12,43.608314858828265,42.82051405104015,42.970913413648546,43.18815612792969,129870400.0,41.37916844787861,64.1158770384874,41.72100693838937,1,1,0.011235266591393955,0.011235266591393955,1.861372709633324,-0.12163033149239066
2019-03-13,43.75872217247237,43.19054993732673,43.508057736808695,43.379146575927734,124130000.0,41.569642555311866,64.88946215458881,41.902610778808594,1,1,0.004422287615898801,0.004422287615898801,1.8696042351157074,-0.11774592818516838
2019-03-14,43.94970931807264,43.582067136362944,43.90196093095881,43.86137771606445,94318000.0,41.78790304681211,66.79214578480442,42.08609063284738,1,1,0.011116658076540498,0.011116658076540498,1.8903879861359407,-0.1079382113321673
2019-03-15,44.720788381391955,43.86375819430227,44.12874565980989,44.43192672729492,156171600.0,42.03971482590571,68.89166551191543,42.288838795253206,1,1,0.013008004785529215,0.013008004785529215,1.914978162106104,-0.09633426731618833
2019-03-18,44.97382978489912,44.353137432236814,44.35552703623312,44.885501861572266,104879200.0,42.31074216263586,70.45480823928293,42.52228028433664,1,1,0.010208315679425706,0.010208315679425706,1.9345268637040895,-0.08710936224827248
2019-03-19,45.117067277020425,44.384172822489425,44.96428197260884,44.5297966003418,126585600.0,42.522080680512616,67.64873501237626,42.72110530308315,0,0,-0.007924725055486026,-0.007924725055486026,1.9191962701967828,-0.09434376955818224
2019-03-20,45.2364339610808,44.10008976785335,44.45818069072299,44.91892623901367,124140800.0,42.750351686084144,69.06741672436712,42.97705486842564,1,1,0.008738634990057115,0.0,1.9191962701967828,-0.09434376955818224
2019-03-21,46.86934171090833,45.312838347425874,45.36297269440304,46.57331848144531,204136800.0,43.11444376183283,74.14208614812527,43.32014083862305,1,1,0.03683062755393163,0.03683062755393163,1.9898814732272954,-0.060987882242881986
2019-03-22,47.19400154727684,45.544394994118264,46.63299092298744,45.60885238647461,169630800.0,43.352006487989186,67.36063534864306,43.57932989937918,0,0,-0.02070855430572216,-0.02070855430572216,1.9486739046770174,-0.08043346567718646
2019-03-25,45.83087788513925,44.54652715605668,45.71867573371051,45.057403564453125,175381200.0,43.51442525717623,63.8459549161103,43.80458641052246,0,0,-0.012090828713441137,-0.0,1.9486739046770174,-0.08043346567718646
2019-03-26,46.04571739465231,44.064280308272146,45.75446983136156,44.59186553955078,199202000.0,43.61703861740237,61.01680804021276,44.0138132912772,0,0,-0.010332109444264992,-0.0,1.9486739046770174,-0.08043346567718646
2019-03-27,45.30088411777176,44.53457164340934,45.05977089349775,44.99292755126953,119393600.0,43.74807565872305,62.52279784531773,44.2861328125,1,1,0.00899406218748644,0.0,1.9486739046770174,-0.08043346567718646
2019-03-28,45.253150007800876,44.768533841635445,45.10752619750009,45.05261993408203,83121600.0,43.872317970662,62.74826068514751,44.55572400774275,1,1,0.0013267059082671118,0.0013267059082671118,1.9512592218596383,-0.07921347132305567
2019-03-29,45.377284340493745,45.00964226896314,45.317602517178074,45.346248626708984,94256000.0,44.01269231885695,63.87361250625447,44.744147709437776,1,1,0.0065174609835469965,0.0065174609835469965,1.9639764777068947,-0.07321228104822808
2019-04-01,45.759249910216006,44.97145268625358,45.74970242041629,45.654212951660156,111448000.0,44.169027617219164,65.03960669549386,44.92029462541853,1,1,0.006791395854734095,0.006791395854734095,1.9773146194163884,-0.06691809877552057
2019-04-02,46.42291168705589,45.60885073162473,45.61839822070278,46.31787109375,91062800.0,44.37367937688877,67.42457367207192,45.13020351954869,1,1,0.014536624315318658,0.014536624315318658,2.006058099192032,-0.05335423772199699
2019-04-03,46.909914730827474,46.11017681396402,46.13405100118274,46.635379791259766,93087200.0,44.589079416352675,68.50654068831359,45.32834652491978,1,1,0.0068549933322088474,0.0068549933322088474,2.0198096140860167,-0.04686498733361755
2019-04-04,46.87887791765802,46.107789772060734,46.50168835311438,46.71654510498047,76457200.0,44.79169519622199,68.78551952837543,45.49153355189732,1,1,0.0017404235600524398,0.0017404235600524398,2.0233249383251923,-0.045206128701662185
2019-04-05,47.05316343833929,46.773849225577045,46.897988470950224,47.02928924560547,74106400.0,45.00479939140137,69.86812967153278,45.644661222185405,1,1,0.006694504910887744,0.006694504910887744,2.036870097061132,-0.03881425644136993
2019-04-08,47.80036495686794,46.871715930873805,46.89081455147626,47.76933288574219,103526800.0,45.26808829562431,72.26420843145321,45.87605667114258,1,1,0.015735803198553944,0.015735803198553944,2.0689218840495056,-0.02368922674347551
2019-04-09,48.42583658322132,47.561641238769866,47.82185677668654,47.6260986328125,143072800.0,45.492660708689854,71.11212323401094,46.0694261278425,0,0,-0.0029984562119024227,-0.0029984562119024227,2.0627183123743364,-0.026616651846293804
2019-04-10,47.92212051778951,47.310975557121054,47.43033920962285,47.893470764160156,86781200.0,45.72130928540132,71.98958173574192,46.163722719464985,1,1,0.005613983488528929,0.0,2.0627183123743364,-0.026616651846293804
2019-04-11,47.984184604276585,47.373043333440464,47.948376968364045,47.49479293823242,83603200.0,45.89021249043285,68.71363936872311,46.29843275887625,0,0,-0.00832426256787544,-0.00832426256787544,2.0455477035385674,-0.03471935041552299
2019-04-12,47.7788889300979,46.84069224715156,47.55448465119845,47.475704193115234,111042800.0,46.04121170021213,68.55640541566848,46.471168518066406,0,0,-0.0004019123768370658,-0.0,2.0455477035385674,-0.03471935041552299
2019-04-15,47.70965127808389,47.27039028762013,47.40646659401936,47.56163787841797,70146400.0,46.18601419337459,68.89370370545804,46.68329511369978,1,1,0.0018100560436804525,0.0,2.0455477035385674,-0.03471935041552299
2019-04-16,48.072510727579555,47.401687660312966,47.616544395779556,47.566410064697266,102785600.0,46.31748046683389,68.9131971396167,46.86711529323033,1,1,0.00010033687846267014,0.00010033687846267014,2.045752947409887,-0.034622497168303346
2019-04-17,48.55236142338571,47.413631135907046,47.63564578548703,48.492679595947266,115627200.0,46.52464228865421,72.44168837789846,47.11283384050642,1,1,0.01947318559441702,0.01947318559441702,2.085590274235125,-0.01582352188698699
2019-04-18,48.73618336401421,48.347060289936984,48.490294503503264,48.666954040527344,96783200.0,46.7286719793088,73.0475643445169,47.350027084350586,1,1,0.0035938299560298592,0.0035938299560298592,2.093085531038676,-0.0122865589779243
2019-04-22,48.92477573931631,48.30408327313111,48.42106096698539,48.82689666748047,77758000.0,46.92850290199182,73.60810688150933,47.576647349766326,1,1,0.003286472928220041,0.003286472928220041,2.0999643999728836,-0.009040465493166283
2019-04-23,49.595585305994696,48.67648395275518,48.803009101591236,49.5311279296875,93292000.0,47.17637195224855,75.92840064944318,47.80616569519043,1,1,0.014423019079073729,0.014423019079073729,2.130252226579068,0.0
2019-04-24,49.76986437478454,49.42848609874323,49.50249097577655,49.45474624633789,70162400.0,47.39335998025706,75.17384802974277,48.0075490134103,0,0,-0.0015420945684507803,-0.0015420945684507803,2.1269671761910303,-0.0015420945684507803
2019-04-25,49.59798216323231,48.96774224168466,49.37596752439472,49.00593948364258,74172800.0,47.5469389805795,70.82080745862415,48.17107718331473,0,0,-0.00907509989960864,-0.0,2.1269671761910303,-0.0015420945684507803
2019-04-26,48.93909246803627,48.251556735019896,48.9152182829274,48.7719841003418,74596400.0,47.663609944366385,68.6398251298436,48.29555538722447,0,0,-0.004774020981250127,-0.0,2.1269671761910303,-0.0015420945684507803
2019-04-29,49.17066615604025,48.66695136754799,48.79586251694633,48.84599685668945,88818800.0,47.77621822173049,68.9581632255164,48.37245995657785,1,1,0.001517526049286566,0.0,2.1269671761910303,-0.0015420945684507803
2019-04-30,48.55713532887878,47.532996731014585,48.47596891449491,47.90541076660156,186139600.0,47.788522273622974,60.71365283822979,48.39241082327707,0,0,-0.019256155071366465,-0.019256155071366465,2.0860099664145895,-0.02076855482767237
2019-05-01,51.400376291203976,49.94891381611676,50.10408875249977,50.256874084472656,259309200.0,48.0236033984658,70.11596180570493,48.561225346156526,1,1,0.049085547545507646,0.0,2.0860099664145895,-0.02076855482767237
2019-05-02,50.765343421661946,49.68629897714205,50.094520495866405,49.9297981262207,127985200.0,48.20514575349008,67.7421903033933,48.73515428815569,0,0,-0.006508084002642023,-0.006508084002642023,2.072434038322815,-0.027141475330882292
2019-05-03,50.5719949912171,50.18764385729484,50.34520476397623,50.55051040649414,83569600.0,48.42851381568094,69.7855940519595,48.95478330339704,1,1,0.012431700178404448,0.0,2.072434038322815,-0.027141475330882292
2019-05-06,49.85580891786009,48.581005998340764,48.76959896429785,49.769866943359375,129772400.0,48.55626173260269,64.3861327211695,49.112513950892854,0,0,-0.015442840376038602,-0.015442840376038602,2.0404297702791268,-0.042165174235815894
2019-05-07,49.51682641699191,47.943614057370944,49.14918790139101,48.42823028564453,155054800.0,48.54406826146382,56.48041796393412,49.174072538103374,0,0,-0.0269568061984512,-0.0,2.0404297702791268,-0.042165174235815894
2019-05-08,49.02025835484054,48.16322830168545,48.19903593628389,48.43776321411133,105358000.0,48.53394397123977,56.52034827282283,49.17014993940081,0,0,0.0001968465172188516,0.0,2.0404297702791268,-0.042165174235815894
2019-05-09,48.146519303878975,46.948110900817596,47.84094865644529,47.91734313964844,139634400.0,48.475220082516785,53.68953206219309,49.11660630362375,0,0,-0.010744097991528978,-0.0,2.0404297702791268,-0.042165174235815894
2019-05-10,47.65372636341714,46.19667464275827,47.31102983477809,47.25351333618164,164834800.0,48.358867059056294,50.30647128039072,49.00422177995954,0,0,-0.013853643795152748,-0.0,2.0404297702791268,-0.042165174235815894
2019-05-13,45.408245519270494,43.81939074079154,44.98407358813538,44.50717544555664,229722400.0,47.99203928634204,39.474442529228554,48.64536803109305,0,0,-0.058119231708473884,-0.0,2.0404297702791268,-0.042165174235815894
2019-05-14,45.46096949743799,44.43288696152573,44.67253361534113,45.21173858642578,146118800.0,47.72724874349287,42.80043325270679,48.34229605538504,0,0,0.015830326993700128,0.0,2.0404297702791268,-0.042165174235815894
2019-05-15,45.95224501789583,44.57907074085087,44.63898240319493,45.75333786010742,106178800.0,47.539257230789495,45.23552706041528,48.109967367989675,0,0,0.01197917378572666,0.0,2.0404297702791268,-0.042165174235815894
2019-05-16,46.124791640359376,45.25487311897266,45.51129679315685,45.55203628540039,132125600.0,47.34999809313339,44.49443166565417,47.879971095493865,0,0,-0.004399713422494345,-0.0,2.0404297702791268,-0.042165174235815894
2019-05-17,45.74853617008886,44.75639935564675,44.79713884034815,45.293209075927734,131516400.0,47.15411342482808,43.529237535090104,47.62620053972517,0,0,-0.005682011839185597,-0.0,2.0404297702791268,-0.042165174235815894
2019-05-20,44.17886064816322,43.203497043820846,43.979953493197925,43.87690353393555,154449200.0,46.84199819712403,38.694413266834204,47.33845002310617,0,0,-0.03126971064509798,-0.0,2.0404297702791268,-0.042165174235815894
2019-05-21,45.05355949267553,44.262725004279886,44.38734225654459,44.718055725097656,113459200.0,46.639717961692945,42.67491966287631,46.94282014029367,0,0,0.019170728183030006,0.0,2.0404297702791268,-0.042165174235815894
2019-05-22,44.5047711054855,43.74748698190374,44.25314144747498,43.80260467529297,118994400.0,46.36951669632152,39.72038769847582,46.5051634652274,0,0,-0.020471620131080503,-0.0,2.0404297702791268,-0.042165174235815894
2019-05-23,43.26579910587868,42.61156485806626,43.08846294762348,43.05491256713867,146118800.0,46.053840112589825,37.48895700293925,45.96976361955915,0,0,-0.017069580991744937,-0.0,2.0404297702791268,-0.042165174235815894
2019-05-24,43.64924401379365,42.80568671757585,43.184328892260446,42.889564514160156,94858800.0,45.752480531787,37.00502613737645,45.47831344604492,0,0,-0.003840399227862279,-0.0,2.0404297702791268,-0.042165174235815894
2019-05-28,43.277781584642646,42.63553040781726,42.877572173999866,42.712215423583984,111792800.0,45.46293147386291,36.4734528859893,45.07002667018345,0,0,-0.004135017284160547,-0.0,2.0404297702791268,-0.042165174235815894
2019-05-29,42.98062234841405,42.17780471640916,42.27845585703999,42.50851821899414,113924800.0,45.18155878292303,35.85081726601314,44.64650917053223,0,0,-0.004769062025224979,-0.0,2.0404297702791268,-0.042165174235815894
2019-05-30,42.9518620603252,42.33836730703267,42.64511468367893,42.7289924621582,84873600.0,44.94798103808828,37.07467721093527,44.275912693568635,0,0,0.005186589709578415,0.0,2.0404297702791268,-0.042165174235815894
2019-05-31,42.65470469718947,41.935764812126756,42.23292429098691,41.95493698120117,108174400.0,44.66292922314665,34.63282625639552,43.897442953927175,0,0,-0.018115462976164287,-0.0,2.0404297702791268,-0.042165174235815894
2019-06-03,42.637935812210685,40.80464021824166,42.08195742985538,41.53076934814453,161584400.0,44.36462828267026,33.365239057712714,43.68484251839774,0,0,-0.010110076753224506,-0.0,2.0404297702791268,-0.042165174235815894
2019-06-04,43.095654753036754,41.82313170796883,42.043606173066934,43.05012130737305,123872000.0,44.23943714216577,41.445860681534946,43.53044128417969,0,0,0.036583766279215224,0.0,2.0404297702791268,-0.042165174235815894
2019-06-05,44.33222373730935,43.409582908600534,44.16207305046419,43.745086669921875,119093600.0,44.19235614480921,44.67612234839339,43.386994770595,0,0,0.016143168507862127,0.0,2.0404297702791268,-0.042165174235815894
2019-06-06,44.44726365114498,43.65163503254328,43.87450831444031,44.387351989746094,90105200.0,44.21092717766034,47.49396681377017,43.30380303519113,1,1,0.014681999024723114,0.0,2.0404297702791268,-0.042165174235815894
2019-06-07,45.9929928084873,44.51916711157243,44.6965033238102,45.568817138671875,122737600.0,44.34025003109001,52.20750418110582,43.323489325387136,1,1,0.02661715772544193,0.02661715772544193,2.0947402113023337,-0.01667033360352943
2019-06-10,46.81975064752679,45.921075982448805,45.966609417220745,46.15113830566406,104883600.0,44.51271558104944,54.33439416255904,43.485934666224885,1,1,0.0127789397126572,0.0127789397126572,2.121508770176245,-0.004104423078981623
2019-06-11,46.970730711232996,46.395580369292325,46.69753375030367,46.685550689697266,107731600.0,44.71965225806352,56.21667485496215,43.62647002083914,1,1,0.011579614363869561,0.011579614363869561,2.1460750236044532,0.0
2019-06-12,46.96355423391582,46.34526543888805,46.47946697764428,46.536983489990234,73012800.0,44.89273142300892,55.54667295565817,43.821782793317524,0,0,-0.003182295110847222,-0.003182295110847222,2.1392455795493253,-0.003182295110847333
2019-06-13,47.16006805274296,46.39559822321832,46.65920737441775,46.527400970458984,86698400.0,45.04841423705178,55.501762152479415,44.06981767926897,0,0,-0.0002059119180621849,-0.0,2.1392455795493253,-0.003182295110847333
2019-06-14,46.393192538300454,45.604756695226875,45.90431499766962,46.18949508666992,75046000.0,45.157088603682084,53.884613373057476,44.30552700587681,0,0,-0.007262513631560941,-0.0,2.1392455795493253,-0.003182295110847333
2019-06-17,46.72151539195747,46.052899149208905,46.22784019068279,46.465091705322266,58676400.0,45.28166032764781,55.01003027126608,44.573589597429546,1,1,0.005966651467724793,0.0,2.1392455795493253,-0.003182295110847333
2019-06-18,47.998821691765386,46.78142003490676,46.982722325563635,47.5578727722168,106204000.0,45.498442465225814,59.169065242308015,44.93425777980259,1,1,0.023518323687486964,0.023518323687486964,2.189557049536192,0.0
2019-06-19,47.90056870581225,47.284675122657916,47.85263645530765,47.41887664794922,84496800.0,45.68134095881852,58.445670842349415,45.2692495073591,0,0,-0.0029226732855213156,-0.0029226732855213156,2.1831576896403875,-0.0029226732855213156
2019-06-20,48.07550362088287,47.45721496631241,48.01798712160299,47.79991149902344,86056000.0,45.88310958169518,59.86171768923281,45.68674768720354,1,1,0.008035509864628976,0.0,2.1831576896403875,-0.0029226732855213156
2019-06-21,48.13303708759984,47.48598812693898,47.641760662798056,47.636966705322266,191202400.0,46.05014359346919,58.957336779050124,46.12290464128767,0,0,-0.003408893209028263,-0.003408893209028263,2.1757155382179345,-0.006321603413434351
2019-06-24,47.967673357520425,47.49077521738597,47.57944330591722,47.58903121948242,72881600.0,46.19670431975616,58.68279651099063,46.44711249215262,0,0,-0.0010062665437194918,-0.0,2.1757155382179345,-0.006321603413434351
2019-06-25,47.751995652655694,46.80059805023556,47.5530884714811,46.86770248413086,84281200.0,46.260608906839465,54.65168988247196,46.670156478881836,0,0,-0.01515745786092526,-0.0,2.1757155382179345,-0.006321603413434351
2019-06-26,48.1665811585655,47.29426750501623,47.3949186584968,47.88140106201172,104270000.0,46.41497006447492,58.8347686568606,46.91973141261509,1,1,0.021628936861671333,0.0,2.1757155382179345,-0.006321603413434351
2019-06-27,48.3055695796001,47.82627635318371,47.99881855051386,47.86701583862305,83598800.0,46.55326013820331,58.75381151843024,47.083888462611604,0,0,-0.00030043447078842433,-0.00030043447078842433,2.175061878271624,-0.00662013865664679
2019-06-28,47.80949686547988,47.222363424791055,47.612984897575586,47.43085479736328,124442400.0,46.63684058193284,56.28209854966296,47.175296783447266,0,0,-0.0091119330005911,-0.0,2.175061878271624,-0.00662013865664679
2019-07-01,49.00535070066526,48.0851046742833,48.689015329189374,48.30078887939453,109012000.0,46.79531184835776,59.830061131629655,47.290670939854216,1,1,0.01834110065584582,0.0,2.175061878271624,-0.00662013865664679
2019-07-02,48.67942179095116,48.25524622614172,48.26722928914985,48.583560943603516,67740800.0,46.965621286000214,60.9153673946059,47.436855043683735,1,1,0.005854398463657651,0.005854398463657651,2.1877955571901375,-0.0008044971225698028
2019-07-03,48.99335319873109,48.57397163409649,48.71536225541835,48.98616409301758,45448000.0,47.15805393428759,62.436389505680125,47.61248098100935,1,1,0.00828681845452639,0.00828681845452639,2.2059254217881916,0.0
2019-07-05,49.14672858318471,48.62429705737568,48.732140960245864,48.94302749633789,69062000.0,47.328051416387616,62.16354802839549,47.809161867414204,0,0,-0.0008805873551923638,-0.0008805873551923638,2.2039829117552676,-0.0008805873551923638
2019-07-08,48.26483388360054,47.54829273986113,48.12344323760648,47.93412399291992,101354400.0,47.3857726141526,56.12529390927141,47.91409274509975,0,0,-0.020613835208568965,-0.0,2.2039829117552676,-0.0008805873551923638
2019-07-09,48.29120343864577,47.64415810359733,47.73762016691857,48.22650146484375,82312000.0,47.46584202850414,57.3879319658778,47.96185193743025,1,1,0.006099568482090367,0.0,2.2039829117552676,-0.0008805873551923638
2019-07-10,48.82321536456781,48.303182526178986,48.37268210868142,48.703392028808594,71588400.0,47.58370393329504,59.39426598806333,48.05360303606306,1,1,0.00988855814706957,0.00988855814706957,2.225777124933307,0.0
2019-07-11,48.98137221844201,48.33912103596176,48.72255343160577,48.34870529174805,80767200.0,47.65656120552866,57.28273722028594,48.09280259268625,0,0,-0.007282587973559296,-0.007282587973559296,2.2095677072114444,-0.007282587973559296
2019-07-12,48.88791335049453,48.45654867782315,48.51646033634091,48.72016143798828,70380800.0,47.75785646576291,58.89375125354575,48.17017364501953,1,1,0.0076828561178377,0.0,2.2095677072114444,-0.007282587973559296
2019-07-15,49.33604713394336,48.88790913700364,48.90947645459903,49.17788314819336,67789600.0,47.89309710218486,60.81079792463507,48.28366306849888,1,1,0.009394913659875215,0.009394913659875215,2.2303264050463443,0.0
2019-07-16,49.393567429544646,48.768089574240236,49.02930352530581,49.00773620605469,67467200.0,47.99925320731532,59.72098776202832,48.43652262006487,0,0,-0.0034598264757746966,-0.0034598264757746966,2.2226098627005455,-0.0034598264757746966
2019-07-17,49.14913389035731,48.712978859393154,48.899902966480354,48.73215103149414,56430000.0,48.06905300009426,57.950331843534016,48.4972904750279,0,0,-0.005623299419541428,-0.0,2.2226098627005455,-0.0034598264757746966
2019-07-18,49.33845100749355,48.816019435097935,48.88791415785004,49.285728454589844,74162400.0,48.18492685290336,60.43095974263217,48.5986270904541,1,1,0.011359593438384108,0.0,2.2226098627005455,-0.0034598264757746966
2019-07-19,49.487033785576166,48.4948967896062,49.31688305319296,48.55001449584961,83717200.0,48.21969710461253,55.82387646090784,48.67856706891741,0,0,-0.014927525306196787,-0.014927525306196787,2.1894317977292808,-0.018335705134699176
2019-07-22,49.66197919573005,48.79445940658343,48.80404366458104,49.659584045410156,89111600.0,48.3568291942123,60.59322825833093,48.77562386648996,1,1,0.022854154856233988,0.0,2.1894317977292808,-0.018335705134699176
2019-07-23,50.064582806950405,49.67635274522786,49.95674254519547,50.04780578613281,73420800.0,48.51787458391902,62.10021762548382,48.88021278381348,1,1,0.00781765993786121,0.00781765993786121,2.2065480309810686,-0.0106613875043019
2019-07-24,50.12208653775661,49.647587278391484,49.76741058224146,50.007057189941406,59966400.0,48.65970149877829,61.83893500378196,48.953133719308035,0,0,-0.0008141934606591406,-0.0008141934606591406,2.2047514740036136,-0.0114669005329735
2019-07-25,50.143672105434696,49.54215660474307,50.059794305641,49.611656188964844,55638400.0,48.75036385022463,59.29089120593104,49.00089291163853,0,0,-0.007906904009062465,-0.0,2.2047514740036136,-0.0114669005329735
2019-07-26,50.26109327692397,49.64040930144378,49.72188828871622,49.78419876098633,70475600.0,48.848824317916225,60.04707670791807,49.13304110935756,1,1,0.0034778635763395016,0.0,2.2047514740036136,-0.0114669005329735
2019-07-29,50.479169751708156,49.95194785783544,49.956741814672895,50.249107360839844,86693600.0,48.98218460771847,62.04663795797015,49.277512959071565,1,1,0.009338477095625075,0.009338477095625075,2.225340495145142,-0.0022355068253333554
2019-07-30,50.36413790530998,49.681143529942474,50.028630420839946,50.033424377441406,135742800.0,49.082302681025425,60.566363164767296,49.3725152696882,0,0,-0.004292274922410355,-0.004292274922410355,2.2157887219440062,-0.0065181863378585
2019-07-31,53.05057834512591,50.63733845360822,51.86432814544622,51.0543212890625,277125600.0,49.270113977028956,64.75578709010593,49.56577355521066,1,1,0.02040429821312384,0.0,2.2157887219440062,-0.0065181863378585
2019-08-01,52.2501520023427,49.544543285154184,51.260410296588674,49.94954299926758,216071600.0,49.334821502956444,57.765060104302094,49.653586523873464,0,0,-0.021639270915772668,-0.021639270915772668,2.167840669497746,-0.028016408453586772
2019-08-02,49.470253439827765,48.31995250948189,49.25457292956728,48.89270782470703,163448400.0,49.29271543836126,52.10134719444946,49.633216857910156,0,0,-0.021158054931074033,-0.0,2.167840669497746,-0.028016408453586772
2019-08-05,47.60580559815315,46.15115233297481,47.447641588131205,46.333282470703125,209572000.0,49.01086467953668,41.68285132338009,49.44218444824219,0,0,-0.05234779311426374,-0.0,2.167840669497746,-0.028016408453586772
2019-08-06,47.466815679597666,46.501036276061356,47.0450352178922,47.210391998291016,143299200.0,48.83939109084662,45.60650604512769,49.333487374441965,0,0,0.01893044223971163,0.0,2.167840669497746,-0.028016408453586772
2019-08-07,47.82387415087288,46.44830502903327,46.82934223936549,47.699256896972656,133457600.0,48.73080688190624,47.67207380433065,49.22016797746931,0,0,0.01035502731473481,0.0,2.167840669497746,-0.028016408453586772
2019-08-08,48.7752821981534,47.783145217160964,47.97725841785462,48.75131607055664,108038000.0,48.732760137968185,51.81697567102036,49.23454666137695,1,1,0.022056091478665163,0.0,2.167840669497746,-0.028016408453586772
2019-08-09,48.7753700310641,47.940636364989096,48.42415862155094,48.349586486816406,98478800.0,48.69626740928706,50.2181130085767,49.14097540719168,0,0,-0.008240384385907018,-0.008240384385907018,2.1499768290936827,-0.03602592686472361
2019-08-12,48.604570850192594,47.906952942126594,48.020015091526766,48.22689437866211,89927600.0,48.65156521589421,49.72485759998846,49.01091030665806,0,0,-0.0025376040845302983,-0.0,2.1499768290936827,-0.03602592686472361
2019-08-13,51.031795643671664,48.22689828437496,48.356801205981334,50.269229888916016,188874000.0,48.80562851808676,57.10703371632763,49.029636928013396,1,1,0.04234847664496377,0.0,2.1499768290936827,-0.03602592686472361
2019-08-14,49.66062487459382,48.73447826245235,48.87159761707856,48.77296829223633,146189600.0,48.80251802038672,51.29818666298792,48.96973064967564,0,0,-0.02976495959826908,-0.02976495959826908,2.0859828556384947,-0.06471857620537391
2019-08-15,49.34788770864262,48.032039961696505,48.94375350681724,48.52999496459961,108909600.0,48.77656344364509,50.42150165091644,48.88014466421945,0,0,-0.004981721148913487,-0.0,2.0859828556384947,-0.06471857620537391
2019-08-16,49.833817419611805,49.035165962273794,49.14101168993166,49.675048828125,110481600.0,48.86213348026222,54.29619745669344,48.83914048331125,1,1,0.02359476576003461,0.0,2.0859828556384947,-0.06471857620537391
2019-08-19,51.173719791019884,50.52421624172767,50.666144074564244,50.6011962890625,97654400.0,49.02775850967177,57.14754755309085,48.87969561985561,1,1,0.018644117777155245,0.018644117777155245,2.1248741656801453,-0.04728107918536151
2019-08-20,51.32287444811057,50.59398650586073,50.728697935758746,50.603607177734375,107537200.0,49.17783933520154,57.15487197014566,48.84750175476074,1,1,4.7644894759057976e-05,4.7644894759057976e-05,2.1249754050861456,-0.047235686992644244
2019-08-21,51.395038142607625,50.901898878290325,51.2362731993296,51.152076721191406,86141600.0,49.36586194339105,58.839595987071554,48.933397020612446,1,1,0.01083854638130144,0.01083854638130144,2.1480070495732964,-0.03690910679566539
2019-08-22,51.58508594451301,50.697429299725314,51.284389448073355,51.10878372192383,89014800.0,49.53185449372751,58.64798431307069,49.09168815612793,0,0,-0.0008463585848830224,-0.0008463585848830224,2.146189065366501,-0.037724227041151526
2019-08-23,51.010149632314025,48.3519921175975,50.379887338546645,48.74650573730469,187272000.0,49.457059374068194,49.40678027755801,49.26406124659947,0,0,-0.04622058700265663,-0.0,2.146189065366501,-0.037724227041151526
2019-08-26,49.841038661740455,49.32865073537815,49.521097197863455,49.67264938354492,104174400.0,49.47759175592312,52.49587039232833,49.439936774117605,1,1,0.018999180192139864,0.0,2.146189065366501,-0.037724227041151526
2019-08-27,50.168190122552296,48.96059230394022,50.00220511579637,49.112144470214844,103493200.0,49.44278725252233,50.530391477910264,49.54085731506348,0,0,-0.011283974587346202,-0.011283974587346202,2.121971522493265,-0.048582522409237994
2019-08-28,49.48741787220754,48.910082172512254,49.09771645844376,49.44171142578125,63755200.0,49.4426847928327,51.65079185136127,49.59017126900809,0,0,0.006710498169475665,0.0,2.121971522493265,-0.048582522409237994
2019-08-29,50.35343017848864,49.71354720510862,50.156171530957906,50.27885437011719,83962000.0,49.52231999066932,54.411511584985604,49.72797611781529,1,1,0.016931916800505542,0.0,2.121971522493265,-0.048582522409237994
2019-08-30,50.625256042475115,49.84344523456853,50.55549607776158,50.213905334472656,84573600.0,49.58818526150773,54.15895846487575,49.86990547180176,0,0,-0.001291776363208763,-0.001291776363208763,2.119230409837106,-0.049811541018333516
2019-09-03,49.790517838568434,49.126581426530514,49.65821067205432,49.48260498046875,80092000.0,49.57812999664688,51.33489719293895,49.81371797834124,0,0,-0.014563702009089852,-0.0,2.119230409837106,-0.049811541018333516
2019-09-04,50.391911143051544,49.87231048470653,50.12970472847496,50.32215118408203,76752400.0,49.64898915735499,54.21964705351926,49.92437389918736,1,1,0.016966491637711023,0.0,2.119230409837106,-0.049811541018333516
2019-09-05,51.47202295353746,50.88025064284134,50.99812498900019,51.30603790283203,95654800.0,49.8068033235909,57.33922704809633,50.122662680489675,1,1,0.01955176190999608,0.01955176190999608,2.1606650982426645,-0.031233682498697846
2019-09-06,51.5802671339122,51.12080206554331,51.491262157017566,51.30121994018555,77449200.0,49.94912871564753,57.31909393042432,50.238817759922576,0,0,-9.390634793526864e-05,-9.390634793526864e-05,2.1604621980741774,-0.031324655805577084
2019-09-09,52.06618441164169,50.77439383269457,51.68129154569401,51.520118713378906,109237600.0,50.09874681066957,58.02397652277035,50.30445507594517,1,1,0.004266931146054365,0.0,2.1604621980741774,-0.031324655805577084
2019-09-10,52.14798341754074,50.92836046503641,51.445556916245124,52.12873840332031,127111600.0,50.29207934330297,59.95934385515672,50.41339302062988,1,1,0.011813243158994569,0.011813243158994569,2.1859842633558437,-0.019881458422485565
2019-09-11,53.81504412951995,52.37650966317453,52.45830188762013,53.78617477416992,177158400.0,50.62485033671887,64.63367339090479,50.60154288155692,1,1,0.03179506010726785,0.03179506010726785,2.255487764402784,0.0
2019-09-12,54.46695317394256,53.610570248885764,54.07725173898349,53.665897369384766,128906800.0,50.91447386363944,64.06239878923101,50.78419385637556,0,0,-0.002236214144065052,-0.002236214144065052,2.250444010762261,-0.002236214144064941
2019-09-13,53.11261457668617,52.205716712062376,52.92257603236607,52.62187957763672,159053200.0,51.07708393163917,59.275425514507624,51.061006273542134,0,0,-0.019454026540579927,-0.0,2.250444010762261,-0.002236214144064941
2019-09-16,52.953852216544,52.33561851362574,52.37651279298673,52.898521423339844,84632400.0,51.250554168944,60.10688693421003,51.291425704956055,1,1,0.0052571639007112925,0.0,2.250444010762261,-0.002236214144064941
2019-09-17,53.11983844341441,52.71088829943247,52.91295912103472,53.09096908569336,73274800.0,51.425831780062985,60.694524782773065,51.57562746320452,1,1,0.0036380537144580227,0.0036380537144580227,2.2586312469547947,0.0
2019-09-18,53.60816942297296,52.78786855223211,53.17757001208415,53.588924407958984,101360000.0,51.631840601767365,62.21065106026866,51.8718569619315,1,1,0.009379284854678094,0.009379284854678094,2.2798155928016604,0.0
2019-09-19,53.82707587682155,53.011587144033754,53.40610079147599,53.15351867675781,88242400.0,51.77676232319503,60.07772424526432,52.07719012669155,0,0,-0.008124920139962799,-0.008124920139962799,2.2612922731763048,-0.00812492013996291
2019-09-20,53.53840217003478,52.3139670785029,53.254546476618714,52.37651062011719,221652400.0,51.833881208616184,56.44254703789027,52.23166193280901,0,0,-0.014618186640960484,-0.0,2.2612922731763048,-0.00812492013996291
2019-09-23,52.884085014203336,52.357264248091994,52.66998928927248,52.614662170410156,76662000.0,51.90824130021561,57.27657848360113,52.455380303519114,1,1,0.0045469151624144555,0.0,2.2612922731763048,-0.00812492013996291
2019-09-24,53.52156984690006,52.24661602191957,53.170354738877656,52.36448669433594,124763200.0,51.95169324251278,56.08899185348683,52.60126141139439,0,0,-0.0047548623473803175,-0.0047548623473803175,2.2505401396901568,-0.012841149610494207
2019-09-25,53.2834074578566,52.23457816197458,52.573764616354914,53.170345306396484,87613600.0,52.06775534383504,58.9733227935924,52.73442622593471,1,1,0.015389411086268012,0.0,2.2505401396901568,-0.012841149610494207
2019-09-26,53.14870393718803,52.641128140556994,52.92257960068729,52.8961181640625,75334000.0,52.14664704099956,57.617649016814134,52.84834752764021,0,0,-0.005157520432747531,-0.005157520432747531,2.2389329329349863,-0.01793244155174556
2019-09-27,53.15350595673163,52.26825379467724,53.052468730289576,52.63871383666992,101408000.0,52.19351054534911,56.3380231757234,52.92824717930385,0,0,-0.004866223388911295,-0.0,2.2389329329349863,-0.01793244155174556
2019-09-30,54.0243263762996,53.11261270219493,53.139074136101655,53.877586364746094,103909600.0,52.35389871862501,60.753846962176866,53.05316489083426,1,1,0.023535387508140992,0.0,2.2389329329349863,-0.01793244155174556
2019-10-01,54.89995321519849,53.932912441810814,54.14219965889246,54.026729583740234,139223200.0,52.51321594387408,61.25047135631621,53.070347377232146,1,1,0.0027681867183964037,0.0027681867183964037,2.2451307173433173,-0.015213895179881143
2019-10-02,53.78376662810997,52.424616563859,53.65867588561685,52.672393798828125,138449200.0,52.52837573958399,54.64124294384305,52.9993828364781,0,0,-0.02506788390389092,-0.02506788390389092,2.1888500411718956,-0.03990039892567687
2019-10-03,53.153520390385815,51.75107147751879,52.5449072989882,53.119842529296875,114426000.0,52.58470591003284,56.28182031847174,53.034951618739534,1,1,0.008494938205726665,0.0,2.1888500411718956,-0.03990039892567687
2019-10-04,54.72434916797866,53.85834193135936,54.27931695765273,54.60887908935547,138478800.0,52.77748430806356,61.19800413835091,53.15712002345494,1,1,0.02803164484603582,0.02803164484603582,2.250207108147257,-0.012987227891540831
2019-10-07,55.31130082468202,54.32742301394374,54.4308644917137,54.62090301513672,122306000.0,52.95304799445148,61.23505706459606,53.26640101841518,1,1,0.0002201826146546182,0.0002201826146546182,2.2507025646318435,-0.012769904838680346
2019-10-08,54.86145803601952,53.96418097616012,54.322612418375925,53.98101806640625,111820000.0,53.05094990606622,58.12571326289454,53.29440770830427,0,0,-0.011715019587888231,-0.011715019587888231,2.2243355400006712,-0.024335324741248
2019-10-09,54.796515362493196,54.279318922568876,54.61369323730469,54.61369323730469,74770400.0,53.199782604279406,60.22758344048259,53.39870589120047,1,1,0.011720326765977784,0.0,2.2243355400006712,-0.024335324741248
2019-10-10,55.433992769762874,54.67864343102517,54.830191946444145,55.349796295166016,113013600.0,53.404545812935275,62.530961570746115,53.611083439418245,1,1,0.013478360722884108,0.013478360722884108,2.2543159367775316,-0.011184964303534883
2019-10-11,57.16600118945812,55.88383113476842,56.03778756451031,56.82200622558594,166795600.0,53.73001823318772,66.60288604216463,53.911608014787944,1,1,0.02659828994797042,0.02659828994797042,2.314276885698271,0.0
2019-10-14,57.283884526626984,56.45155503855571,56.506882164192184,56.7402229309082,96427600.0,54.01670439487539,66.18231403016978,54.224160603114534,0,0,-0.0014392891083966353,-0.0014392891083966353,2.3109459721828713,-0.0014392891083967463
2019-10-15,57.16841664159402,56.50207584591443,56.86531589350693,56.6079216003418,87360000.0,54.26348698587219,65.47823679887003,54.46970176696777,0,0,-0.0023317026922419215,-0.0,2.3109459721828713,-0.0014392891083967463
2019-10-16,56.588655006862936,56.09791645447419,56.13881072207156,56.37936782836914,73903200.0,54.464999447062375,64.23557051885433,54.718505314418245,0,0,-0.004037487431286957,-0.0,2.3109459721828713,-0.0014392891083967463
2019-10-17,56.80757687751156,56.174913986911356,56.552586852713226,56.59829330444336,67585200.0,54.66817029062247,64.90709395732213,55.00133241925921,1,1,0.00388307787949449,0.0,2.3109459721828713,-0.0014392891083967463
2019-10-18,57.15156478130147,56.36012974873569,56.43229762361986,56.870113372802734,97433600.0,54.87787915559202,65.74764089821208,55.21508434840611,1,1,0.004802619522416451,0.004802619522416451,2.3220445664241263,0.0
2019-10-21,57.971869612391714,57.089025301514894,57.13713599798401,57.85639953613281,87247200.0,55.16154776326257,68.61851378556685,55.48863220214844,1,1,0.017342785249339077,0.017342785249339077,2.3623152866790145,0.0
2019-10-22,58.26293619861339,57.64229836224228,58.01275839828133,57.724090576171875,82293600.0,55.40559945973013,67.81587972574899,55.84946768624442,0,0,-0.0022868509105601342,-0.0022868509105601342,2.3569130238146423,-0.0022868509105602453
2019-10-23,58.513131888167614,58.027205339327395,58.23889683993331,58.498695373535156,75828800.0,55.70018002294965,69.97987401200018,56.233671460832866,1,1,0.013419090532766909,0.0,2.3569130238146423,-0.0022868509105602453
2019-10-24,58.888385843954616,58.169118707672105,58.81862222108492,58.594905853271484,69275200.0,55.97586819726602,70.24147803402445,56.51838765825544,1,1,0.001644660263310005,0.001644660263310005,2.360789345008988,-0.0006459517400708714
2019-10-25,59.352671463902205,58.426528531534856,58.4938842476848,59.31658935546875,73477200.0,56.29403211709485,72.15725417742865,56.85379382542202,1,1,0.01231648880884717,0.01231648880884717,2.389865980556837,0.0
2019-10-28,59.95886585030972,59.35025659290026,59.518645853142104,59.9107551574707,96572800.0,56.63848193046398,73.62856501895838,57.27734647478376,1,1,0.010016857146678992,0.010016857146678992,2.413804926683783,0.0
2019-10-29,60.07914334791978,58.35194491266342,59.891509079761306,58.525142669677734,142839600.0,56.818163905627195,65.17424103814923,57.55673571995327,0,0,-0.02312794228934345,-0.02312794228934345,2.3579785856417073,-0.02312794228934356
2019-10-30,59.00867539604496,58.02479743733707,58.878772466807476,58.51793670654297,124522000.0,56.98004702952393,65.13329967746432,57.78303146362305,0,0,-0.00012312593880270395,-0.0,2.3579785856417073,-0.02312794228934356
2019-10-31,59.93962128082073,57.074584903222856,59.47534776911709,59.84099197387695,139162000.0,57.25251797660517,68.90811483109138,57.99867330278669,1,1,0.022609397080571636,0.0,2.3579785856417073,-0.02312794228934356
2019-11-01,61.565794923188214,59.93722552071114,60.02863474954351,61.539337158203125,151125200.0,57.660786470090684,72.87603071865038,58.3414671761649,1,1,0.02838096642962684,0.02838096642962684,2.4249002967225834,0.0
2019-11-04,62.027666477233765,61.43348998590327,61.90257205302393,61.9434700012207,103272000.0,58.06866109210306,73.71622124775845,58.72257777622768,1,1,0.006567065257440996,0.006567065257440996,2.4408247752139487,0.0
2019-11-05,62.109459324596685,61.65961856945548,61.83522061369756,61.854469299316406,79897600.0,58.429214254694806,73.19065694014654,59.11365645272391,0,0,-0.001436805233909988,-0.001436805233909988,2.437317785401864,-0.001436805233909988
2019-11-06,61.94106733591677,61.431087277328864,61.76786586873383,61.88092803955078,75864400.0,58.75794890087157,73.25033754697152,59.49098750523159,1,1,0.00042775793785154725,0.0,2.437317785401864,-0.001436805233909988
2019-11-07,62.81709213075968,62.27662127747956,62.428628474862634,62.59511184692383,94940400.0,59.12339299097179,74.84161892610805,59.899915967668804,1,1,0.011541258833684287,0.011541258833684287,2.4654475008231294,0.0
2019-11-08,62.83879550318141,61.97260350648676,62.4165566339612,62.766414642333984,69986400.0,59.470347433958665,75.21389726348397,60.25063133239746,1,1,0.0027366800754198284,0.0027366800754198284,2.4721946418756255,0.0
2019-11-11,63.32860103570491,62.31763981455063,62.322462751518806,63.263458251953125,81821200.0,59.83159608329147,76.28566921473411,60.64630045209612,1,1,0.007918942199446555,0.007918942199446555,2.49177180835042,0.0
2019-11-12,63.4058133511267,62.954622067164166,63.106621898661636,63.20554733276367,87388800.0,60.152924773717395,75.88324657681022,60.982504163469585,0,0,-0.0009153928790742727,-0.0009153928790742727,2.489490858180778,-0.0009153928790742727
2019-11-13,63.88595324448503,62.99080881616996,63.00528498975095,63.8111572265625,102734400.0,60.50132786446455,77.20683504487334,61.35509354727609,1,1,0.009581594011209615,0.0,2.489490858180778,-0.0009153928790742727
2019-11-14,63.91009628527069,63.23933976766793,63.637449352576304,63.369632720947266,89182800.0,60.77449975555814,74.08642948817426,61.64459664481027,0,0,-0.006919236773086479,-0.006919236773086479,2.472265481488591,-0.007828295832089993
2019-11-15,64.12723657232394,63.45889530662177,63.62054837598867,64.1224136352539,100206400.0,61.09334869648154,75.83894310989119,61.94542939322336,1,1,0.011879205890644284,0.0,2.472265481488591,-0.007828295832089993
2019-11-18,64.5253358048109,63.7532462907842,64.1320492800849,64.44571685791016,86703200.0,61.41262185471284,76.55572781434944,62.36832754952567,1,1,0.005041969014068837,0.005041969014068837,2.4847305674408084,-0.0028257968430395186
2019-11-19,64.66286024957508,64.03312473449476,64.63873084399398,64.25027465820312,76167200.0,61.68287450266429,75.1372812458384,62.77778026035854,0,0,-0.003032663910589206,-0.003032663910589206,2.4771952147213927,-0.005849891061524226
2019-11-20,64.19960904465235,62.829144043284764,64.06932349144424,63.502315521240234,106234400.0,61.85615459967152,69.91856457158475,63.03930337088449,0,0,-0.011641337580918787,-0.0,2.4771952147213927,-0.005849891061524226
2019-11-21,63.70016814029315,63.017343407159025,63.622956975546195,63.21760940551758,121395200.0,61.98581696213304,68.0254581124887,63.159179959978374,0,0,-0.004483397390878219,-0.0,2.4771952147213927,-0.005849891061524226
2019-11-22,63.49991434036952,62.93532139581433,63.35756036985573,63.16212463378906,65325200.0,62.097846264195525,67.64970564004363,63.24622671944754,0,0,-0.0008776790557295522,-0.0,2.4771952147213927,-0.005849891061524226
2019-11-25,64.28649124165634,63.34067264617482,63.38651632645343,64.26959991455078,84020400.0,62.30467994518174,71.01373142588993,63.418736049107146,1,1,0.017533850977667464,0.0,2.4771952147213927,-0.005849891061524226
2019-11-26,64.4602013696049,63.33583855209806,64.40711961038312,63.767730712890625,105207600.0,62.444018113534966,67.65766179799729,63.55350766863142,0,0,-0.007808811667217697,-0.007808811667217697,2.4578512638267003,-0.013613022031168764
2019-11-27,64.65804259195393,64.01382349032718,64.07896626377921,64.62425994873047,65235600.0,62.6516601930774,70.18869401015746,63.698446818760466,1,1,0.013432016887919396,0.0,2.4578512638267003,-0.013613022031168764
2019-11-29,64.6628702304651,64.15618208809639,64.32508058997325,64.4819107055664,46617600.0,62.8259697656954,69.24076141042364,63.82098225184849,0,0,-0.002202721443572364,-0.002202721443572364,2.4524373021427577,-0.015785757779201326
2019-12-02,64.72318649892358,63.56504854881408,64.4867300820024,63.73635482788086,94487200.0,62.91267310495115,64.44249790717458,63.85476057870047,0,0,-0.01156224853649046,-0.0,2.4524373021427577,-0.015785757779201326
2019-12-03,62.619240365203154,61.83749749069341,62.32487921217893,62.59994125366211,114430400.0,62.882889119114104,57.994275672562694,63.811503001621794,0,0,-0.017829911630303008,-0.0,2.4524373021427577,-0.015785757779201326
2019-12-04,63.531276233622215,62.896710253389905,62.990812750806576,63.1524658203125,67181600.0,62.908563090656806,60.04061656939093,63.76445361546108,1,1,0.00882627931568658,0.0,2.4524373021427577,-0.015785757779201326
2019-12-05,64.15377524171508,63.391331548709125,63.64708709192012,64.07897186279297,74424400.0,63.02003059276501,63.20461269309635,63.815120697021484,1,1,0.014670940088335582,0.014670940088335582,2.4884168628728935,-0.0013464095974933254
2019-12-06,65.38672266610301,64.49398586889878,64.53742176047683,65.3167495727539,106075600.0,63.238765733716335,66.89125253194679,63.900430406842915,1,1,0.01931644147804512,0.01931644147804512,2.5364842215775583,0.0
2019-12-09,65.33845582103804,63.917324043827655,65.14543525447796,64.40229797363281,128042400.0,63.349578327994095,62.056037065086926,63.89732905796596,0,0,-0.014000261879267617,-0.014000261879267617,2.500972778222842,-0.014000261879267617
2019-12-10,65.16229680621183,64.14650573758878,64.80761597068329,64.7786636352539,90420400.0,63.48568169059027,63.20822393271143,63.9350711277553,1,1,0.005843978762608559,0.0,2.500972778222842,-0.014000261879267617
2019-12-11,65.41082594602184,64.78349823349234,64.85829423457072,65.3311996459961,78756800.0,63.66144530539082,64.85730601818054,64.06570570809501,1,1,0.008529598786620962,0.008529598786620962,2.522305072597344,-0.00559007970938441
2019-12-12,65.76310470333209,64.49880315683109,64.60978960566402,65.49769592285156,137310400.0,63.83632631657756,65.34993046964561,64.22856903076172,1,1,0.002548495630841696,0.002548495630841696,2.5287331560545083,-0.003055830372257984
2019-12-13,66.4242138126888,65.36982404554227,65.49770182904206,66.38802337646484,133587600.0,64.07934508418587,67.88402957956308,64.45899036952427,1,1,0.013593263718192139,0.013593263718192139,2.5631068927176934,0.0
2019-12-16,67.7488400023079,66.82956614230139,66.83438907918607,67.52444458007812,128186000.0,64.40744979808038,70.75745910303165,64.6914792742048,1,1,0.01711786472642829,0.01711786472642829,2.606981809786611,0.0
2019-12-17,67.98527901702172,67.26867906123083,67.4544688710819,67.65714263916016,114158400.0,64.7169443543737,71.075546382267,64.96929441179547,1,1,0.0019651854955231585,0.0019651854955231585,2.612105012626296,0.0
2019-12-18,68.01663999270224,67.34588376621923,67.50995193942846,67.49547576904297,116028400.0,64.981566393866,70.0977062510224,65.17438125610352,0,0,-0.0023895018886537223,-0.0023895018886537223,2.6058633827652637,-0.0023895018886537223
2019-12-19,67.84293428071314,67.30488597596364,67.43758668961861,67.56304931640625,98369200.0,65.2274219102984,70.27761957248721,65.39446258544922,1,1,0.0010011566937391247,0.0,2.6058633827652637,-0.0023895018886537223
2019-12-20,68.19761571489019,67.21078392805164,68.09628249807736,67.42311096191406,275978000.0,65.43653515330942,69.36780433684717,65.65780230930874,0,0,-0.0020712261496197426,-0.0020712261496197426,2.6004660503845436,-0.004455778839477231
2019-12-23,68.5836505218291,67.64748553007605,67.68609110701298,68.52333068847656,98572000.0,65.73051568046819,72.33216103730327,66.08090155465263,1,1,0.016318139446042323,0.0,2.6004660503845436,-0.004455778839477231
2019-12-24,68.73809276240259,68.26277204321963,68.68983393642199,68.58849334716797,48478800.0,66.00270402967769,72.4980857294062,66.4691892351423,1,1,0.0009509557990934336,0.0009509557990934336,2.6029389786555024,-0.003509060289110577
2019-12-26,69.966201627571,68.69224671623391,68.72119906551794,69.94931030273438,93121200.0,66.37857129377832,75.70136608338181,66.88849912370954,1,1,0.019840309783136556,0.019840309783136556,2.6545820943386285,0.0
2019-12-27,70.9289137228552,69.51742759681707,70.24126588060444,69.92277526855469,146266000.0,66.71611452947131,75.52081710280878,67.21750095912388,0,0,-0.00037934661635474765,-0.00037934661635474765,2.653575087603305,-0.00037934661635474765
2019-12-30,70.62006103458498,68.81770380429288,69.84072600060978,70.33776092529297,144114400.0,67.06103323383527,76.44562747710651,67.64146259852818,1,1,0.005934913983954848,0.0,2.653575087603305,-0.00037934661635474765
2019-12-31,70.85890739643632,69.85518456337404,69.95410996602372,70.85166931152344,100805600.0,67.4220461936151,77.55117739575664,68.07524871826172,1,1,0.007306294364079813,0.007306294364079813,2.672962888310524,0.0
2020-01-02,72.5285891982157,71.22326675908423,71.47660718407792,72.46826934814453,135480400.0,67.90263887499886,80.57081409906998,68.58503941127232,1,1,0.022816682406072264,0.022816682406072264,2.733951033616323,0.0
2020-01-03,72.52376157647284,71.5393448267866,71.69617497011174,71.76373291015625,146322800.0,68.27036211644241,75.88795341201616,69.03261348179409,0,0,-0.009721998942787247,-0.009721998942787247,2.7073715645578726,-0.009721998942787358
2020-01-06,72.3741616151194,70.63453932655295,70.88547194642054,72.33555603027344,118387200.0,68.65752344156918,77.02861123702283,69.45743724278041,1,1,0.007968135114056585,0.0,2.7073715645578726,-0.009721998942787358
2020-01-07,72.60096759515153,71.7757961977681,72.34521202863968,71.995361328125,108872000.0,68.97541276409831,74.81227126137574,69.77678843906948,0,0,-0.0047030080477443725,-0.0047030080477443725,2.6946387743015228,-0.014379284351263566
2020-01-08,73.4551026743299,71.69858889981313,71.69858889981313,73.15350341796875,132079200.0,69.37332615970502,77.16659256260465,70.1693856375558,1,1,0.016086343182103446,0.0,2.6946387743015228,-0.014379284351263566
2020-01-09,74.90036463569696,73.87975745537804,74.13068273740295,74.70734405517578,170108400.0,69.88132786403557,79.82927437110226,70.68451908656529,1,1,0.021240823263501518,0.021240823263501518,2.75187512026544,0.0
2020-01-10,75.44082088635776,74.3743628731269,74.94137084294664,74.876220703125,140644800.0,70.35703194394885,80.09482906108389,71.20688847133091,1,1,0.002260509325890281,0.002260509325890281,2.7580957596384854,0.0
2020-01-13,76.50245856347271,75.07408132346671,75.19231323252647,76.47591400146484,121532000.0,70.93978261609324,82.40462917366304,71.85351725987026,1,1,0.021364503754568887,0.021364503754568887,2.8170211068507425,0.0
2020-01-14,76.62311254429632,75.32020505767588,76.41320061231343,75.44325256347656,161954400.0,71.36868451584404,76.38185837200467,72.34779739379883,0,0,-0.013503093771046637,-0.013503093771046637,2.7789826066899193,-0.013503093771046637
2020-01-15,76.12363416339696,74.68801909995545,75.24296601736016,75.11991119384766,121923600.0,71.72594419946344,74.5851531853671,72.81432723999023,0,0,-0.004285888514110048,-0.0,2.7789826066899193,-0.013503093771046637
2020-01-16,76.17189926714461,75.3008769215495,75.66279597280943,76.06090545654297,108829200.0,72.13879765251863,76.29342696718612,73.25086975097656,1,1,0.012526562501745664,0.0,2.7789826066899193,-0.013503093771046637
2020-01-17,76.90537714681764,76.00299474011516,76.30941686178534,76.90296936035156,137816400.0,72.59252829135987,77.70502620646941,73.74945504324776,1,1,0.011070916113268048,0.011070916113268048,2.8097484900088143,-0.002581669276187415
2020-01-21,76.97294309653658,76.24428203921465,76.53140508279039,76.3818130493164,110843200.0,72.95341255402239,74.8032594263131,74.18117305210659,0,0,-0.006776803488472871,-0.006776803488472871,2.790707376639991,-0.009340977299303499
2020-01-22,77.20698922015548,76.56036222573736,76.8667843985574,76.65446472167969,101832400.0,73.3058937128469,75.31099035777292,74.59565843854632,1,1,0.003569588904458687,0.0,2.790707376639991,-0.009340977299303499
2020-01-23,77.10325483712239,76.15985137274346,76.70756039684032,77.02363586425781,104472000.0,73.65996439393365,76.00026403843977,74.92104176112584,1,1,0.004816042273839249,0.004816042273839249,2.804147541339804,-0.004569921567016744
2020-01-24,78.01286327957854,76.61103058846822,77.26972598534742,76.80164337158203,146537600.0,73.95917191561445,74.68054213384119,75.28089250837054,0,0,-0.0028821346874225995,-0.0028821346874225995,2.7960656104422577,-0.007438885124972261
2020-01-27,75.22368393993314,73.56127252486844,74.81109818347939,74.54328155517578,161940000.0,74.01480140509649,62.97100841778924,75.4385871887207,0,0,-0.029405123604970718,-0.0,2.7960656104422577,-0.007438885124972261
2020-01-28,76.82334485387435,75.32500212699546,75.42392754574348,76.65203857421875,162234000.0,74.2659668497748,67.91564981792312,75.77120699201312,1,1,0.028289028535483762,0.0,2.7960656104422577,-0.007438885124972261
2020-01-29,79.10343121061821,77.5423536234093,78.28308294677784,78.25653839111328,216229200.0,74.64602128228323,71.01554868029834,76.13570949009487,1,1,0.020932252380228222,0.020932252380228222,2.8545935614717117,0.0
2020-01-30,78.19623972141919,76.9078086113338,77.33970079826872,78.14315795898438,126743200.0,74.97908191815952,70.50882339576782,76.38112476893834,0,0,-0.0014488301483800425,-0.0014488301483800425,2.85045774025848,-0.0014488301483800425
2020-01-31,77.85602816826189,74.38402173692818,77.43378925544725,74.67838287353516,199588400.0,74.95044391390958,57.34633181824346,76.3669934953962,0,0,-0.044338815783050434,-0.0,2.85045774025848,-0.0014488301483800425
2020-02-03,75.63867332859459,72.91945726436026,73.42131515382538,74.47329711914062,173788400.0,74.90500136202682,56.68698361279497,76.22394943237305,0,0,-0.0027462532864676037,-0.0,2.85045774025848,-0.0014488301483800425
2020-02-04,77.1225356625265,75.67244439973094,76.07779194419663,76.93192291259766,136616400.0,75.09804150970022,62.17506683149512,76.33028302873883,1,1,0.033013521470974805,0.0,2.85045774025848,-0.0014488301483800425
2020-02-05,78.35789935199301,76.95606664401838,78.0587078925949,77.55926513671875,118826800.0,75.33244375989247,63.41996784874626,76.50452259608677,1,1,0.008154511162210554,0.008154511162210554,2.873701829718827,0.0
2020-02-06,78.46889922045179,77.27215526816731,77.82951018159336,78.46648406982422,105425600.0,75.63092378940978,65.16520286740952,76.67634963989258,1,1,0.011697105839080013,0.011697105839080013,2.907315824171006,0.0
2020-02-07,78.2149347676415,76.90893545307632,77.96582750464246,77.39989471435547,117684000.0,75.79939721083318,61.53213623252705,76.71184430803571,0,0,-0.013592929109957796,-0.013592929109957796,2.8677968862727914,-0.013592929109957685
2020-02-10,77.76753234863281,75.90527578557558,75.98508372340018,77.76753234863281,109348800.0,75.98683865252838,62.29484278962531,76.81082425798688,1,1,0.004749846697261084,0.0,2.8677968862727914,-0.013592929109957685
2020-02-11,78.33587187126635,77.08065923180118,78.26331921379253,77.29832458496094,94323200.0,76.1117420746648,60.67856380862103,76.85681424822126,0,0,-0.006033466017262956,-0.006033466017262956,2.850494131215052,-0.019544382651360714
2020-02-12,79.13881418044723,77.74816513747918,77.74816513747918,79.13397979736328,113730400.0,76.39957423873133,64.47440400629151,77.00755310058594,1,1,0.023747671405021542,0.0,2.850494131215052,-0.019544382651360714
2020-02-13,78.89696679324649,78.20285267206994,78.40600748455542,78.57046508789062,94747600.0,76.60632574817507,62.52403805138808,77.1338975088937,0,0,-0.007121020715950777,-0.007121020715950777,2.8301957034559737,-0.02652622741357058
2020-02-14,78.83892050632156,78.08192253766144,78.53901899642953,78.58981323242188,80113600.0,76.79522931810334,62.56496576336042,77.42293548583984,1,1,0.0002462521318871147,0.0,2.8301957034559737,-0.02652622741357058
2020-02-18,77.3321687046637,76.08904601525819,76.2704349958008,77.1507797241211,152531200.0,76.82909126153359,57.6369337102189,77.45855985369,0,0,-0.018310687468425124,-0.018310687468425124,2.7783728744555116,-0.044351201422109465
2020-02-19,78.49790505143669,77.39263964512776,77.39263964512776,78.26814270019531,93984000.0,76.96614377950137,60.19925330301333,77.45938873291016,1,1,0.014482847484752925,0.0,2.7783728744555116,-0.044351201422109465
2020-02-20,78.517260139207,76.95973247404322,78.02872169520079,77.46520233154297,100566000.0,77.0136731654101,57.56550864688755,77.41096333095005,0,0,-0.010258840199236507,-0.010258840199236507,2.749869991122579,-0.05415504973331242
2020-02-21,77.50148770003717,75.09505699539346,77.05889434201991,75.71177673339844,129554000.0,76.88968302902803,52.305236898707825,77.48477717808315,0,0,-0.022635009596180367,-0.0,2.749869991122579,-0.05415504973331242
2020-02-24,73.56654484289926,69.950861613102,71.8929330165793,72.11543273925781,222195200.0,76.43499252524039,43.686504295486365,77.3163582938058,0,0,-0.047500456987085604,-0.0,2.749869991122579,-0.05415504973331242
2020-02-25,73.16748626275555,69.20111488480276,72.7853633450679,69.67272186279297,230673600.0,75.79096674786445,39.08219570074191,76.79784393310547,0,0,-0.03387223488343705,-0.0,2.749869991122579,-0.05415504973331242
2020-02-26,72.04287320574078,69.29059633111234,69.2978515957081,70.77798461914062,198054800.0,75.31353987846217,41.993985500211274,76.31346675327846,0,0,0.015863636826536798,0.0,2.749869991122579,-0.05415504973331242
2020-02-27,69.16968329754985,66.015930635838,67.98460978013814,66.1513671875,320605600.0,74.44095200313244,34.68812948136093,75.43381554739815,0,0,-0.06536803013728987,-0.0,2.749869991122579,-0.05415504973331242
2020-02-28,67.33402814341571,62.00360705177279,62.218858912688944,66.1126708984375,426510000.0,73.64778237411387,34.635079854699654,74.62758527483258,0,0,-0.0005849658247095713,-0.0,2.749869991122579,-0.05415504973331242
2020-03-02,72.90387135222704,67.16714131154524,68.26998589980724,72.2677993774414,341397200.0,73.51635542204983,47.96044755606906,74.23474720546177,0,0,0.09310058715460823,0.0,2.749869991122579,-0.05415504973331242
2020-03-03,73.52300347304629,69.12129439177312,73.44319556548463,69.97261810302734,319475600.0,73.17885662976198,44.40705867255688,73.71148245675224,0,0,-0.031759390685563216,-0.0,2.749869991122579,-0.05415504973331242
2020-03-04,73.37790783984885,70.89409003325196,71.69461969933852,73.2182846069336,219178400.0,73.1826116752069,49.92919795520863,73.28893280029297,1,1,0.04638480868512507,0.0,2.749869991122579,-0.05415504973331242
2020-03-05,72.4467648225109,70.47809334857007,71.47210154193513,70.84329223632812,187572800.0,72.95981934769463,46.38058490532808,72.73699188232422,0,0,-0.03243714849856727,-0.03243714849856727,2.660672049868782,-0.08483556284173299
2020-03-06,70.33539053552722,68.01603106687887,68.20225442366566,69.90247344970703,226176800.0,72.66864354788629,45.04559930361411,72.11646761213031,0,0,-0.013280280417835355,-0.0,2.660672049868782,-0.08483556284173299
2020-03-09,67.25663636962582,63.60708978441408,63.788478823723246,64.37376403808594,286744800.0,71.8786550231434,38.23752466442656,71.20382363455636,0,0,-0.07909175653990064,-0.0,2.660672049868782,-0.08483556284173299
2020-03-10,69.27607126773326,65.147656821936,67.02685114609001,69.0100326538086,285290000.0,71.60545289273055,45.507455031955764,70.54253005981445,0,0,0.07202108941430962,0.0,2.660672049868782,-0.08483556284173299
2020-03-11,68.0136294855381,65.74989060302927,67.08733944027128,66.6133041381836,255598800.0,71.13001015420227,42.76807723757882,69.7673944745745,0,0,-0.034730146088298164,-0.0,2.660672049868782,-0.08483556284173299
2020-03-12,65.30004700639003,59.979302435498994,61.89960811199781,60.03492736816406,418474000.0,70.07333560315101,36.43189773866254,68.6476195199149,0,0,-0.09875469855651131,-0.0,2.660672049868782,-0.08483556284173299
2020-03-13,67.69924517714318,61.17648985244003,64.06420829674353,67.22763061523438,370732000.0,69.80231608049228,45.69210140388987,68.29849079677037,0,0,0.11980864410747216,0.0,2.660672049868782,-0.08483556284173299
2020-03-16,62.65901820555978,58.044484903274174,58.51609560503949,58.5789794921875,322423600.0,68.7334268816061,38.57891856538464,67.5060806274414,0,0,-0.1286472696404537,-0.0,2.660672049868782,-0.08483556284173299
2020-03-17,62.30349073818724,57.65751584296428,59.860787730415886,61.15469741821289,324056000.0,68.0116431231877,41.436986660432986,66.81870297023228,0,0,0.043970003375851,0.0,2.660672049868782,-0.08483556284173299
2020-03-18,60.46301396809863,57.34795830754395,57.988868469827494,59.65764617919922,300233600.0,67.21602436661736,40.2899774720686,66.35486575535366,0,0,-0.02447974239453643,-0.0,2.660672049868782,-0.08483556284173299
2020-03-19,61.149861434253346,58.67571640074359,59.83176871542281,59.20053482055664,271857200.0,66.45264440984968,39.93468116331187,65.86114174979073,0,0,-0.007662242611274128,-0.0,2.660672049868782,-0.08483556284173299
2020-03-20,60.90558973701077,55.142256121470716,59.78097572031221,55.44215393066406,401693200.0,65.40402626897486,37.102918106960075,64.65930993216378,0,0,-0.06348559014347832,-0.0,2.660672049868782,-0.08483556284173299
2020-03-23,55.263185639015276,51.420157253571155,55.16160823517076,54.26433563232422,336752800.0,64.34310335119861,36.254857685212514,63.53728975568499,0,0,-0.0212440934349849,-0.0,2.660672049868782,-0.08483556284173299
2020-03-24,59.904326973466,56.66592859765041,57.1641431646422,59.70842742919922,287531200.0,63.90170564434152,42.63445661596122,62.57229995727539,0,0,0.1003254114039509,0.0,2.660672049868782,-0.08483556284173299
2020-03-25,62.458276127894656,59.084441621112084,60.64438621130527,59.37950134277344,303602000.0,63.471019520382654,42.36480639496757,61.753457750592915,0,0,-0.005508872040145607,-0.0,2.660672049868782,-0.08483556284173299
2020-03-26,62.56228025300905,59.58266521460016,59.62136242441082,62.50423812866211,252087200.0,63.37894510212355,45.79316034789534,61.22501237051828,0,0,0.052623156396192305,0.0,2.660672049868782,-0.08483556284173299
2020-03-27,61.882670430565696,59.74953769675213,61.12809336695391,59.91641616821289,204216800.0,63.049180441751105,43.53559796744115,60.90663037981306,0,0,-0.04140234387182362,-0.0,2.660672049868782,-0.08483556284173299
2020-03-30,61.79801733681127,60.317880748707644,60.64196519805995,61.62630081176758,167976400.0,62.913668096038386,45.40749092475908,60.379220962524414,0,0,0.028537832415648,0.0,2.660672049868782,-0.08483556284173299
2020-03-31,63.483743042720086,60.94671736808354,61.81738623520394,61.50055694580078,197002000.0,62.77908608173004,45.29126123379406,60.01402473449707,0,0,-0.0020404253429209263,-0.0,2.660672049868782,-0.08483556284173299
2020-04-01,60.15343192722889,57.83407204839957,59.61652017243426,58.26456832885742,176218400.0,62.34913201002789,42.35439205156442,59.88757051740374,0,0,-0.052617224585383426,-0.0,2.660672049868782,-0.08483556284173299
2020-04-02,59.29002414850145,57.29474488517958,58.126716465435884,59.23681640625,165934000.0,62.05272100014428,43.5128136146191,59.316798073904856,0,0,0.016686780753356167,0.0,2.660672049868782,-0.08483556284173299
2020-04-03,59.423041606914005,57.795378517377415,58.721672212892855,58.385498046875,129880000.0,61.70346167126149,42.721518666722986,59.302977970668245,0,0,-0.014371440111443534,-0.0,2.660672049868782,-0.08483556284173299
2020-04-06,63.63368236649505,60.31305880719071,60.68067122588063,63.47890090942383,201820400.0,61.87255112251505,48.607433288526025,59.46899250575474,1,1,0.08723746534558252,0.0,2.660672049868782,-0.08483556284173299
2020-04-07,65.71119660334946,62.63967300560569,65.49352388136515,62.74366760253906,202887200.0,61.95551459680305,47.86014188774261,59.689422607421875,0,0,-0.011582325723217046,-0.011582325723217046,2.6298552795445422,-0.09543529544320462
2020-04-08,64.66395291391103,63.17898581969377,63.544177235259646,64.34954833984375,168895200.0,62.18351781042597,49.64020642363456,60.05720928737095,1,1,0.025594307739187805,0.0,2.6298552795445422,-0.09543529544320462
2020-04-09,65.31697539124775,64.0182312530311,64.98563931197687,64.81391906738281,161834800.0,62.43403221585043,50.158156547195574,60.72662108285086,1,1,0.007216378972648263,0.007216378972648263,2.6488333118849554,-0.08890761372984124
2020-04-13,66.19489592354667,64.29151446730144,64.89131008954301,66.0860595703125,131022800.0,62.78184434484682,51.593816165747256,61.57102993556431,1,1,0.01962758187183722,0.01962758187183722,2.700823504578827,-0.07102507332551622
2020-04-14,69.71384751910844,67.24695386535642,67.71856827528313,69.42362213134766,194994800.0,63.414394610227845,55.160684605032685,62.264972414289204,1,1,0.05050327682927058,0.05050327682927058,2.837223941697572,-0.02410879543622335
2020-04-15,69.24948009360917,67.87092811844572,68.2990035025,68.78996276855469,131154400.0,63.92635348244945,54.36016886004657,62.93714823041643,0,0,-0.00912743160525542,-0.00912743160525542,2.8113273742209346,-0.03301617566004955
2020-04-16,69.70173138044676,68.2868960690995,69.5034110202046,69.33653259277344,157125200.0,64.44160863581364,54.95372972393683,63.42516926356724,1,1,0.007945488007570223,0.0,2.8113273742209346,-0.03301617566004955
2020-04-17,69.39944379426973,66.95915028721262,68.85285583806908,68.395751953125,215250000.0,64.81819371365282,53.688635960431014,64.03083610534668,0,0,-0.013568325447910978,-0.013568325447910978,2.773182369466884,-0.04613652689155956
2020-04-20,68.12489452748022,66.95675218737631,67.22279096091405,66.9760971069336,130015200.0,65.0237083225367,51.794631146401485,64.41296441214425,0,0,-0.020756476910501198,-0.0,2.773182369466884,-0.04613652689155956
2020-04-21,67.05346190215134,64.19476970811112,66.81886518475746,64.90581512451172,180991600.0,65.01248039891529,49.133887909383034,64.65619713919503,0,0,-0.03091075879080374,-0.0,2.773182369466884,-0.04613652689155956
2020-04-22,67.21066785744529,65.832115915965,66.17312073347611,66.77533721923828,116862400.0,65.18037152466033,51.50208989504874,65.26410920279366,1,1,0.028803614763025065,0.0,2.773182369466884,-0.04613652689155956
2020-04-23,68.14181716571889,66.47787383005301,66.71972588742912,66.51657104492188,124814400.0,65.3076286218281,51.155087615771436,65.78409167698452,0,0,-0.0038751758522285185,-0.0038751758522285185,2.7624358001149,-0.04983291558887215
2020-04-24,68.44652764676574,66.99299496104605,67.04136830681426,68.43685150146484,126161200.0,65.60564984846017,53.59730453299625,66.5020454951695,1,1,0.02886920396492032,0.0,2.7624358001149,-0.04983291558887215
2020-04-27,68.81657319534303,67.70647335185146,68.1538936670834,68.48523712158203,117087600.0,65.87989625542416,53.658760010137456,66.85964093889508,1,1,0.0007070111943439095,0.0007070111943439095,2.7643888731492376,-0.04916113682369638
2020-04-28,69.1285646001926,67.28323975471295,68.94717557214871,67.37513732910156,112004800.0,66.02230016720296,51.99570371248745,67.19046020507812,0,0,-0.016209329764160785,-0.016209329764160785,2.7195799823079847,-0.06457359750950087
2020-04-29,70.05727484881541,68.65937052894684,68.86252533126566,69.58808135986328,137280800.0,66.36189837602775,54.927049870244026,67.56464113507953,1,1,0.03284511347193764,0.0,2.7195799823079847,-0.06457359750950087
2020-04-30,71.23268410942524,69.73804020932337,70.1274184677146,71.0561294555664,183064000.0,66.80896800265049,56.77042699393518,68.01051330566406,1,1,0.02109625767825607,0.02109625767825607,2.776952942391381,-0.044839601083517255
2020-05-01,72.31375148512824,69.13339900800005,69.23013833651491,69.91216278076172,240616800.0,67.1045103624706,54.92778986702475,68.28380639212472,0,0,-0.016099479152182683,-0.016099479152182683,2.7322454463887587,-0.06021718601286363
2020-05-04,71.02950265458016,69.24705489201135,69.93633445349597,70.90132141113281,133568000.0,67.46611141472415,56.22112541892525,68.3893563406808,1,1,0.014148591475749539,0.0,2.7322454463887587,-0.06021718601286363
2020-05-05,72.79744070168688,71.21572680056569,71.36083945419138,71.96546936035156,147751200.0,67.8946216952601,57.59894233952368,68.61617824009487,1,1,0.015008859186814272,0.015008859186814272,2.773253333557422,-0.0461121180915427
2020-05-06,73.33920755337681,72.28231535832381,72.66685920210755,72.70797729492188,142333600.0,68.35303651427552,58.55691794026659,68.85699571881976,1,1,0.010317558423087014,0.010317558423087014,2.8018665368484217,-0.036270324140877386
2020-05-07,73.80599810613609,73.03206854392603,73.33438362592382,73.46014404296875,115215200.0,68.83942770748439,59.53186355361771,69.21873801095145,1,1,0.010345037450236072,0.010345037450236072,2.830851951102682,-0.02630050455221089
2020-05-08,75.26196230929314,73.79237217273885,74.119757726088,75.20861053466797,133838400.0,69.44601654816854,61.734559915861965,69.80677468436105,1,1,0.023801566338836677,0.023801566338836677,2.8982306616122777,-0.0031249314172184794
2020-05-11,76.88675244657776,74.50776212066847,74.71632174778293,76.39204406738281,145946400.0,70.1075429785699,63.16308424636075,70.62721960885185,1,1,0.01573534631608875,0.01573534631608875,2.943835324776654,0.0
2020-05-12,77.52697546648025,75.39776671813026,77.07590910984447,75.5190200805664,162301200.0,70.62292175018861,61.383608613163204,71.25176838466099,0,0,-0.011428205613222553,-0.011428205613222553,2.910192569393639,-0.011428205613222442
2020-05-13,76.61998759486177,73.53044749592581,75.6984577813938,74.607177734375,200622400.0,71.0023747010635,59.53942841876688,71.82966886247907,0,0,-0.012074340281674978,-0.0,2.910192569393639,-0.011428205613222442
2020-05-14,75.12614027584165,73.12303289595279,73.84570540703209,75.06551361083984,158929200.0,71.3893403115184,60.17253107516129,72.30314472743443,1,1,0.006143321465619023,0.0,2.910192569393639,-0.011428205613222442
2020-05-15,74.66780385011373,72.80292692486488,72.8368814117532,74.6217269897461,166348400.0,71.6971866618258,59.22795785717076,72.74146543230329,0,0,-0.005911990736444772,-0.005911990736444772,2.8929875378821133,-0.01727263290394765
2020-05-18,76.75335274546299,75.25466346328726,75.94580887810514,76.37989044189453,135178400.0,72.14315845040377,61.73304420256025,73.38466208321708,1,1,0.023561012630946454,0.0,2.8929875378821133,-0.01727263290394765
2020-05-19,77.24323270759544,75.90702580080492,76.39688667871405,75.93855285644531,101729600.0,72.5046245843125,60.74682851638409,73.83826719011579,0,0,-0.005778190867987254,-0.005778190867987254,2.876271303709522,-0.0229510192022232
2020-05-20,77.48574215036817,76.75822201252429,76.79702397462873,77.41542053222656,111504800.0,72.97231943649479,62.8380488162709,74.29250226702008,1,1,0.019448193575312578,0.0,2.876271303709522,-0.0229510192022232
2020-05-21,77.8179706179206,76.60058237100931,77.27717806754521,76.83824157714844,102688800.0,73.34050249750942,61.49039721980495,74.78722218104771,0,0,-0.007455607049733137,-0.007455607049733137,2.85482695510064,-0.030235512471393777
2020-05-22,77.41542869782153,76.47450136951518,76.57635005515425,77.33297729492188,81803200.0,73.72073819250109,62.221434582323894,75.24662617274693,1,1,0.006438665274200783,0.0,2.85482695510064,-0.030235512471393777
2020-05-26,78.6303710026143,76.75337148985957,78.45091841064635,76.80915069580078,125522000.0,74.01487271662486,60.93226940777314,75.5926034109933,0,0,-0.006773651001737546,-0.006773651001737546,2.835489353636435,-0.03680435866379139
2020-05-27,77.28931196459057,75.92642542981746,76.66607534046294,77.14380645751953,112945200.0,74.31286640623388,61.46913364275099,75.90944835117885,1,1,0.004356977764851777,0.0,2.835489353636435,-0.03680435866379139
2020-05-28,78.43637538186252,76.54239845998111,76.81885227689466,77.17776489257812,133560800.0,74.58571388112381,61.52560702792467,76.17499269757953,1,1,0.00044019651891691325,0.00044019651891691325,2.836737526179332,-0.036380363295439255
2020-05-29,77.88102931454405,76.74609967511876,77.42026804049199,77.10258483886719,153532400.0,74.82541587709937,61.3161757869074,76.31027657645089,0,0,-0.0009741154569010702,-0.0009741154569010702,2.8339742163079094,-0.037319040078126586
2020-06-01,78.1720345974753,76.92554663308496,77.05650232055906,78.05078125,80791200.0,75.13259353166134,62.98877205488328,76.4287578037807,1,1,0.012297855034489436,0.0,2.8339742163079094,-0.037319040078126586
2020-06-02,78.43636152325215,77.34265402331467,77.78401795906733,78.412109375,87642800.0,75.44492837388407,63.619740113256164,76.63540703909737,1,1,0.004629397928031631,0.004629397928031631,2.8470938106729804,-0.032862406836908664
2020-06-03,79.10569190926654,78.15990981793529,78.73222950297175,78.84378051757812,104491200.0,75.76862857804541,64.38332082358332,76.93802152361188,1,1,0.00550515916506833,0.00550515916506833,2.862767515258616,-0.02753816045202473
2020-06-04,78.965033585586,77.79130199936047,78.6667550692759,78.16476440429688,87560400.0,75.99683199006935,62.22095445314456,77.15939658028739,0,0,-0.008612170913466888,-0.008612170913466888,2.838112872131688,-0.03591316802103639
2020-06-05,80.45159499569716,78.38544064604918,78.41454026494723,80.3909683227539,137250400.0,76.41532116461073,66.1450481027392,77.5714852469308,1,1,0.028480913816131936,0.0,2.838112872131688,-0.03591316802103639
2020-06-08,80.90023409134206,79.37729235859877,80.08783519139197,80.86627960205078,95654400.0,76.83922196817646,66.91733460831094,77.89194161551339,1,1,0.005912496008116053,0.005912496008116053,2.8548932031587495,-0.03021300847548336
2020-06-09,83.8127204319061,80.51463588580872,80.54616293467816,83.41986083984375,147712400.0,77.46594947976382,70.69748513007141,78.42632075718471,1,1,0.03157782514985663,0.03157782514985663,2.945044521549611,0.0
2020-06-10,86.0340990809107,83.92914270631454,84.36807924016622,85.5660629272461,166651600.0,78.23738885571451,73.38770771622875,79.0085094996861,1,1,0.02572771119245565,0.02572771119245565,3.020813776448963,0.0
2020-06-11,85.13443458925035,81.3561819915115,84.71004769935321,81.4580307006836,201662400.0,78.54411665047347,61.931641073492614,79.33849443708148,0,0,-0.04801006480870129,-0.04801006480870129,2.8757843112666306,-0.04801006480870129
2020-06-12,84.34381486093497,81.05057761692748,83.59689759140369,82.1612548828125,200146000.0,78.88860600593432,62.973155431134316,79.68337140764508,1,1,0.008632963209151079,0.0,2.8757843112666306,-0.04801006480870129
2020-06-15,83.82970407027696,80.65286520703812,80.81534793256503,83.17736053466797,138808800.0,79.29705881819466,64.4523766920434,80.13824353899274,1,1,0.01236721193346857,0.01236721193346857,2.911349745319009,-0.03623660352166136
2020-06-16,85.65336572310193,83.59690633112962,85.2313990507297,85.38175201416016,165428800.0,79.87655340828661,67.42429277234133,80.72666822160993,1,1,0.026502301411372775,0.026502301411372775,2.988507213783377,-0.010694655498944106
2020-06-17,86.18687406891311,85.14167085225792,86.12624739787411,85.26292419433594,114406400.0,80.38954110219606,67.10595159964048,81.30417960030692,0,0,-0.001391723840528769,-0.001391723840528769,2.9843480370463626,-0.012071495332448667
2020-06-18,85.71400210817573,84.68819603071728,85.21928633315488,85.29689025878906,96820400.0,80.85690768853826,67.1526154640805,81.88948713030133,1,1,0.0003983685144988147,0.0,2.9843480370463626,-0.012071495332448667
2020-06-19,86.4681854978016,83.70118325430472,86.0025767936151,84.80944061279297,264476000.0,81.23333939561013,65.74372062665933,82.37224851335797,0,0,-0.0057147411179607754,-0.0057147411179607754,2.967293260608748,-0.017717250979677912
2020-06-22,87.17145177573371,85.15622179560962,85.2022986582704,87.02837371826172,135445200.0,81.78524742633886,68.87299619453671,82.9876959664481,1,1,0.02616375122198411,0.0,2.967293260608748,-0.017717250979677912
2020-06-23,90.30465984817053,87.85291289035612,88.27245220934594,88.88599395751953,212155600.0,82.46150900073701,71.19202166426561,83.70499692644391,1,1,0.021344995429553926,0.021344995429553926,3.030630121694588,0.0
2020-06-24,89.43404157028371,86.94349320290961,88.51493917080266,87.31695556640625,192623200.0,82.9239324831817,66.76921934343005,84.35872486659459,0,0,-0.01765225679833382,-0.01765225679833382,2.9771326605256694,-0.017652256798333932
2020-06-25,88.51497537406074,86.71315176111217,87.47219917240761,88.4761734008789,137522400.0,83.4527173324862,68.30074116699888,84.93623951503209,1,1,0.01327597632044153,0.0,2.9771326605256694,-0.017652256798333932
2020-06-26,88.5925564218204,85.60971933565048,88.3718744192934,85.75765228271484,205256800.0,83.67223494679368,61.32393420925846,85.28562327793666,0,0,-0.030726025026496684,-0.030726025026496684,2.885657207891157,-0.04783589814067091
2020-06-29,87.82866626069892,85.18776440060446,85.66550295799838,87.73408508300781,130646000.0,84.05907781690931,64.12814623214763,85.59378215244838,1,1,0.023046722335370307,0.0,2.885657207891157,-0.04783589814067091
2020-06-30,88.75260181460118,87.302409131984,87.32180641103123,88.46643829345703,140223200.0,84.47882643372337,65.11471146759165,85.80095182146344,1,1,0.008347419475068563,0.008347419475068563,2.9097449990666795,-0.039887784973349105
2020-07-01,89.08726487998509,88.25062113854636,88.54405219679813,88.29911804199219,110737200.0,84.84266372974898,64.68686064092373,86.2896009172712,0,0,-0.0018913415606245376,-0.0018913415606245376,2.904241677419125,-0.04170368510849243
2020-07-02,89.84146462563768,88.18514698857149,89.20609820497056,88.29911804199219,114041600.0,85.17184985472453,64.68686064092373,86.72801971435547,0,0,0.0,0.0,2.904241677419125,-0.04170368510849243
2020-07-06,91.12916897526445,89.6959534658751,89.72748052152446,90.6611328125,118655600.0,85.69463870784601,67.97801598205984,87.26257487705776,1,1,0.026750151336557115,0.0,2.904241677419125,-0.04170368510849243
2020-07-07,91.81788471884249,90.2682707685785,91.03944029125856,90.37982177734375,112424400.0,86.14084661922675,67.1929318516878,87.6195798601423,0,0,-0.0031028846257419307,-0.0031028846257419307,2.8952301505688225,-0.04467716801087429
2020-07-08,92.51629878115334,91.26981088874352,91.35711714225694,92.48477172851562,117092000.0,86.74502996296854,69.92842302115696,88.1354261125837,1,1,0.023290043173105124,0.0,2.8952301505688225,-0.04467716801087429
2020-07-09,93.43053681744466,91.83484627515189,93.37718505702489,92.88247680664062,125642800.0,87.32954870998493,70.41896593316825,88.67725372314453,1,1,0.004300222303542434,0.004300222303542434,2.907680283836187,-0.040569067461671326
2020-07-10,93.10317429108636,91.86638865727205,92.47750286894541,93.04496765136719,90257200.0,87.87387432344991,70.62504890496224,89.26550565447126,1,1,0.0017494241143549694,0.0017494241143549694,2.9127670498415648,-0.03889061585223064
2020-07-13,96.95904992595992,92.40234605111124,94.34967494482486,92.61575317382812,191649200.0,88.32548183300973,69.28297283734204,89.66460418701172,0,0,-0.004612978953867697,-0.004612978953867697,2.8993305167431265,-0.04332419321366909
2020-07-14,94.33995906948405,91.063698400921,91.99734332779671,94.14838409423828,170989200.0,88.88004395312673,71.33071313086397,90.04048919677734,1,1,0.016548274649708983,0.0,2.8993305167431265,-0.04332419321366909
2020-07-15,96.27273284060122,93.5978842251878,96.02295123465481,94.79586791992188,153198000.0,89.44345575948817,72.15616634055564,90.57469722202846,1,1,0.0068772696622758644,0.0068772696622758644,2.9192699945468346,-0.03674487571102414
2020-07-16,94.4854581347257,93.03041795220673,93.66821174965895,93.62940979003906,110577600.0,89.84211804811207,68.42041550270821,90.9427855355399,0,0,-0.012304946992712451,-0.012304946992712451,2.88334853200652,-0.048597678955858536
2020-07-17,94.2356835706405,92.96737078589749,94.08048312128706,93.44026184082031,92186800.0,90.18479840932238,67.82106902171009,91.49154336111886,0,0,-0.002020176669306206,-0.0,2.88334853200652,-0.048597678955858536
2020-07-20,95.54763152313923,93.18319140296002,93.52755414344499,95.4094009399414,90318000.0,90.68237960271468,70.6394967398348,92.03978020804269,1,1,0.021073775483159585,0.0,2.88334853200652,-0.048597678955858536
2020-07-21,96.2751504170526,93.84280875166303,96.19997393951473,94.09259033203125,103433200.0,91.0071615769353,66.53723511027485,92.441648210798,0,0,-0.013801686153957382,-0.013801686153957382,2.843553460495292,-0.0617286351970564
2020-07-22,95.0383691628231,93.70700981931506,93.79430867429807,94.35692596435547,89001600.0,91.32618675668961,66.9428832770665,92.87434877668109,1,1,0.002809314010714825,0.0,2.843553460495292,-0.0617286351970564
2020-07-23,94.16778614112043,89.25217747144076,94.09018221266099,90.06214904785156,197004400.0,91.20580221299075,55.44733547603753,93.0002795628139,0,0,-0.045516286935060934,-0.045516286935060934,2.714125465272203,-0.10443526386037838
2020-07-24,90.18339782375423,86.47304066581674,88.26032136137546,89.83903503417969,185438800.0,91.07563391024684,54.931502185481556,92.94155829293388,0,0,-0.0024773338858851135,-0.0,2.714125465272203,-0.10443526386037838
2020-07-27,92.06039256097253,90.67810880703217,90.90121082733599,91.9682388305664,121214000.0,91.16064390265822,58.78334216507741,93.05501665387835,1,1,0.02370020777245263,0.0,2.714125465272203,-0.10443526386037838
2020-07-28,91.71606157030082,90.45259599493436,91.53902896742397,90.45745086669922,103625600.0,91.09367313732879,55.25607874279142,92.91020802089146,0,0,-0.01642727949428846,-0.01642727949428846,2.669539767671611,-0.11914695608617265
2020-07-29,92.37567560352629,90.90365783673222,90.94003236953627,92.19136810302734,90329200.0,91.19821551501437,58.2803810164472,92.86084311349052,1,1,0.019168318581995747,0.0,2.669539767671611,-0.11914695608617265
2020-07-30,93.41115323756709,90.95698669984957,91.36439616603701,93.30687713623047,158130000.0,91.39904043132066,60.10644107800236,92.87955093383789,1,1,0.012099929268394316,0.012099929268394316,2.7018410100396033,-0.10848869655896554
2020-07-31,103.22540332463862,97.80294963723614,99.80120988768464,103.0750503540039,374336800.0,92.5110413763381,71.57468019450211,93.62664358956474,1,1,0.10468867373528812,0.10468867373528812,2.9846931620242607,-0.015157560581705587
2020-08-03,108.2913640186851,104.6586183859917,104.95689689079155,105.67229461669922,308151200.0,93.7644940658963,73.69141876781825,94.4497800554548,1,1,0.025197603627407972,0.025197603627407972,3.059900277270383,0.0
2020-08-04,107.46927088099201,105.13877762781757,105.8614502635959,106.37799072265625,173071600.0,94.96577946177821,74.24005949113351,95.2770745413644,1,1,0.006678156356089149,0.006678156356089149,3.080334769756035,0.0
2020-08-05,107.08366800256047,105.63347550648942,106.09909155161407,106.76355743408203,121776800.0,96.08937736390239,74.54535183682141,96.21522794451032,1,1,0.0036244970299450507,0.0036244970299450507,3.0914994339802524,0.0
2020-08-06,110.98317238877529,106.50650148026948,107.09579089278216,110.48845672607422,202428800.0,97.4607182555378,77.2832014306544,97.43295615059989,1,1,0.03488923918905584,0.03488923918905584,3.1993594971852204,0.0
2020-08-07,110.46660028081871,107.17956943228634,110.00986453782278,107.97642517089844,198045600.0,98.4622141522388,71.8009420459481,98.33060073852539,0,0,-0.022735692303166743,-0.022735692303166743,3.126619844090003,-0.022735692303166743
2020-08-10,110.56380376144823,106.89534828081695,109.42196412100574,109.54586791992188,212403600.0,99.51780022535148,73.05785009017988,99.43440628051758,1,1,0.014535050095791036,0.0,3.126619844090003,-0.022735692303166743
2020-08-11,109.30776282738468,106.02801970691873,108.80973072656776,106.28797149658203,187902400.0,100.16257844165915,66.57388052548939,100.28662381853376,0,0,-0.029740021099849856,-0.029740021099849856,3.033634103955557,-0.05179955343420062
2020-08-12,110.07789350159867,107.18443047564186,107.37878264931382,109.82037353515625,165598000.0,101.08236845056364,69.64832074206333,101.69792556762695,1,1,0.03323425961410709,0.0,3.033634103955557,-0.05179955343420062
2020-08-13,112.76729092425326,110.7119798713676,111.20029955907641,111.76393127441406,210082000.0,102.0996601480732,71.18338570784869,103.26398958478656,1,1,0.017697606342921723,0.017697606342921723,3.0873221661158246,-0.03501867519669666
2020-08-14,111.75420996900903,109.85438662016135,111.58900987277718,111.66432189941406,165565200.0,103.01058031486755,70.98969067560523,104.67085266113281,0,0,-0.0008912479532903195,-0.0008912479532903195,3.084570596554126,-0.03587871282739097
2020-08-17,112.81101111968458,110.74598779263943,112.78671524478968,111.3727798461914,119561600.0,103.80698027023173,70.39950746568957,106.16480473109654,0,0,-0.0026108791802387232,-0.0,3.084570596554126,-0.03587871282739097
2020-08-18,112.72598654466942,110.78972307405309,111.12498689269856,112.30083465576172,105633600.0,104.61591878313935,71.20175142347436,107.60119519914899,1,1,0.008332869223987904,0.0,3.084570596554126,-0.03587871282739097
2020-08-19,113.8556697465018,112.34699003787868,112.70897411610314,112.44173431396484,145538000.0,105.36123454797988,71.3259479059321,108.9679707118443,1,1,0.001254662609009305,0.001254662609009305,3.088440691946472,-0.03466906589782559
2020-08-20,115.05095151464681,112.46602470234885,112.48303255575973,114.936767578125,126907200.0,106.27319007466036,73.45946300426907,109.81523622785296,1,1,0.022189565817202883,0.022189565817202883,3.1569718499529458,-0.01324879160018344
2020-08-21,121.34320488803218,115.88425449002158,115.89639872088485,120.85974884033203,338054800.0,107.66238614758147,77.62046660362574,110.90005438668388,1,1,0.051532519897786955,0.051532519897786955,3.319658564627399,0.0
2020-08-24,125.15016966262684,120.439482171831,125.06513036986696,122.30529022216797,345937600.0,109.05694844039922,78.48694365564714,112.03771863664899,1,1,0.0119604863960594,0.0119604863960594,3.359363295729187,0.0
2020-08-25,121.64689406910605,119.57943869691742,121.17801402833966,121.30191040039062,211495600.0,110.22313529373174,76.32771068367006,113.07617241995675,0,0,-0.008203895513879234,-0.008203895513879234,3.331803430257864,-0.008203895513879234
2020-08-26,123.4082280829776,121.55213290407741,122.61866031262531,122.95149230957031,163022400.0,111.43535977143065,77.40350224983229,113.96638924734933,1,1,0.01359897716148728,0.0,3.331803430257864,-0.008203895513879234
2020-08-27,123.88683296878132,120.33741816118453,123.55400095827326,121.481689453125,155552400.0,112.39215307444917,74.23916649017737,114.93105098179409,0,0,-0.011954331166185495,-0.011954331166185495,3.2919739486719286,-0.020060154596239
2020-08-28,122.87374476236184,121.06138518015679,122.45588091995438,121.28489685058594,187630000.0,113.23908105312887,73.81387564580129,115.76955304827008,0,0,-0.001619936332997729,-0.0,3.2919739486719286,-0.020060154596239
2020-08-31,127.30262091946506,122.44374225841678,123.97914969468255,125.39793395996094,225702700.0,114.39706704425573,76.744792021363,117.13455036708287,1,1,0.033912195303607895,0.0,3.2919739486719286,-0.020060154596239
2020-09-01,130.99539444262734,126.84590719277946,129.01296330050218,130.39288330078125,151948100.0,115.92047811630579,79.6556491691431,118.6040153503418,1,1,0.03983278817348923,0.03983278817348923,3.4231024496420224,0.0
2020-09-02,134.0856242989173,123.41552988295788,133.70663231996068,127.69133758544922,200119000.0,117.0415123514623,74.35682931246397,119.74168722970145,0,0,-0.02071850584897561,-0.02071850584897561,3.352180881517471,-0.02071850584897572
2020-09-03,125.20358030775732,117.0989743551227,123.32806028413174,117.46824645996094,257599600.0,117.08215369512884,58.78115110841145,120.15625326974052,0,0,-0.08006096042847965,-0.0,3.352180881517471,-0.02071850584897572
2020-09-04,120.20866118452791,107.76021579822826,116.68111776737273,117.5459976196289,332607200.0,117.12632930698598,58.850158451849424,120.59719739641461,1,1,0.000661890868477899,0.0,3.352180881517471,-0.02071850584897572
2020-09-08,115.63158082191183,109.49967893283078,110.73383072804653,109.63572692871094,231366600.0,116.41293860429312,49.902967847892775,120.40683255876813,0,0,-0.06729510873279654,-0.06729510873279654,3.1265955046037512,-0.08661936047788432
2020-09-09,115.77735180667162,112.00686490622496,113.95041623071373,114.00872039794922,176940500.0,116.18396544178417,53.97487535264432,120.5187601361956,0,0,0.039886573398485003,0.0,3.1265955046037512,-0.08661936047788432
2020-09-10,117.09898522798876,109.32477873982353,116.96293720757075,110.28683471679688,182274400.0,115.62233394416633,50.311245647819746,120.18662207467216,0,0,-0.03264562279237104,-0.0,3.1265955046037512,-0.08661936047788432
2020-09-11,111.97772133616776,106.89533097403391,111.33634579157453,108.83888244628906,180860300.0,114.97629094436849,48.95059842224018,119.32798876081195,0,0,-0.013128967516621293,-0.0,3.1265955046037512,-0.08661936047788432
2020-09-14,112.6579692235783,109.61631362694925,111.4821213907461,112.10405731201172,140150100.0,114.70274488414402,52.0300829811684,118.59932926722935,0,0,0.03000007710786612,0.0,3.1265955046037512,-0.08661936047788432
2020-09-15,115.4761197012607,110.40344885623584,114.99023180291059,112.27897644042969,184642000.0,114.47190979426647,52.19270852779098,117.954833984375,0,0,0.001560328257621757,0.0,3.1265955046037512,-0.08661936047788432
2020-09-16,112.72598470596552,108.87775370396636,111.97772065587975,108.9652099609375,154679000.0,113.94746219109228,48.8876443006017,116.95581381661552,0,0,-0.029513686217564783,-0.0,3.1265955046037512,-0.08661936047788432
2020-09-17,109.03322659577087,105.64173160246284,106.6232270995851,107.22572326660156,178011000.0,113.30729657923602,47.23488894768425,115.93753051757812,0,0,-0.01596368873110532,-0.0,3.1265955046037512,-0.08661936047788432
2020-09-18,107.75050700364507,103.09569964451083,107.28405873269399,103.82453155517578,287104900.0,112.40417610075409,44.16201504821582,114.69036156790597,0,0,-0.03171992324051942,-0.0,3.1265955046037512,-0.08661936047788432
2020-09-21,107.07995651781488,100.19006360823141,101.58942285494095,106.97306060791016,195713800.0,111.88692700619752,47.490688206819215,113.37429918561664,0,0,0.030325482865878772,0.0,3.1265955046037512,-0.08661936047788432
2020-09-22,109.67460326412942,106.07903623256472,109.49968334608216,108.65423583984375,183055400.0,111.57905165702097,49.19302857198877,111.82153865269252,0,0,0.01571587484157,0.0,3.1265955046037512,-0.08661936047788432
2020-09-23,108.94577745912319,103.75649121629566,108.46960942834048,104.09661865234375,150718700.0,110.86643898990886,45.02733280542868,110.13620158604213,0,0,-0.04194606084403307,-0.0,3.1265955046037512,-0.08661936047788432
2020-09-24,107.13827671141094,102.03645401086756,102.20165410941537,105.16557312011719,167743300.0,110.32349938326203,46.153084415731406,109.25743920462472,0,0,0.010268868303431322,0.0,3.1265955046037512,-0.08661936047788432
2020-09-25,109.26645720727126,104.63108317313285,105.3696347481307,109.11096954345703,149981400.0,110.20802035089966,50.12149864966016,108.65493719918388,0,0,0.037516045472728354,0.0,3.1265955046037512,-0.08661936047788432
2020-09-28,112.06517187151762,109.59686073810057,111.76392378119944,111.71533203125,137672400.0,110.35157384426635,52.55128347856012,108.8034804207938,1,1,0.0238689336066773,0.0,3.1265955046037512,-0.08661936047788432
2020-09-29,112.05545586998878,110.36456819358912,111.31691166111466,110.86988830566406,99382200.0,110.40093712630423,51.69082961076648,108.57927812848773,0,0,-0.007567839706634327,-0.007567839706634327,3.1029339309974264,-0.09353167874893087
2020-09-30,113.95042293050288,110.41315990508242,110.57835999800264,112.54134368896484,142675200.0,110.60478537036714,53.282702736289195,108.74031448364258,1,1,0.015075828151757786,0.0,3.1029339309974264,-0.09353167874893087
2020-10-01,114.3974191624198,112.56076396234913,114.3196753388892,113.49366760253906,116120400.0,110.87991701152636,54.18806789242106,109.07279913766044,1,1,0.008461991676642855,0.008461991676642855,3.1291909320946996,-0.08586115135936379
2020-10-02,112.1137801442832,109.05268479784137,109.70377282438155,109.8301010131836,144712000.0,110.77993453549371,50.244996154242116,108.91037368774414,0,0,-0.03227992069289254,-0.03227992069289254,3.028180896973764,-0.1153694808957757
2020-10-05,113.35765140139709,110.34514782850755,110.69498771842362,113.21188354492188,106243800.0,111.01154872686783,53.53060608039154,108.97700990949359,1,1,0.030791035431464664,0.0,3.028180896973764,-0.1153694808957757
2020-10-06,112.84261156052911,109.08183644563537,112.43446007900816,109.96615600585938,161498200.0,110.91198751534321,50.18267995047852,109.04850605555943,0,0,-0.02866949508683525,-0.02866949508683525,2.941364479625926,-0.14073139121689882
2020-10-07,112.28870606536778,110.90877867904413,111.38495419907133,111.83197021484375,96849000.0,110.99960491529565,51.999259311866616,109.37752369471959,1,1,0.016967167688256346,0.0,2.941364479625926,-0.14073139121689882
2020-10-08,113.11470685692662,111.35578758231397,112.9689390012096,111.72506713867188,83477200.0,111.0686965556172,51.88515151893491,109.9418476649693,0,0,-0.0009559258945943672,-0.0009559258945943672,2.938552753154412,-0.1415527883304466
2020-10-09,113.69776933647424,111.67647388000671,112.02631376339767,113.66861724853516,100506900.0,111.31630805018081,53.824310738623375,110.42010171072823,1,1,0.017395828524774837,0.0,2.938552753154412,-0.1415527883304466
2020-10-12,121.64689230757452,115.91341372886069,116.67139765020474,120.88890838623047,240226800.0,112.22798427266173,60.111010793961114,111.294006892613,1,1,0.06352053286535742,0.06352053286535742,3.125211189887743,-0.08702376400841638
2020-10-13,121.85095605169045,116.27296553538521,121.73434029707663,117.68203735351562,262330500.0,112.74741789940971,56.513791000840996,112.26439394269671,0,0,-0.026527421543663388,-0.026527421543663388,3.042307395240617,-0.11124266947991213
2020-10-14,119.5575722262898,116.2438206939987,117.58486859235376,117.7695083618164,150712000.0,113.22571222916272,56.58838054680969,113.1646750313895,1,1,0.0007432825796347409,0.0,3.042307395240617,-0.11124266947991213
2020-10-15,117.7792075503629,114.81529622261273,115.36920805471462,117.30303955078125,112559200.0,113.61402911693592,56.04871222408327,113.74982288905552,0,0,-0.0039608623447934255,-0.0039608623447934255,3.030257234437522,-0.11476291492402835
2020-10-16,118.11935811253977,115.45668693235429,117.85697447987833,115.66075897216797,115393800.0,113.80895576981516,54.13541572032632,114.0316390991211,0,0,-0.014000324159565647,-0.0,3.030257234437522,-0.11476291492402835
2020-10-19,117.02123764921416,112.39559027449886,116.57422168009768,112.70655822753906,120639300.0,113.70396552769363,50.84867588541931,114.16282980782645,0,0,-0.02554194500262441,-0.0,3.030257234437522,-0.11476291492402835
2020-10-20,115.62190939927592,112.36645393399304,112.92036594620632,114.19339752197266,124423700.0,113.75057809857735,52.380364009781665,114.2808336530413,1,1,0.013192127572841494,0.0,3.030257234437522,-0.11476291492402835
2020-10-21,115.35949008406753,113.16327497131253,113.37706680716391,113.57142639160156,89946000.0,113.73351603124632,51.67132953696552,114.28638785226005,0,0,-0.005446647037990249,-0.005446647037990249,3.0137524928472246,-0.1195844888713764
2020-10-22,114.7084227103753,111.35579156521386,114.13507110113078,112.4830551147461,101988000.0,113.61442451538916,50.41432728751729,114.47588457380023,0,0,-0.009583143502157832,-0.0,3.0137524928472246,-0.1195844888713764
2020-10-23,113.2604666496336,111.05453154484074,113.10497897085499,111.79308319091797,82572600.0,113.44096343686809,49.608990478246795,114.37454169137138,0,0,-0.00613400767897232,-0.0,3.0137524928472246,-0.1195844888713764
2020-10-26,113.26045893616059,109.69403654118432,110.79214780910604,111.80279541015625,111850700.0,113.28494743432411,49.62091489930246,114.50573022024972,0,0,8.68767455111108e-05,0.0,3.0137524928472246,-0.1195844888713764
2020-10-27,113.96985932342135,111.30719583151641,112.23037983284465,113.30905151367188,92276800.0,113.28724306092866,51.49474317978144,114.61123602730888,1,1,0.013472436874139238,0.0,3.0137524928472246,-0.1195844888713764
2020-10-28,112.17207716189112,107.96428630838615,111.80280503922792,108.06146240234375,143937800.0,112.78954966487295,45.313892145393964,114.34954997471401,0,0,-0.0463121793115967,-0.0463121793115967,2.874179046997712,-0.1603584498914763
2020-10-29,113.62975292211088,109.03324978889975,109.19845732169942,112.06519317626953,146129200.0,112.720563332625,50.122016647197874,114.23501968383789,0,0,0.037050495939234596,0.0,2.874179046997712,-0.1603584498914763
2020-10-30,108.82917715371961,104.6796974682271,107.92542530180775,105.78752136230469,190272600.0,112.06027362116592,43.770335328399845,113.1563491821289,0,0,-0.056018034110649984,-0.0,2.874179046997712,-0.1603584498914763
2020-11-02,107.55614568812253,104.29097841162539,106.03045798084733,105.7000503540039,122866900.0,111.4545380719124,43.68913168846668,112.30049296787807,0,0,-0.000826855636414936,-0.0,2.874179046997712,-0.1603584498914763
2020-11-03,108.34326649090318,105.66117100164739,106.56492266395703,107.32290649414062,107624400.0,111.06104935021985,45.65802999917696,111.55430712018695,0,0,0.015353409338042523,0.0,2.874179046997712,-0.1603584498914763
2020-11-04,112.32757104438583,109.17901925135381,110.91849897605819,111.70563507080078,138235500.0,111.12243846646564,50.57110003218371,111.15449251447406,1,1,0.0408368420109777,0.0,2.874179046997712,-0.1603584498914763
2020-11-05,116.2438304304953,113.57144682955949,114.62095911814943,115.67047882080078,126387100.0,111.55558516687852,54.48931986380144,111.1551867893764,1,1,0.03549367717650975,0.03549367717650975,2.9761942302393374,-0.13055648376794016
2020-11-06,116.03552551635951,113.04702688343866,115.1788900602559,115.53907012939453,114457900.0,111.93496468711814,54.339042267127006,111.35750906808036,0,0,-0.0011360607541862633,-0.0011360607541862633,2.972813092777527,-0.13154422442471314
2020-11-09,118.75146052631435,112.9691581097437,117.30101847694802,113.23198699951172,154515300.0,112.05849062163182,51.70379817004748,111.28883688790458,0,0,-0.01996799115051784,-0.0,2.972813092777527,-0.13154422442471314
2020-11-10,114.46824612623837,111.10010224382926,112.48241007857042,112.8912582397461,138023400.0,112.13780182335698,51.31690481813377,111.24025344848633,0,0,-0.0030091210866687312,-0.0,2.972813092777527,-0.13154422442471314
2020-11-11,116.45409278270938,113.34878508110145,114.07887428608585,116.31781005859375,112295000.0,112.53589784576047,54.890167473496895,111.51416451590401,1,1,0.030352676303516013,0.0,2.972813092777527,-0.13154422442471314
2020-11-12,117.33019127391833,115.4222258727158,116.44435364296932,116.04523468017578,103162300.0,112.87012040141907,54.55487328636294,111.81788962227958,0,0,-0.002343367522829598,-0.002343367522829598,2.9658466991244694,-0.13357933548421008
2020-11-13,116.4930217530796,114.74081226781846,116.26913190849635,116.09391021728516,81581900.0,113.17714800293012,54.606995268512826,112.12439782278878,1,1,0.0004194531317336381,0.0,2.9658466991244694,-0.13357933548421008
2020-11-16,117.7780080013021,115.01340665149156,115.76296175843655,117.10633087158203,91183000.0,113.5513558951827,55.7189276376721,112.3956320626395,1,1,0.008720704233339927,0.008720704233339927,2.9917109709889615,-0.12602353712731396
2020-11-17,117.46648433849896,115.80188183810091,116.37622254278644,116.22046661376953,74271000.0,113.8055569160005,54.48955018928488,112.97841807774135,0,0,-0.007564614579069429,-0.007564614579069429,2.9690798305614563,-0.1326348322201243
2020-11-18,116.63904872341847,114.86736591902952,115.4611723878438,114.89656829833984,76322100.0,113.90946276193759,52.66169750165163,113.18065915788922,0,0,-0.011391266564342195,-0.0,2.9690798305614563,-0.1326348322201243
2020-11-19,115.89921985730518,113.70895234490581,114.46824389424141,115.49037170410156,74113000.0,114.06002551833416,53.39973897555174,113.87371989658901,1,1,0.0051681561473606585,0.0,2.9690798305614563,-0.1326348322201243
2020-11-20,115.61692877725572,114.17622350270929,115.49038264932382,114.22489166259766,73604300.0,114.07572705588306,51.59519947332481,114.48263713291713,0,0,-0.010957450589441309,-0.010957450589441309,2.9365462850219726,-0.14213894318907472
2020-11-23,114.49746457209459,110.73020141936897,114.06914317462709,110.82754516601562,127959300.0,113.76637639970522,47.097541423127815,114.7329684666225,0,0,-0.029742610801656633,-0.0,2.9365462850219726,-0.14213894318907472
2020-11-24,112.77444325872074,109.60098679969664,110.88595091749468,112.11249542236328,113874200.0,113.60886392567267,48.87197213693261,114.76202992030552,0,0,0.011594141640716149,0.0,2.9365462850219726,-0.14213894318907472
2020-11-25,113.65057108020866,112.11251446001901,112.48243113620667,112.9496841430664,76499200.0,113.54608489875778,50.02165616690128,114.5676874433245,0,0,0.007467398861734198,0.0,2.9365462850219726,-0.14213894318907472
2020-11-27,114.37090528252364,113.13462416571154,113.47533097531714,113.49479675292969,46691300.0,113.54120031344081,50.78023074727102,114.42166791643415,0,0,0.004826154353586576,0.0,2.9365462850219726,-0.14213894318907472
2020-11-30,117.75853018018704,113.70896490077166,113.86472083929621,115.8895034790039,169410200.0,113.76484823397062,54.00826905703063,114.61149052211216,1,1,0.021099704960812593,0.0,2.9365462850219726,-0.14213894318907472
2020-12-01,120.19214819451732,116.82400436522819,117.79745659658983,119.4620590209961,127728200.0,114.30743973749685,58.3027400542359,115.0808334350586,1,1,0.030827257298927435,0.030827257298927435,3.0270719529205543,-0.11569343966403456
2020-12-02,120.0948249747314,117.68065976068435,118.78065829638932,119.8125228881836,89004200.0,114.83173337089559,58.70094866693816,115.3304557800293,1,1,0.002933683464520831,0.002933683464520831,3.035952423854752,-0.11309916413040955
2020-12-03,120.49392777356492,118.96560791819012,120.24082808918226,119.67623138427734,78967600.0,115.29311413407481,58.47235948132789,115.58981268746513,0,0,-0.0011375397213982952,-0.0011375397213982952,3.032498907380342,-0.1141080490601526
2020-12-04,119.59835363347426,118.29392365175957,119.34525394863078,119.00454711914062,78260400.0,115.64658394217632,57.31452091180327,115.79771532331195,0,0,-0.005612511836038281,-0.0,3.032498907380342,-0.1141080490601526
2020-12-07,121.26296762556044,119.00455830891927,119.06296307750874,120.46473693847656,86712000.0,116.10545565610968,59.164862671371054,116.03760147094727,1,1,0.012270033832186833,0.0,3.032498907380342,-0.1141080490601526
2020-12-08,121.66205729371858,119.82222583220359,121.0682508669909,121.0779800415039,82225500.0,116.57902940709961,59.9326868113623,116.38456671578544,1,1,0.005090644105590236,0.005090644105590236,3.0479362800684067,-0.10959828842191077
2020-12-09,122.6063142688594,117.78772835245422,121.22401378468822,118.5470199584961,115089200.0,116.76645707866118,55.4066445061179,116.64531326293945,0,0,-0.02090355390914378,-0.02090355390914378,2.9842235797263617,-0.12821084860067722
2020-12-10,120.58154143292921,116.96029761781081,117.30100444410381,119.96826171875,81312200.0,117.07139085390773,57.31218358710702,116.96516254970005,1,1,0.011988844264086085,0.0,2.9842235797263617,-0.12821084860067722
2020-12-11,119.50100803270227,117.34967931202699,119.17976698694284,119.1603012084961,86939800.0,117.27033469720186,55.883199026752294,117.31769180297852,0,0,-0.006734785506420593,-0.006734785506420593,2.964125474013702,-0.134082161542176
2020-12-14,120.07533977310263,118.31339348591051,119.3452505477775,118.5470199584961,79184500.0,117.39192376970607,54.79165576552279,117.86908285958427,0,0,-0.005146691001786996,-0.0,2.964125474013702,-0.134082161542176
2020-12-15,124.50457300101239,120.83465301231115,121.03907714077828,124.48509979248047,157243700.0,118.06746434330364,62.29739960320726,118.75284031459263,1,1,0.05009050279006022,0.0,2.964125474013702,-0.134082161542176
2020-12-16,124.96207736777791,123.20013093515553,124.0275714003019,124.41694641113281,98208600.0,118.67217692119213,62.17269210111432,119.57193047659737,0,0,-0.0005474822405353574,-0.0005474822405353574,2.962502667957961,-0.1345562361804945
2020-12-17,126.13996040824293,124.64083543417424,125.47800506998152,125.28331756591797,94359800.0,119.30180936354698,63.15951887981625,120.41396767752511,1,1,0.006963449753237372,0.0,2.962502667957961,-0.1345562361804945
2020-12-18,125.67268049414356,122.77178977344829,125.53639778513613,123.29745483398438,192541500.0,119.68234702739817,59.4194001357102,120.94310706002372,0,0,-0.015850974978282584,-0.015850974978282584,2.915544112295064,-0.14827436362590818
2020-12-21,124.90366074139115,120.17268202586978,121.70100182150271,124.8257827758789,121251600.0,120.17219805106299,61.27702908278862,121.3262301853725,1,1,0.012395454098808267,0.0,2.915544112295064,-0.14827436362590818
2020-12-22,130.84169295968275,126.20805171818213,128.11602426239406,128.3788604736328,168904800.0,120.9537849484506,65.1778873390774,121.93811144147601,1,1,0.02846429334341405,0.02846429334341405,2.9985330151630945,-0.12403059526405003
2020-12-23,128.91429881615036,127.30810824014566,128.65147735341128,127.48333740234375,88223700.0,121.57564708691662,63.48126362877074,122.49576187133789,0,0,-0.006975627202057799,-0.006975627202057799,2.9776163666962545,-0.13014103127189647
2020-12-24,129.91697172820207,127.61962333055864,127.83378405985889,128.46652221679688,54930100.0,122.23192090880998,64.54777032063981,123.1716172354562,1,1,0.007712261339300808,0.0,2.9776163666962545,-0.13014103127189647
2020-12-28,133.6939410837403,129.96561683148184,130.43288465030292,133.0612030029297,124486200.0,123.26328110824996,69.00115250699558,124.07136481148856,1,1,0.035765588628444034,0.035765588628444034,3.084112568760835,-0.09903001323160454
2020-12-29,135.1054204796811,130.77356128298763,134.38507537843176,131.28948974609375,121047300.0,124.02768193090174,65.65365833713535,124.8007583618164,0,0,-0.01331502509260285,-0.01331502509260285,3.0430475325193727,-0.11102645121310772
2020-12-30,132.37978484573765,129.85853207666074,131.98066583416636,130.1700439453125,96452100.0,124.61266878941704,63.6014724973843,125.63097436087472,0,0,-0.008526545445078582,-0.0,3.0430475325193727,-0.11102645121310772
2020-12-31,131.16300010398734,128.22316928497395,130.5205178650633,129.16741943359375,99116600.0,125.04645456505293,61.780836272691516,126.28805705479213,0,0,-0.007702421243246826,-0.0,3.0430475325193727,-0.11102645121310772
2021-01-04,130.06295318684514,123.39480688941487,129.97534605093776,125.97445678710938,143301900.0,125.1348357290583,56.371459829006234,126.7747824532645,0,0,-0.02471956674899667,-0.0,3.0430475325193727,-0.11102645121310772
2021-01-05,128.24263632210662,125.02049610454635,125.46829078537516,127.5320053100586,97664900.0,125.36313759391547,58.248566512396906,127.41656712123326,1,1,0.01236400269287441,0.0,3.0430475325193727,-0.11102645121310772
2021-01-06,127.57093452826126,123.02490637051051,124.32933639261917,123.23906707763672,155088000.0,125.16084516379368,51.784477577842274,127.3275647844587,0,0,-0.03366165396666343,-0.03366165396666343,2.9406135194755967,-0.1409507711978889
2021-01-07,128.13551641563382,124.46559750336911,124.95232359796171,127.4443588256836,109578200.0,125.37832265540224,56.73526229899789,127.54380852835519,1,1,0.0341230410759088,0.0,2.9406135194755967,-0.1409507711978889
2021-01-08,129.1089766459298,126.77268233415623,128.9142743130051,128.54437255859375,105158200.0,125.67985121761096,57.924835997794,127.77674102783203,1,1,0.00863132541170164,0.00863132541170164,2.9659949116722397,-0.13353603775942657
2021-01-11,126.71429603758807,125.08863232599059,125.76031685281629,125.5558853149414,100384500.0,125.66804494116624,53.70224142575154,127.93805749075753,0,0,-0.023248682024490153,-0.023248682024490153,2.897039439084516,-0.15368018290323748
2021-01-12,126.24704065814508,123.4921686595174,125.08862995743296,125.38066864013672,91951100.0,125.64067576963961,53.46171771070659,127.97769219534737,0,0,-0.001395527373051264,-0.0,2.897039439084516,-0.15368018290323748
2021-01-13,127.96029200220607,125.07888173435367,125.34170314043133,127.4151611328125,88636800.0,125.80967437565609,55.87710376522905,127.90885652814593,1,1,0.01622652450925366,0.0,2.897039439084516,-0.15368018290323748
2021-01-14,127.52225905827079,125.34172042627678,127.32757155716695,125.48774719238281,90221800.0,125.77901464391577,53.12737496966334,127.76631437029157,0,0,-0.015127037656222253,-0.015127037656222253,2.853215814397924,-0.16648249464566733
2021-01-15,126.76295959555424,123.6284420036996,125.36118590805361,123.76472473144531,111598500.0,125.58717750939476,50.77607810246773,127.43047169276646,0,0,-0.013730603182284917,-0.0,2.853215814397924,-0.16648249464566733
2021-01-19,125.29304408982054,123.57002946950722,124.38772578454656,124.4364013671875,90757300.0,125.47757978156551,51.654078370567554,126.8144144330706,0,0,0.005427044234127765,0.0,2.853215814397924,-0.16648249464566733
2021-01-20,128.9726816127556,125.13727773804456,125.24435806944973,128.52488708496094,104319500.0,125.76779952474602,56.6126869649208,126.61694281441825,1,1,0.03285602663571985,0.0,2.853215814397924,-0.16648249464566733
2021-01-21,135.9620736838479,130.04348223408022,130.24791374177147,133.2364044189453,120150900.0,126.47909522895547,61.41345362364101,126.83596856253487,1,1,0.03665840477159765,0.03665840477159765,2.9578101546228464,-0.1359270725501759
2021-01-22,136.13728217261755,131.43550674558008,132.66205104466366,135.37799072265625,114459400.0,127.3266090854984,63.3535823725542,127.27958079746791,1,1,0.016073582239408024,0.016073582239408024,3.005352759391733,-0.12203832528996506
2021-01-25,141.23819854253642,132.9151779412319,139.2718354812106,139.1258087158203,157611700.0,128.4503423836243,66.46011236421532,128.21896307809013,1,1,0.027684101183345744,0.027684101183345744,3.088553249274381,-0.0977327454521929
2021-01-26,140.46915569228537,137.6169330170498,139.787742121757,139.3594207763672,98390600.0,129.4893022305522,66.64563200855899,129.06377846854073,1,1,0.00167914251642598,0.00167914251642598,3.093739370349483,-0.09621771014390268
2021-01-27,140.46915831522645,136.68242977361535,139.62224478331817,138.2886199951172,140843800.0,130.3273324938441,64.91321968532661,130.13874653407507,0,0,-0.007683734442096579,-0.007683734442096579,3.0699678985946584,-0.10316213325262691
2021-01-28,138.2205495392783,133.07097661259942,135.81612026341134,133.45062255859375,142621100.0,130.62478869048692,57.7711521621937,130.56776537214006,0,0,-0.03498478353963086,-0.0,3.0699678985946584,-0.10316213325262691
2021-01-29,133.10988846080656,126.7532453845792,132.22404319902353,128.456787109375,177523800.0,130.41831234942865,51.602293823715904,130.56150926862443,0,0,-0.037420847902197796,-0.0,3.0699678985946584,-0.10316213325262691
2021-02-01,131.7859741111612,127.45409959233686,130.19924214528973,130.57888793945312,106239800.0,130.4336052627643,53.80858688385933,130.92029517037528,1,1,0.01651995879572521,0.0,3.0699678985946584,-0.10316213325262691
2021-02-02,132.6912909648265,131.03642489675576,132.12668680443446,131.40634155273438,83305400.0,130.52624681419002,54.65699105089469,131.35070037841797,1,1,0.006336810079627275,0.006336810079627275,3.0894217021186052,-0.09747904201883073
2021-02-03,132.165635975879,130.0629752354402,132.15589194554707,130.38421630859375,89880900.0,130.51272009937134,53.38209719415169,131.56277574811662,0,0,-0.007778355534922454,-0.007778355534922454,3.0653910817222214,-0.10449917090772709
2021-02-04,133.75232866214105,131.01693030921246,132.68154013575978,133.7425994873047,84183100.0,130.82032766012688,56.862175931626545,132.15240805489677,1,1,0.025757589942959846,0.0,3.0653910817222214,-0.10449917090772709
2021-02-05,133.97171978594034,132.45086722756864,133.90348403057772,133.32827758789062,75693800.0,131.0591800341996,56.31622462687031,132.83551897321428,0,0,-0.0030979052373913962,-0.0030979052373913962,3.0558947906355014,-0.1072733476162604
2021-02-08,133.52325088194496,131.53443254526087,132.6165797613071,133.47450256347656,71297200.0,131.2892107512736,56.47148632604362,133.48109763009208,1,1,0.0010967289027605798,0.0,3.0558947906355014,-0.1072733476162604
2021-02-09,134.4201778248724,132.44111786524098,133.19178552172198,132.5970916748047,76774200.0,131.41377083922893,55.23157827498565,133.77196938650948,0,0,-0.006573621716661648,-0.006573621716661648,3.035806494275947,-0.11314179492541265
2021-02-10,133.5525177010359,131.02749721967888,133.0553056014661,131.99266052246094,73046600.0,131.46890319001292,54.36599703869388,133.68313053676061,0,0,-0.004558404296122309,-0.0,3.035806494275947,-0.11314179492541265
2021-02-11,132.9675589258699,130.4133074654321,132.4898491628531,131.7391815185547,64280000.0,131.49464398320737,53.99246737135634,133.42321559361048,0,0,-0.0019204022625418649,-0.0,3.035806494275947,-0.11314179492541265
2021-02-12,132.1291026544625,130.33527791305684,130.97871989939654,131.97311401367188,60145100.0,131.54021255753733,54.297511414591156,132.9123088291713,1,1,0.0017757245218974482,0.0,3.035806494275947,-0.11314179492541265
2021-02-16,132.5970843838598,129.4578829220419,132.0901434978276,129.8478546142578,80576300.0,131.37903561055833,51.059993723216984,132.2329112461635,0,0,-0.016103730030905372,-0.016103730030905372,2.986918686066058,-0.12742352003562707
2021-02-17,128.9021846827299,126.22119084968794,127.95652384973054,127.55680847167969,97918500.0,131.01501397828417,47.82421817253678,131.4663532802037,0,0,-0.017644081601380313,-0.0,2.986918686066058,-0.12742352003562707
2021-02-18,126.73789375549589,124.21288851935199,125.9579652802824,126.4551773071289,96856700.0,130.58074381912652,46.33789680238757,130.96667861938477,0,0,-0.008636396424071435,-0.0,2.986918686066058,-0.12742352003562707
2021-02-19,127.43010109713762,125.56802514842084,126.97189361497381,126.61116790771484,87668800.0,130.20268897042064,46.585333423464185,130.83484867640905,0,0,0.0012335643657126472,0.0,2.986918686066058,-0.12742352003562707
2021-02-22,126.46493488700048,122.44831544375612,124.79783740249141,122.8382797241211,103916400.0,129.50131666124923,41.69103080843066,130.2819480895996,0,0,-0.0297990157261937,-0.0,2.986918686066058,-0.12742352003562707
2021-02-23,123.5304515985531,115.41922654111875,120.6544792375418,122.7017822265625,158273000.0,128.85374195318383,41.524889645168265,129.6601938520159,0,0,-0.0011111967528782962,-0.0,2.986918686066058,-0.12742352003562707
2021-02-24,122.40932706149795,119.16289223137868,121.80488944958321,122.20459747314453,111039900.0,128.220490097942,40.89996584287848,129.07593536376953,0,0,-0.004051976624919296,-0.0,2.986918686066058,-0.12742352003562707
2021-02-25,123.28672920715788,117.51528197921584,121.5513960656033,117.95398712158203,148199500.0,127.24272790971723,36.0214308190806,127.94817733764648,0,0,-0.03478273681558186,-0.0,2.986918686066058,-0.12742352003562707
2021-02-26,121.71714451300848,118.15873226929354,119.51385248275434,118.21723175048828,164560400.0,126.38315684693353,36.515083672259074,126.86881692068917,0,0,0.0022317569361594014,0.0,2.986918686066058,-0.12742352003562707
2021-03-01,124.71985277897572,119.70883139515851,120.64474122239031,124.58336639404297,116307900.0,126.21174823237253,46.937482229622724,126.23373576572963,0,0,0.05385115646246219,0.0,2.986918686066058,-0.12742352003562707
2021-03-02,125.49001767022227,121.87311395477933,125.18779891061432,121.98035430908203,102260900.0,125.80875833491629,43.83976279612971,125.47539738246373,0,0,-0.020893736943404684,-0.0,2.986918686066058,-0.12742352003562707
2021-03-03,122.55555080343935,118.78265825970878,121.67813306792647,118.99713897705078,112966300.0,125.16003268178623,40.60676440257993,124.54714584350586,0,0,-0.02445652292886591,-0.0,2.986918686066058,-0.12742352003562707
2021-03-04,120.49849839926789,115.64346591859298,118.69492201638303,117.11557006835938,178155000.0,124.3938933852694,38.71141925590143,123.5026021684919,0,0,-0.015811883587001807,-0.0,2.986918686066058,-0.12742352003562707
2021-03-05,118.8801399153452,114.61979443770963,117.94423026145166,118.37318420410156,153766600.0,123.82049251087246,40.660098762024596,122.53117861066546,0,0,0.010738231774034324,0.0,2.986918686066058,-0.12742352003562707
2021-03-08,117.96374575469044,113.29394038143423,117.89550256292887,113.44017791748047,154376600.0,122.83189112102559,35.94164736876752,121.35920170375279,0,0,-0.04167334282497204,-0.0,2.986918686066058,-0.12742352003562707
2021-03-09,118.99715180961525,115.80920903774101,116.04318464645965,118.0514907836914,129525800.0,122.37661489842233,42.50669180597417,120.68025044032505,0,0,0.0406497323158761,0.0,2.986918686066058,-0.12742352003562707
2021-03-10,119.10437859558475,116.45263053937967,118.63642743151894,116.9693374633789,111943300.0,121.86163609508486,41.457144798637316,120.00269045148578,0,0,-0.009166790805677838,-0.0,2.986918686066058,-0.12742352003562707
2021-03-11,120.1182842596345,118.21721868480411,119.46509838909789,118.89965057373047,103026500.0,121.57954223590825,44.05103737191089,119.4518677847726,0,0,0.01650272757128257,0.0,2.986918686066058,-0.12742352003562707
2021-03-12,118.12947496626138,116.16991732521446,117.37879987716553,117.99298858642578,88105100.0,121.2379656978623,43.106721856027626,119.10577556065151,0,0,-0.007625438619287328,-0.0,2.986918686066058,-0.12742352003562707
2021-03-15,120.8884590376453,117.39829045128926,118.36345366505867,120.87870788574219,92403800.0,121.20375066813656,46.91900469183845,118.97555596487862,0,0,0.02445670148614565,0.0,2.986918686066058,-0.12742352003562707
2021-03-16,124.02765763412758,121.59039037182497,122.54579497339591,122.41905975341797,115227900.0,121.3194943905443,48.84499688006839,118.99087469918388,1,1,0.01274295444266138,0.0,2.986918686066058,-0.12742352003562707
2021-03-17,122.70179070070945,119.27011403289939,120.93721148152662,121.62939453125,111932600.0,121.34900868965914,47.90697349443094,119.25340379987445,0,0,-0.0064505087995165855,-0.0064505087995165855,2.9676515407981485,-0.13305208229788845
2021-03-18,120.08902057387003,117.30078651568779,119.7965455571018,117.5055160522461,121229700.0,120.98296177181028,43.33244805600556,119.20256696428571,0,0,-0.03390527836545598,-0.0,2.9676515407981485,-0.13305208229788845
2021-03-19,118.38295627751944,116.67686904236336,116.89134977056929,116.97908782958984,185549500.0,120.60164044397976,42.78349741623616,118.65940420968192,0,0,-0.004480029877254377,-0.0,2.9676515407981485,-0.13305208229788845
2021-03-22,120.76172845240197,117.24231371312757,117.31055690317099,120.29376983642578,111912300.0,120.57231943373652,47.21555252144752,118.53893389020648,0,0,0.028335680063300117,0.0,2.9676515407981485,-0.13305208229788845
2021-03-23,121.1224420531035,119.07513886679595,120.23528056214857,119.46510314941406,95467100.0,120.46687026380104,46.27231838987814,118.57235990251813,0,0,-0.006888691643287315,-0.0,2.9676515407981485,-0.13305208229788845
2021-03-24,119.81606991796893,117.05708136591241,119.73807557407793,117.07657623291016,88530500.0,120.14398511800191,43.62792740781555,118.56957462855748,0,0,-0.01999351152375095,-0.0,2.9676515407981485,-0.13305208229788845
2021-03-25,118.60719885311322,116.01394245162524,116.54039316706906,117.56404113769531,98844700.0,119.89827616749652,44.31161646468383,118.51177869524274,0,0,0.004163641613634139,0.0,2.9676515407981485,-0.13305208229788845
2021-03-26,118.4317089821302,115.93594193373995,117.33005928068575,118.1684799194336,94071200.0,119.733533667681,45.17942432641514,118.84951455252511,0,0,0.005141357645492395,0.0,2.9676515407981485,-0.13305208229788845
2021-03-29,119.50409766319855,117.70052126390267,118.59743388740822,118.34395599365234,80819200.0,119.60119293682114,45.43924953614272,118.87040492466518,0,0,0.0014849651475452585,0.0,2.9676515407981485,-0.13305208229788845
2021-03-30,117.37880328833072,115.87744562855794,117.09607936818357,116.89134979248047,85671900.0,119.34311263736012,43.63706361621997,118.86483437674386,0,0,-0.012274443497983012,-0.0,2.9676515407981485,-0.13305208229788845
2021-03-31,120.42051011090868,118.10998526692909,118.59743876993915,119.08489227294922,118323800.0,119.31852022170195,46.97967130884162,118.87806592668805,0,0,0.018765652756709494,0.0,2.9676515407981485,-0.13305208229788845
2021-04-01,121.06394179532072,119.41634671803331,120.55699346889742,119.9135513305664,75089100.0,119.37518985111761,48.20123861151382,119.01524897984096,1,1,0.006958557393811571,0.0,2.9676515407981485,-0.13305208229788845
2021-04-05,122.99426922039768,119.98180275866349,120.76173132452315,122.74079132080078,88651200.0,119.69572332442078,52.15974758972816,119.148254939488,1,1,0.02357731848371758,0.02357731848371758,3.0376208063242416,-0.11261177513343001
2021-04-06,123.93991951774667,122.49706137788411,123.32573080877205,123.04300689697266,80171300.0,120.01451223609239,52.56761386400145,119.19282259259906,1,1,0.002462226069424478,0.002462226069424478,3.045100115462599,-0.11042682471246323
2021-04-07,124.71010003062226,121.99985979599343,122.67254799737614,124.69060516357422,83466700.0,120.45985441966208,54.78002350666279,119.41148049490792,1,1,0.013390425901905534,0.013390425901905534,3.085875302922585,-0.09851506102445273
2021-04-08,127.11811320514343,125.29504201784057,125.71424485466245,127.0888671875,88844600.0,121.09118896897998,57.796245852501684,120.0960055759975,1,1,0.019233702657707408,0.019233702657707408,3.1452281109377607,-0.08117616775779557
2021-04-09,129.70161790758218,126.22120772891054,126.54292881700623,129.66262817382812,106686700.0,121.90751651229884,60.753457456858044,121.00197274344308,1,1,0.020251663605836745,0.020251663605836745,3.2089242126040936,-0.06256845659420063
2021-04-12,129.5163933763926,127.35209877205047,129.19467229997423,127.94679260253906,91420000.0,122.48268566375029,57.9061156866322,121.54861722673688,0,0,-0.013233077220899614,-0.013233077220899614,3.166460270702689,-0.0749735605973968
2021-04-13,131.28095619861375,128.619449864356,129.11666186406666,131.0567169189453,91266500.0,123.29926006900696,61.36108410058996,122.37658963884626,1,1,0.024306387468946422,0.0,3.166460270702689,-0.0749735605973968
2021-04-14,131.6124239805342,128.35623869078685,131.55393195001986,128.71694946289062,87222800.0,123.81523048747208,57.61595240453086,123.20804486955915,0,0,-0.017853090715691966,-0.017853090715691966,3.1099291682421994,-0.09148814153446494
2021-04-15,131.61242290057214,130.2865490081675,130.46203997416845,131.12496948242188,89347100.0,124.51139610603873,60.244609210455785,124.1766826084682,1,1,0.018707870483098077,0.0,3.1099291682421994,-0.09148814153446494
2021-04-16,131.29071524829968,129.9355952026849,130.93000444237106,130.79351806640625,84922400.0,125.10969343559755,59.70807096981214,125.07847104753766,0,0,-0.002527752092709279,-0.002527752092709279,3.102068038278998,-0.0937846342859523
2021-04-19,132.07061690327527,129.9940607923638,130.15979315261126,131.4564208984375,94264200.0,125.71414367015373,60.44961944510541,126.01507568359375,1,1,0.0050683156308608535,0.0,3.102068038278998,-0.0937846342859523
2021-04-20,132.12912448166279,128.5024698015972,131.63192734239016,129.7698516845703,94812300.0,126.10040157628865,57.61006288200387,126.93496867588588,0,0,-0.012829873218366594,-0.012829873218366594,3.062268898633131,-0.10541126253659927
2021-04-21,130.3938122009963,128.00529300875627,129.03869205614907,130.15008544921875,68847100.0,126.48608575466295,58.07739765012023,127.725339617048,1,1,0.0029300624121284535,0.0,3.062268898633131,-0.10541126253659927
2021-04-22,130.78374722132708,128.11251198833915,129.701600029045,128.62921142578125,84566500.0,126.69019296143613,55.50115764934799,128.34788676670618,0,0,-0.01168553995326349,-0.01168553995326349,3.0264846330705173,-0.11586501496996737
2021-04-23,131.72942232628785,128.84370608473515,128.84370608473515,130.9495086669922,78657500.0,127.09584207625099,58.460321914603625,128.93422372000558,1,1,0.018038649351043823,0.0,3.0264846330705173,-0.11586501496996737
2021-04-26,131.67094236224486,130.20858180313348,131.44671790843336,131.3394775390625,66905100.0,127.49999783461398,58.94334362584009,129.52682876586914,1,1,0.0029780094331015583,0.0029780094331015583,3.035497532856938,-0.11323205264441294
2021-04-27,132.01215523774303,130.7447732125093,131.62218352757128,131.0177459716797,66015800.0,127.83502146671547,58.354072954000515,129.97876739501953,0,0,-0.0024496181453678156,-0.0024496181453678156,3.0280617230202322,-0.11540429549898579
2021-04-28,131.6319415185454,129.74061964154626,130.93975103357886,130.2280731201172,107760100.0,128.06293114799183,56.88478767441824,130.20299639020647,0,0,-0.006027220554787993,-0.0,3.0280617230202322,-0.11540429549898579
2021-04-29,133.63051222031285,129.12643167740748,133.04556205861587,130.13058471679688,151101000.0,128.2598505354971,56.699266051241764,130.2364218575614,0,0,-0.0007485974489570557,-0.0,3.0280617230202322,-0.11540429549898579
2021-04-30,130.20853474127574,127.78102661111261,128.47320202841144,128.16123962402344,109839500.0,128.25045902011865,53.022200247264934,130.25173950195312,0,0,-0.01513360673095665,-0.0,3.0280617230202322,-0.11540429549898579
2021-05-03,130.70579381831388,128.52199669631204,128.72671884393358,129.21417236328125,75135100.0,128.342241243277,54.67645736624983,130.12012917654855,1,1,0.008215687850294806,0.0,3.0280617230202322,-0.11540429549898579
2021-05-04,128.19052935599137,123.52071640184118,127.89805427494618,124.64186096191406,137564700.0,127.98982407362337,47.09584184772235,129.8290514264788,0,0,-0.0353855255792862,-0.0353855255792862,2.9209121674646426,-0.14670617942793307
2021-05-05,127.17661206810328,124.75884693241741,125.95797834787251,124.88558959960938,84000900.0,127.69418269514584,47.504232270641126,129.38338143484933,0,0,0.0019554316327945465,0.0,2.9209121674646426,-0.14670617942793307
2021-05-06,126.49418737954478,123.93992827849607,124.68085970531065,126.48444366455078,78128300.0,127.5789694541368,50.16088461493707,129.07559040614538,0,0,0.012802550478941743,0.0,2.9209121674646426,-0.14670617942793307
2021-05-07,128.1836279216994,126.44534732764843,127.78324849809151,127.15824890136719,78973300.0,127.5389008300635,51.255195497302104,128.76857812064034,0,0,0.005327178720913706,0.0,2.9209121674646426,-0.14670617942793307
2021-05-10,126.50396354467914,123.83795074636984,126.37702048839593,123.87701416015625,88071200.0,127.19014971864375,46.06997012639427,128.34766115461076,0,0,-0.02580434041488011,-0.0,2.9209121674646426,-0.14670617942793307
2021-05-11,123.31058591748854,119.892615994426,120.60551014234991,122.95903015136719,126142800.0,126.7871859503317,44.73714784254141,127.83401434762138,0,0,-0.007410446683855598,-0.0,2.9209121674646426,-0.14670617942793307
2021-05-12,121.71878371455706,119.38479927769015,120.50784795937597,119.89260864257812,112172300.0,126.13055954006947,40.60645827682326,127.20997129167829,0,0,-0.024938562910053697,-0.0,2.9209121674646426,-0.14670617942793307
2021-05-13,123.19342127323375,121.34771783923617,121.66021769444781,122.04107666015625,105861300.0,125.74108498007773,44.3931177038763,126.57365471976144,0,0,0.017919937199657676,0.0,2.9209121674646426,-0.14670617942793307
2021-05-14,124.8926187981441,122.90042974578068,123.29105636497444,124.46292877197266,81918000.0,125.61935581740106,48.30395261075334,126.0824726649693,0,0,0.019844565273382964,0.0,2.9209121674646426,-0.14670617942793307
2021-05-17,123.95512773405065,122.23637496414497,123.84770522027007,123.31059265136719,74244600.0,125.39947361111211,46.660349793283125,125.53196171351841,0,0,-0.0092584686217424,-0.0,2.9209121674646426,-0.14670617942793307
2021-05-18,124.01371010532826,121.85550717277253,123.59378779578954,121.92386627197266,63342900.0,125.06846338833694,44.73227792302148,124.9388040815081,0,0,-0.011245800945221207,-0.0,2.9209121674646426,-0.14670617942793307
2021-05-19,121.99222918408067,119.98051210138631,120.27348393601976,121.76762390136719,92612000.0,124.75409772291124,44.5141267644359,124.34144973754883,0,0,-0.0012814748693823486,-0.0,2.9209121674646426,-0.14670617942793307
2021-05-20,124.72659669981742,122.16799959049966,122.29495751746947,124.32620239257812,76857100.0,124.71334578668905,48.816817351638015,124.0675185067313,0,0,0.02101197682302991,0.0,2.9209121674646426,-0.14670617942793307
2021-05-21,125.00004641017311,122.27543512950636,124.82426479688547,122.49028015136719,79295400.0,124.50162524999173,46.11572951337371,123.58724049159459,0,0,-0.014766977562893358,-0.0,2.9209121674646426,-0.14670617942793307
2021-05-24,124.94145621305331,122.98833046928489,123.05668957229345,124.12113952636719,63092900.0,124.46538851440845,48.76644063662756,123.55004610334124,0,0,0.013314194179200767,0.0,2.9209121674646426,-0.14670617942793307
2021-05-25,125.31255964913692,123.35942638033971,124.82427074399982,123.92583465576172,72009500.0,124.41400243263257,48.465895579670736,123.4814921787807,0,0,-0.0015735020750754503,-0.0,2.9209121674646426,-0.14670617942793307
2021-05-26,124.40435907039624,123.45709177518279,123.98443668542278,123.87701416015625,56575900.0,124.36286069239672,48.387428664414706,123.29524721418109,0,0,-0.00039394929831282344,-0.0,2.9209121674646426,-0.14670617942793307
2021-05-27,124.64848475719648,122.14848618161899,123.47661228754039,122.34379577636719,94625600.0,124.17056879563201,45.929225957864006,122.9513577052525,0,0,-0.012376940098078437,-0.0,2.9209121674646426,-0.14670617942793307
2021-05-28,122.85161879427051,121.63091513952054,122.62700604353964,121.68950653076172,71311100.0,123.93427715135864,44.904478235598795,122.79510716029576,0,0,-0.0053479560729131626,-0.0,2.9209121674646426,-0.14670617942793307
2021-06-01,122.41214756264262,121.03519786563034,122.14847888043448,121.36722564697266,67637100.0,123.68979605570283,44.39095104532716,122.68140683855329,0,0,-0.002648386808172254,-0.0,2.9209121674646426,-0.14670617942793307
2021-06-02,122.30474892445967,121.14264401239463,121.36724933170292,122.12896728515625,59278900.0,123.54114569660315,45.9294049295955,122.84114674159459,0,0,0.006276337241153618,0.0,2.9209121674646426,-0.14670617942793307
2021-06-03,121.92387970340114,120.2441902802076,121.75786579428137,120.64458465576172,76229200.0,123.26528274033254,43.462952182072115,122.74139731270927,0,0,-0.012154222396138614,-0.0,2.9209121674646426,-0.14670617942793307
2021-06-04,123.20318269390796,120.94731726161271,121.16216229807738,122.93950653076172,75169300.0,123.23425643465913,48.00683067226364,122.63258143833706,0,0,0.01902217063076761,0.0,2.9209121674646426,-0.14670617942793307
2021-06-07,123.35943444565716,121.90435770211774,123.21294850959707,122.94927978515625,71057600.0,123.20711580137315,48.02555607322863,122.60677337646484,0,0,7.949645049287746e-05,0.0,2.9209121674646426,-0.14670617942793307
2021-06-08,125.44926608565649,123.25199229581943,123.63285119857683,123.76956939697266,74403800.0,123.26068281047787,49.628341868025444,122.73860931396484,1,1,0.0066717724028135805,0.0,2.9209121674646426,-0.14670617942793307
2021-06-09,124.75593106971219,123.55475522616524,124.22858612258803,124.15045928955078,56877900.0,123.34542342753244,50.376310381632784,122.90881184169224,1,1,0.003077411470637559,0.003077411470637559,2.929901016073523,-0.14408024323668045
2021-06-10,125.18558742946014,122.9883211344928,124.04300329363414,123.15433502197266,71186400.0,123.32722453176484,48.397910190214425,122.82510702950614,0,0,-0.008023524627121303,-0.008023524627121303,2.9063928831160295,-0.15094773648391058
2021-06-11,124.45317468407444,123.14457656242446,123.5644988950441,124.36528015136719,53522400.0,123.42608697172697,50.86706238067965,122.95903560093471,1,1,0.009832744654733272,0.0,2.9063928831160295,-0.15094773648391058
2021-06-14,127.4805274309543,124.09186008030994,124.82428233012304,127.42193603515625,96906500.0,123.8066440253869,56.40916129744558,123.19480678013393,1,1,0.024578048471959102,0.024578048471959102,2.977826348275812,-0.13007968879598564
2021-06-15,127.53912286216541,126.35747517662371,126.89458776096085,126.60161590576172,62746300.0,124.07283182351783,54.66718800847795,123.38593401227679,0,0,-0.006437825031697875,-0.006437825031697875,2.9586556232708325,-0.13568008355103722
2021-06-16,127.82228636885532,125.44924625023417,127.31446961175028,127.09962463378906,91815000.0,124.36109780544842,55.5444866536257,123.61612047467914,1,1,0.003933668022042092,0.0,2.9586556232708325,-0.13568008355103722
2021-06-17,129.44341498990488,126.61137364763495,126.75786702289925,128.7012176513672,96721700.0,124.77444255267879,58.2778247220544,124.07022203717914,1,1,0.012601083773400523,0.012601083773400523,2.995937890636311,-0.12478871587684526
2021-06-18,128.42779161848907,127.18756736772201,127.64655315856818,127.40241241455078,108953300.0,125.0247253966666,55.37163904156958,124.47828674316406,0,0,-0.010091631303245974,-0.010091631303245974,2.9657039900365847,-0.13362102546865662
2021-06-21,129.3067175759483,126.18171878291032,127.24616893565036,129.1992950439453,79663300.0,125.42230345831219,58.39323278595095,125.03772027151925,1,1,0.014103992187743719,0.0,2.9657039900365847,-0.13362102546865662
2021-06-22,130.93756704429327,128.53521554050778,129.03327220047046,130.83990478515625,74783600.0,125.93826548944018,60.93521520229521,125.65993009294782,1,1,0.01269828709709997,0.01269828709709997,3.003363350747084,-0.12261949651516668
2021-06-23,131.17194646480604,130.10748149302736,130.63483384623305,130.56646728515625,60214200.0,126.37904661284172,60.289001969303136,126.36863599504743,0,0,-0.0020898631839345594,-0.0020898631839345594,2.9970867322523795,-0.12445310172770152
2021-06-24,131.48441699311277,129.81448802069463,131.29886767382567,130.2832489013672,68711000.0,126.75087540222509,59.599885415124696,126.89318902151925,0,0,-0.0021691510054454577,-0.0,2.9970867322523795,-0.12445310172770152
2021-06-25,130.7519979740222,129.69730831930764,130.33208310563106,129.9902801513672,70783700.0,127.05939014023862,58.86722220586429,127.39611761910575,0,0,-0.0022487062033722527,-0.0,2.9970867322523795,-0.12445310172770152
2021-06-28,132.08012525724726,130.22466180559726,130.28325319231956,131.6211395263672,62111300.0,127.49384246272705,61.631047060767784,127.95694405691964,1,1,0.012546010156305076,0.0,2.9970867322523795,-0.12445310172770152
2021-06-29,133.29108030597018,131.20123622200433,131.64068656233414,133.13482666015625,64556100.0,128.0310790529584,63.99470614808023,128.59868458339147,1,1,0.011500334514926713,0.011500334514926713,3.0315542322435305,-0.11438401951406352
2021-06-30,134.18949604999602,132.68558101434905,132.97855283049014,133.7500457763672,63261400.0,128.5757425504259,64.91928389620628,129.35552106584822,1,1,0.004621023151075043,0.004621023151075043,3.0455631145344673,-0.11029156756527603
2021-07-01,134.11137153536558,132.5781607819675,133.39848486144226,134.0527801513672,52485800.0,129.09736517908698,65.37976875231172,130.0474853515625,1,1,0.002263433804771786,0.002263433804771786,3.0524565450424705,-0.10827777142291284
2021-07-02,136.71878923106325,134.521522975564,134.66800143213112,136.6797332763672,78852600.0,129.81949547406603,69.08627870186513,130.70875658307756,1,1,0.019596409131043435,0.019596409131043435,3.112273732353854,-0.0908032178004704
2021-07-06,139.79495784960233,136.78715756035768,136.78715756035768,138.6914520263672,108181800.0,130.66444371714232,71.54226985293867,131.57231630597795,1,1,0.014718486067954784,0.014718486067954784,3.158081689923166,-0.0774212176286373
2021-07-07,141.4941940308165,139.31646299700128,140.17582819219206,141.18170166015625,104911600.0,131.66608733076268,74.21187645963049,132.57817895071847,1,1,0.01795532166838676,0.01795532166838676,3.214786062520779,-0.06085601882673086
2021-07-08,140.6836320091057,137.37308477373998,138.26176048175577,139.8828582763672,105575500.0,132.44863694462978,70.5769136607794,133.3768675667899,0,0,-0.009199799751072213,-0.009199799751072213,3.18521067450305,-0.06949595539094966
2021-07-09,142.2363828285555,139.30669407903906,139.4043563311566,141.70904541015625,99890800.0,133.33058060801326,72.56568804367866,134.39876992361886,1,1,0.013055117376719938,0.0,3.18521067450305,-0.06949595539094966
2021-07-12,142.89069395646402,140.62506082396192,142.78327143895456,141.11334228515625,76299700.0,134.0717960058364,70.91970555946276,135.24977329799108,0,0,-0.004203705721648299,-0.004203705721648299,3.171820986165986,-0.07340752056728961
2021-07-13,144.00394430895057,140.2637073275934,140.65432645258116,142.22659301757812,100827100.0,134.848443340288,72.16185456815126,136.06310817173548,1,1,0.007889053681205072,0.0,3.171820986165986,-0.07340752056728961
2021-07-14,146.06454276359946,144.2188242911646,144.62899388581874,145.6543731689453,127050800.0,135.87757951444584,75.54717855951642,137.14081573486328,1,1,0.024100838518599232,0.024100838518599232,3.2482645315634766,-0.05107586484793347
2021-07-15,146.48447170500634,143.64266937764816,145.74228907945587,145.00009155273438,106820300.0,136.74639018475904,73.74531246764182,138.19201878138952,0,0,-0.004492014911574471,-0.004492014911574471,3.233673278850955,-0.055338446212989445
2021-07-16,146.25005768557594,142.46100368486307,144.98053780920102,142.95904541015625,93251400.0,137.33807163479688,68.38912452714705,139.1183591570173,0,0,-0.014076171405973392,-0.0,3.233673278850955,-0.055338446212989445
2021-07-19,140.69343127095988,138.34967125172668,140.38092397459488,139.11138916015625,121434600.0,137.50695901816442,59.77413898214069,139.65337698800224,0,0,-0.02691439523089212,-0.0,3.233673278850955,-0.055338446212989445
2021-07-20,143.6524171415738,139.6094470898314,140.097728569033,142.72467041015625,96350000.0,138.00388391263985,64.22851044010423,140.33836582728796,1,1,0.025974014577915705,0.0,3.233673278850955,-0.055338446212989445
2021-07-21,142.7051502253578,141.24030578420624,142.11920648842988,141.99224853515625,74993500.0,138.38372816240332,62.74598232270135,140.92709459577287,0,0,-0.005131711797933702,-0.005131711797933702,3.2170789995352123,-0.06018617705361273
2021-07-22,144.7266335326549,142.39264856010647,142.51960651840406,143.3594512939453,77338200.0,138.8576065558835,64.36232153098155,141.59185682024275,1,1,0.009628714052306586,0.0,3.2170789995352123,-0.06018617705361273
2021-07-23,145.2343938540698,143.4765781600693,144.09181737826023,145.07814025878906,71447400.0,139.4500383371126,66.29725241499,142.19174303327287,1,1,0.011988668687910486,0.011988668687910486,3.2556474938034743,-0.04891906050198991
2021-07-26,146.31843249256286,144.23834858516193,144.79499663408214,145.4981231689453,72434100.0,140.02604641633476,66.76145629242062,142.6779338291713,1,1,0.0028948738204603863,0.0028948738204603863,3.2650721825019335,-0.0461658011890983
2021-07-27,145.71293947720633,142.13871611344763,145.62503750180875,143.3301239013672,104818600.0,140.34072046252834,62.112789705831624,142.8313925606864,0,0,-0.014900530813450774,-0.014900530813450774,3.2164208738384223,-0.06037843705940327
2021-07-28,143.5254579196167,139.19927630353345,141.4160783718357,141.58209228515625,118931200.0,140.45894635039767,58.646904018528495,142.95276641845703,0,0,-0.012195842497239817,-0.0,3.2164208738384223,-0.06037843705940327
2021-07-29,143.11526866326435,141.19143892531264,141.29886141985892,142.22659301757812,56699500.0,140.6272936520339,59.52347471685976,142.98973410470145,1,1,0.00455213453918879,0.0,3.2164208738384223,-0.06037843705940327
2021-07-30,142.90043773904355,140.73246710930246,140.99614324026174,142.4414520263672,70440600.0,140.80007064006563,59.822336336635,143.0845990862165,1,1,0.00151068097906637,0.00151068097906637,3.221279859673202,-0.05895896863674832
2021-08-02,143.5058829989097,141.84572942137083,142.92971459337417,142.10940551757812,62880000.0,140.92476919982872,59.11232269634878,143.07622855050224,0,0,-0.0023311087051233192,-0.0023311087051233192,3.2137707061506795,-0.06115263757683742
2021-08-03,144.57036666149511,141.77739614243097,142.3926355441965,143.90631103515625,64786600.0,141.208725565098,61.70164527240308,142.9513669695173,1,1,0.012644522092212007,0.0,3.2137707061506795,-0.06115263757683742
2021-08-04,144.3261990077798,142.85159465298884,143.8183971180824,143.50588989257812,56368300.0,141.4275031200961,60.79850589684534,142.84463827950614,0,0,-0.002782512731358322,-0.002782512731358322,3.2048283482451487,-0.06376499231558208
2021-08-05,144.37510619859907,142.7442473717232,143.53526121398073,143.61338806152344,46397700.0,141.6356826383273,60.959989495659826,142.89137704031808,1,1,0.0007490854140257408,0.0,3.2048283482451487,-0.06376499231558208
2021-08-06,143.8773972975789,142.42992307824377,143.13410295218878,142.9287109375,54126800.0,141.75882819062946,59.321663705428364,143.16404288155692,0,0,-0.004767502064153772,-0.004767502064153772,3.1895493224796314,-0.06822849464725056
2021-08-09,143.47640294108896,142.3223394909196,142.9873899692901,142.8798065185547,48908700.0,141.86558803138425,59.202036292868385,143.17512403215682,0,0,-0.00034215951871763295,-0.0,3.1895493224796314,-0.06822849464725056
2021-08-10,144.46420892889094,142.10716298252666,143.22211188591413,142.40057373046875,69023100.0,141.91653905034468,57.99564665705298,143.20429011753626,0,0,-0.003354097403706291,-0.0,3.1895493224796314,-0.06822849464725056
2021-08-11,143.4959796880464,142.33212632967644,142.84070404163072,142.65487670898438,48493500.0,141.98685692259608,58.46837451854321,143.15396336146765,1,1,0.0017858283281706466,0.0,3.1895493224796314,-0.06822849464725056
2021-08-12,145.77475859452443,142.63528899224403,142.97760401540364,145.61827087402344,72282600.0,142.33270587035108,63.50627373990032,143.19254411969865,1,1,0.020773171120426426,0.020773171120426426,3.255806376352541,-0.04887264572142058
2021-08-13,146.15620995558572,145.01192130974562,145.69653653501413,145.8236846923828,59375000.0,142.6651800438779,63.82644209296875,143.2157985142299,1,1,0.0014106321763502905,0.0014106321763502905,3.2603991215869903,-0.04753095487166825
2021-08-16,147.8677701385214,143.25148569982673,145.27599198977236,147.79930114746094,103296000.0,143.15414395850485,66.77727624315683,143.53502546037947,1,1,0.013547980626368972,0.013547980626368972,3.304570945720481,-0.0346269227010535
2021-08-17,148.34695848448595,145.81387503403178,146.92882394156504,146.88970947265625,92229700.0,143.50991210270976,64.23768572250415,143.91414097377233,0,0,-0.006154235288955645,-0.006154235288955645,3.2842338385914704,-0.04056805576037448
2021-08-18,147.4080844695857,142.938498348175,146.50830231259667,143.14389038085938,86326000.0,143.47505289110495,55.146335791182985,143.9796622140067,0,0,-0.025500895231154175,-0.0,3.2842338385914704,-0.04056805576037448
2021-08-19,144.74786207926644,141.32477074631083,141.8431233828503,143.47642517089844,86960300.0,143.47518358441863,55.73179558946011,144.0535888671875,1,1,0.002323080567073532,0.0,3.2842338385914704,-0.04056805576037448
2021-08-20,145.23685570513334,143.55464985258175,144.20015057068707,144.9336700439453,60549600.0,143.6140870567545,58.24582798629747,144.2553220476423,1,1,0.010156685123086318,0.010156685123086318,3.3175907675606293,-0.030823407605702013
2021-08-23,146.8897670318289,144.64030363910405,145.05107287931523,146.42031860351562,60131800.0,143.8813472040651,60.64588358383365,144.43489401681083,1,1,0.010257440932252226,0.010257440932252226,3.3516207588962676,-0.020882135956296066
2021-08-24,147.54500248159704,145.8725714606484,146.1659822444016,146.33224487304688,48606400.0,144.11476602968241,60.42927121337957,144.63677651541573,0,0,-0.000601513036638357,-0.000601513036638357,3.3496047153159236,-0.02147108811592391
2021-08-25,147.0168826886461,144.5522528692755,146.51807985316438,145.09994506835938,58991300.0,144.2085926047945,57.409248749270496,144.74295915876115,0,0,-0.008421245814663747,-0.0,3.3496047153159236,-0.02147108811592391
2021-08-26,145.84324134015625,144.26861878609316,145.09017201862116,144.29795837402344,48597200.0,144.21710363043536,55.50881831425902,144.84076254708427,0,0,-0.005527132997590778,-0.0,3.3496047153159236,-0.02147108811592391
2021-08-27,145.48136895257556,143.60356080464544,144.23927174159581,145.3346710205078,55802400.0,144.3235386199661,57.42650243330177,145.01611001150948,1,1,0.007184527474721314,0.0,3.3496047153159236,-0.02147108811592391
2021-08-30,150.11720505871097,145.34443375463215,145.72586326960624,149.7553253173828,90956700.0,144.8408516387677,64.32789085716749,145.54144941057478,1,1,0.030417066112539803,0.030417066112539803,3.4514898633925633,0.0
2021-08-31,149.44236923362013,147.96554048732443,149.3054461965621,148.49368286132812,86453100.0,145.18874032663058,61.340640752275725,145.95850699288505,0,0,-0.008424691765590575,-0.008424691765590575,3.422412125161421,-0.008424691765590464
2021-09-01,151.57446255268852,148.99247455645138,149.4717126602179,149.1587371826172,80313700.0,145.56683526529596,62.31176607514795,146.2113974434989,1,1,0.004478670799148654,0.0,3.422412125161421,-0.008424691765590464
2021-09-02,151.32019193818465,149.05116433458483,150.48886382470346,150.27369689941406,71115500.0,146.01510780187863,63.911571092956244,146.52925545828683,1,1,0.0074749876397237625,0.0074749876397237625,3.447994613495043,-0.0010126785926830584
2021-09-03,151.23218950970838,149.7260208700016,150.38129660470707,150.90943908691406,57808700.0,146.4812345909296,64.80817636904538,146.75140816824776,1,1,0.004230561972036417,0.004230561972036417,3.462581568386682,0.0
2021-09-07,153.80440017652478,150.9974696606434,151.56472666714657,153.24693298339844,82278300.0,147.12558681878377,67.89525951371024,147.2054955618722,1,1,0.015489381649202993,0.015489381649202993,3.516214815790919,0.0
2021-09-08,153.58921285674052,150.59645536526742,153.53053367824012,151.70162963867188,74420200.0,147.5614004206779,63.989081050858296,147.81676265171595,0,0,-0.01008374728709227,-0.01008374728709227,3.4807581941813535,-0.010083747287092382
2021-09-09,152.6796143882617,150.5670749934843,152.07324314334025,150.6844482421875,57305700.0,147.85883354653595,61.53604860357469,148.33162144252233,0,0,-0.006705144822156006,-0.0,3.4807581941813535,-0.010083747287092382
2021-09-10,152.0634770377577,145.4324620067416,151.59402874023678,145.696533203125,140893200.0,147.6529001804968,51.37094112070667,148.38611166817802,0,0,-0.03310172414770818,-0.0,3.4807581941813535,-0.010083747287092382
2021-09-13,148.09268237347644,145.48135496921765,147.32004846636258,146.26377868652344,102404300.0,147.52060289535646,52.31392089612986,148.37493024553572,0,0,0.0038933354893737615,0.0,3.4807581941813535,-0.010083747287092382
2021-09-14,147.75036132130518,143.6817705066142,147.0461815678591,144.86517333984375,109296300.0,147.26770484245048,49.80723741043993,148.27013942173548,0,0,-0.009562212594529051,-0.0,3.4807581941813535,-0.010083747287092382
2021-09-15,146.1562127610325,143.15366567640987,145.29554507646444,145.75521850585938,83281300.0,147.12365852467988,51.3682116120681,148.3169446672712,0,0,0.0061439554138222885,0.0,3.4807581941813535,-0.010083747287092382
2021-09-16,145.69652972947753,143.98498428450677,145.1781771600229,145.52047729492188,68034100.0,146.97097459803626,50.9284987296258,148.40426744733537,0,0,-0.0016105166823104922,-0.0,3.4807581941813535,-0.010083747287092382
2021-09-17,145.54984051172312,142.55706833315722,145.54984051172312,142.85047912597656,129868800.0,146.5785464578401,46.19415497644601,148.22682516915458,0,0,-0.018347920640296667,-0.0,3.4807581941813535,-0.010083747287092382
2021-09-20,141.65731614069242,138.16577024578245,140.64017542374413,139.799072265625,123478900.0,145.9328822490577,41.547798946880874,147.51566423688615,0,0,-0.021360844422933956,-0.0,3.4807581941813535,-0.010083747287092382
2021-09-21,141.42257819093177,139.64256354879453,140.76728757977574,140.2782745361328,75834000.0,145.3943481811601,42.5038029732247,146.92884935651506,0,0,0.0034277929226691484,0.0,3.4807581941813535,-0.010083747287092382
2021-09-22,143.2123684025319,140.5423610718935,141.27588071728283,142.64512634277344,76404300.0,145.13251752988518,47.00972449758952,146.46359143938338,0,0,0.016872547188559572,0.0,3.4807581941813535,-0.010083747287092382
2021-09-23,143.84808318959392,142.43972319227385,143.42752419874412,143.60357666015625,64838200.0,144.98690411372053,48.722674941086325,145.9871542794364,0,0,0.006719124178695468,0.0,3.4807581941813535,-0.010083747287092382
2021-09-24,144.22949136628228,142.36145817706782,142.45926674371992,143.6915740966797,53477900.0,144.86353935019284,48.882371709119006,145.47159249441964,0,0,0.0006127802563837825,0.0,3.4807581941813535,-0.010083747287092382
2021-09-27,142.75270596031078,140.65973055901063,142.27346776582567,142.1756591796875,74150700.0,144.60755076252565,46.26933663720594,144.680787222726,0,0,-0.01054978293975839,-0.0,3.4807581941813535,-0.010083747287092382
2021-09-28,141.5692619814985,138.57650484135823,140.10222299723426,138.7916717529297,108972300.0,144.0536575235165,41.106020537756265,143.75864737374442,0,0,-0.023801454104608655,-0.0,3.4807581941813535,-0.010083747287092382
2021-09-29,141.2758801966286,138.90905860704783,139.3393925185162,139.6914825439453,74602000.0,143.63821228736688,42.88982713680529,142.97343553815568,0,0,0.006483175680868092,0.0,3.4807581941813535,-0.010083747287092382
2021-09-30,141.20739026450596,138.17550387527373,140.50321039247126,138.3906707763672,89056700.0,143.13844642917644,41.00009028086506,142.4515882219587,0,0,-0.00931203351764065,-0.0,3.4807581941813535,-0.010083747287092382
2021-10-01,139.77949787918857,136.05322057381363,138.7819070111095,139.5154266357422,94639600.0,142.79339692503984,43.27488707992735,141.96956307547433,0,0,0.008127396543893939,0.0,3.4807581941813535,-0.010083747287092382
2021-10-04,139.08509731906585,135.23167212302508,138.6449736382081,136.08255004882812,98322000.0,142.1542686511149,38.50522855086193,141.34223284040178,0,0,-0.024605713287010778,-0.0,3.4807581941813535,-0.010083747287092382
2021-10-05,139.11443634160335,136.29771642835235,136.42486459550415,138.00926208496094,80861100.0,141.759506121005,42.26470808646165,140.78895023890905,0,0,0.014158406316177041,0.0,3.4807581941813535,-0.010083747287092382
2021-10-06,139.02639764577518,135.32946035449564,136.4052949835953,138.87969970703125,83221100.0,141.48523884348367,43.89581354360666,140.31460898263114,0,0,0.006307095689957798,0.0,3.4807581941813535,-0.010083747287092382
2021-10-07,141.0509141240026,139.5838750906148,139.91640035654444,140.14134216308594,61732700.0,141.3572486834458,46.21418726913572,140.1210991995675,0,0,0.009084426728428463,0.0,3.4807581941813535,-0.010083747287092382
2021-10-08,141.01177498221017,139.42737771114903,140.86507705840515,139.75990295410156,58773200.0,141.20512051874633,45.61432047902253,140.11830139160156,0,0,-0.0027218178668538817,-0.0,3.4807581941813535,-0.010083747287092382
2021-10-11,141.62794225299882,138.69386426168418,139.14376278668908,139.67189025878906,64452200.0,141.05909858922658,45.47096639623183,140.07498822893416,0,0,-0.0006297421037949613,-0.0,3.4807581941813535,-0.010083747287092382
2021-10-12,140.10222224522562,137.94077825367475,140.0826575469626,138.40045166015625,73035900.0,140.8058941197913,43.397030468214574,139.77179718017578,0,0,-0.00910303853035166,-0.0,3.4807581941813535,-0.010083747287092382
2021-10-13,138.29289821199288,136.14124356444967,138.1364253624136,137.8136749267578,78762700.0,140.52092086331191,42.45631701204631,139.35823277064733,0,0,-0.004239702445764215,-0.0,3.4807581941813535,-0.010083747287092382
2021-10-14,140.7183711807061,138.40043965116223,138.9872611601966,140.6009979248047,69907100.0,140.52854725012074,48.08352945258267,139.1374773297991,1,1,0.020225300569977733,0.0,3.4807581941813535,-0.010083747287092382
2021-10-15,141.7159515069994,140.35649605913446,140.6107923523626,141.6572723388672,67940300.0,140.6360448776204,50.0326894402731,139.10044969831193,1,1,0.007512566977849078,0.007512566977849078,3.506907623248838,-0.002646935136125239
2021-10-18,143.61333288501362,140.0142044027078,140.2978253736589,143.3297119140625,85589200.0,140.8925845953768,52.97520844916677,139.42459542410714,1,1,0.011806238730861285,0.011806238730861285,3.548311011855991,0.0
2021-10-19,145.89215946553824,143.32973571996214,143.77961939322623,145.4911651611328,76378900.0,141.33054464925831,56.46309729980953,139.83885846819197,1,1,0.015080287389165115,0.015080287389165115,3.6018205616609182,0.0
2021-10-20,146.45941702243417,144.86522961087866,145.43248657280327,145.9801788330078,58418800.0,141.77336695247254,57.21878169755898,140.38096618652344,1,1,0.003361122796242677,0.003361122796242677,3.613926722858692,0.0
2021-10-21,146.35178495602463,144.62067505418665,145.54002172435474,146.19529724121094,61421000.0,142.19450317044763,57.55989008272115,140.85809980119978,1,1,0.0014736138147166677,0.0014736138147166677,3.6192522552028703,0.0
2021-10-22,146.87993285856993,145.3737794326728,146.40070968480316,145.4226837158203,58883400.0,142.5019489366736,55.87557861118742,141.52525220598494,0,0,-0.005284804230849316,-0.005284804230849316,3.600125215572063,-0.005284804230849316
2021-10-25,146.08774940871533,144.3762037849461,145.41290903215594,145.37379455566406,50720600.0,142.77545804324413,55.76688462925163,142.05129023960657,0,0,-0.00033618661756917856,-0.0,3.600125215572063,-0.005284804230849316
2021-10-26,147.5254684740955,145.73567873669694,146.04865428407604,146.03887939453125,60893400.0,143.08626007670006,56.96566447568007,142.56266021728516,1,1,0.004574998134292629,0.0,3.600125215572063,-0.005284804230849316
2021-10-27,146.4398152500375,145.22707267329858,146.07795043904167,145.57916259765625,56094900.0,143.32367936441017,55.864088785799865,142.9510759626116,0,0,-0.0031479069052088304,-0.0031479069052088304,3.5887923565463473,-0.008416075064327289
2021-10-28,149.80425972363017,146.43007257824578,146.5278811601097,149.2174530029297,100077900.0,143.88499113950726,61.987713331270534,143.6266152518136,1,1,0.02499183496012236,0.0,3.5887923565463473,-0.008416075064327289
2021-10-29,146.64523910016035,143.1928080838573,143.9850068548087,146.50831604003906,124953200.0,144.1348316062246,55.907781469409876,144.11493137904577,0,0,-0.01815563064755865,-0.01815563064755865,3.52363556805011,-0.02641890656151591
2021-11-01,146.4104973070888,144.55225377378474,145.71610716586716,145.686767578125,74588300.0,144.28263503211988,54.2104952278515,144.63538251604353,0,0,-0.005607521020783213,-0.0,3.52363556805011,-0.02641890656151591
2021-11-02,148.23940825327995,145.38355919540496,145.39334900645795,146.7234649658203,69122000.0,144.51509502580564,55.9853990026927,145.27179609026228,1,1,0.007115933759319404,0.0,3.52363556805011,-0.02641890656151591
2021-11-03,148.63062693615777,146.52787680010098,147.08534391435344,148.1611785888672,54511500.0,144.86234107943056,58.342606109207594,145.81180899483817,1,1,0.009798798190744806,0.009798798190744806,3.5581629618791637,-0.016878981904587476
2021-11-04,149.08049145321388,147.32983153314007,148.24917833275668,147.64280700683594,60394600.0,145.12714735823107,57.18037324957026,146.23934718540735,0,0,-0.0034987004488515883,-0.0034987004488515883,3.54571401552735,-0.020318627851873328
2021-11-05,149.07283317887465,146.97680309732056,148.76920495768735,148.17173767089844,65463900.0,145.4171083403899,58.077367838347904,146.5852061680385,1,1,0.003582502085848427,0.0,3.54571401552735,-0.020318627851873328
2021-11-08,148.45578635175377,147.07475321655346,148.29907019202702,147.3489990234375,55020900.0,145.60109792925155,56.15140835338529,146.71790858677454,0,0,-0.0055526017335931765,-0.0055526017335931765,3.526026077737907,-0.025758408337231975
2021-11-09,148.31862107112684,146.9767746966739,147.1138975747547,147.71136474609375,56787900.0,145.80207572133176,56.81535198832803,146.84156472342355,1,1,0.0024592343691360874,0.0,3.526026077737907,-0.025758408337231975
2021-11-10,147.04532029086099,144.8121680903653,146.93757983621995,144.88072204589844,65187100.0,145.71432775224287,50.5247259518509,146.74766649518693,0,0,-0.01916333726291819,-0.01916333726291819,3.458455650812371,-0.044428128533827826
2021-11-11,146.35970136863273,144.64565807110787,145.89937206123298,144.83175659179688,41000000.0,145.6302733560099,50.42306865284676,146.70545741489954,0,0,-0.0003379708039145113,-0.0,3.458455650812371,-0.044428128533827826
2021-11-12,147.30981351364665,144.44981083290466,145.38028875154347,146.9082489013672,63804000.0,145.7519853127106,54.50887874240585,146.81506129673548,1,1,0.014337272145520163,0.0,3.458455650812371,-0.044428128533827826
2021-11-15,148.7593917575851,146.3597188974358,147.28040751304476,146.9180145263672,59222800.0,145.8630357140112,54.527430887724954,146.8778566632952,1,1,6.647431354633859e-05,6.647431354633859e-05,3.458685549277689,-0.0443646075496279
2021-11-16,148.3773984758072,146.27156473370576,146.85924274203003,147.8974609375,59256200.0,146.0567904972006,56.404441683948946,147.04344940185547,1,1,0.006666618891429721,0.006666618891429721,3.4817432877000187,-0.03799375058899945
2021-11-17,151.81530374274254,147.88770029718108,147.89748945260723,150.33633422851562,88807000.0,146.46436609065918,60.66070780043491,147.12336948939733,1,1,0.01649029858630402,0.01649029858630402,3.539158274115052,-0.02212998029432156
2021-11-18,155.40987800940817,149.90535437132496,150.55179723889825,154.62631225585938,137827700.0,147.24169429686873,66.68338544925663,147.70322636195593,1,1,0.028535869584413787,0.028535869584413787,3.640151233063798,0.0
2021-11-19,157.71158022509883,153.3138293695712,154.41081232255357,157.25123596191406,117305600.0,148.194983979254,69.67372282683448,148.52925981794084,1,1,0.01697591870205928,0.01697591870205928,3.7019461444594897,0.0
2021-11-22,162.29544415495414,157.69201563177705,158.35803684704905,157.71160888671875,117467900.0,149.10132920853636,70.16804548432208,149.31412724086218,1,1,0.002927626749567702,0.002927626749567702,3.7127840610174685,0.0
2021-11-23,158.47555309859132,155.79184557181551,157.80951705712113,158.09356689453125,96041900.0,149.95773279767872,70.58675858047059,150.0235835484096,1,1,0.0024218763000944943,0.0024218763000944943,3.7217759647422155,0.0
2021-11-24,158.80860440364947,156.35997042990053,157.44716451205608,158.6127166748047,69463600.0,150.7820169764526,71.16578243643103,150.80714852469308,1,1,0.003283813443337502,0.003283813443337502,3.7339975826883265,0.0
2021-11-26,157.15329885394945,153.14733793761846,156.2913900038225,153.5880889892578,76959800.0,151.04926193005312,59.27722771720695,151.19403076171875,0,0,-0.03167859293305342,-0.03167859293305342,3.6157097932533375,-0.03167859293305342
2021-11-29,157.8780943084946,155.52739720558188,156.09548196515397,156.94761657714844,88748200.0,151.61100999168124,63.56142919526697,151.87964630126953,1,1,0.02187362060430087,0.0,3.6157097932533375,-0.03167859293305342
2021-11-30,162.11915223655976,156.63420649835714,156.70277541909022,161.90367126464844,174048100.0,152.59126344624954,68.6783779591158,152.8933824811663,1,1,0.03157776330463635,0.03157776330463635,3.729885821282947,-0.0011011687378810198
2021-12-01,166.8009284808444,161.1494777894876,164.03886252915143,161.38455200195312,152052500.0,153.4287194991737,67.63123850479988,154.07222747802734,0,0,-0.00320634645675677,-0.00320634645675677,3.717926515095769,-0.004303984466156763
2021-12-02,160.82627140546424,154.55777460571244,155.47846334245494,160.3953094482422,136739200.0,154.09220425622786,65.62417824323629,155.1839098249163,0,0,-0.006129722711619712,-0.0,3.717926515095769,-0.004303984466156763
2021-12-03,161.57062931064843,156.43828843610964,160.64994078112508,158.5147247314453,118023100.0,154.51339668243907,61.94551968650625,156.012943812779,0,0,-0.01172468648407532,-0.0,3.717926515095769,-0.004303984466156763
2021-12-06,164.43066217672398,160.90462351682206,160.91441267175034,161.9232635498047,107497000.0,155.21909828885484,65.62219655212253,157.08474731445312,1,1,0.02150297913417254,0.0,3.717926515095769,-0.004303984466156763
2021-12-07,168.05460157243954,164.88116745170595,165.60596828506618,167.66281127929688,120405400.0,156.4042138117541,70.64866883060301,158.4965580531529,1,1,0.035446097142964206,0.035446097142964206,3.849712499520256,0.0
2021-12-08,172.3446356103418,167.19270089919112,168.59332710400926,171.4827117919922,116998900.0,157.84026123844345,73.37583692418914,160.00701359340124,1,1,0.02278323072092614,0.02278323072092614,3.9374213876060593,0.0
2021-12-09,173.11839407886248,170.3465390733042,171.31620335113058,170.973388671875,108923700.0,159.09103527972263,72.43128029569685,161.17466190883093,0,0,-0.00297011351637011,-0.00297011351637011,3.925726799123086,-0.00297011351637011
2021-12-10,175.93920304428585,171.1007012965135,171.6100212029294,175.7628936767578,115402700.0,160.6788313175355,75.54714212598255,162.49692317417689,1,1,0.028013160656683356,0.0,3.925726799123086,-0.00297011351637011
2021-12-13,178.38785718223016,171.9234585953343,177.39859965742585,172.129150390625,153237000.0,161.76933789592496,69.29269333416609,163.52674756731307,0,0,-0.020674120743685354,-0.020674120743685354,3.844565849271294,-0.02358282977459547
2021-12-14,174.08806304841983,168.67168661995763,171.64921855709608,170.7481231689453,139380400.0,162.62446030287927,67.0712670646082,164.43064444405692,0,0,-0.008023203615108887,-0.0,3.844565849271294,-0.02358282977459547
2021-12-15,175.81188500506997,168.76961267963995,171.5120851840939,175.61599731445312,131063300.0,163.86174954207678,70.57170987825742,165.6451644897461,1,1,0.028509093131825036,0.0,3.844565849271294,-0.02358282977459547
2021-12-16,177.4181772656769,167.2416576691539,175.5963934569458,168.7206268310547,150185800.0,164.32449976007467,60.91619582859384,166.72606004987443,0,0,-0.03926390869193874,-0.03926390869193874,3.69361316680536,-0.06192078439156701
2021-12-17,169.90578548213614,166.20345276063674,166.43851201579665,167.6236572265625,195432700.0,164.6387052330735,59.55176113775442,167.48863438197546,0,0,-0.006501692324736408,-0.0,3.69361316680536,-0.06192078439156701
2021-12-20,167.07515510943043,164.01926542394992,164.82240940360504,166.26220703125,107499100.0,164.79332445194746,57.85870163511859,167.79995836530412,0,0,-0.008122064736198586,-0.0,3.69361316680536,-0.06192078439156701
2021-12-21,169.6413305368034,165.64515876193008,168.03502751462352,169.43565368652344,91185900.0,165.2354510457166,60.606636972368165,168.37503705705916,1,1,0.019086999456689346,0.0,3.69361316680536,-0.06192078439156701
2021-12-22,172.2467157351397,168.6129361968646,169.48464932856695,172.03123474121094,92135300.0,165.88266854052557,62.70065122908132,169.20617457798548,1,1,0.015318978020349983,0.015318978020349983,3.7501955457233263,-0.047550369506314305
2021-12-23,173.2163614776015,171.66882311821325,172.23690795484498,172.65806579589844,68356600.0,166.5279444696087,63.19795395942129,170.21641322544642,1,1,0.003643704909927825,0.003643704909927825,3.7638601516464676,-0.04407992411122563
2021-12-27,176.71297937182496,173.4318194724349,173.4513977796986,176.6248321533203,74919600.0,167.48955282043838,66.19988228540015,171.2665252685547,1,1,0.022974694747889934,0.022974694747889934,3.850333689704292,-0.022117952164301236
2021-12-28,177.60430999681327,174.86183712980394,176.45835116267244,175.60621643066406,79144300.0,168.26256840236462,64.77176384457107,171.8339113507952,0,0,-0.00576711502135796,-0.00576711502135796,3.828128372445158,-0.02775751041149077
2021-12-29,176.91865254996387,174.47980847763824,175.6453602839472,175.6943359375,62348900.0,168.97035578666322,64.84083292361642,172.1347416469029,1,1,0.0005018017506841499,0.0,3.828128372445158,-0.02775751041149077
2021-12-30,176.85993507638065,174.4308795065752,175.7825301909609,174.5386199951172,59773000.0,169.50066666365882,63.13200707926502,172.38940102713448,0,0,-0.006577992034950575,-0.006577992034950575,3.8029469745024453,-0.0341529137640445
2021-12-31,175.5474359178977,173.61791144491113,174.43085959378186,173.9215545654297,64062300.0,169.92170360668462,62.21056117395552,172.25787680489677,0,0,-0.0035354091243804397,-0.0,3.8029469745024453,-0.0341529137640445
2022-01-03,179.12242874444533,174.0586568508519,174.1761864672901,178.27029418945312,104487900.0,170.71680747171018,65.90247601922425,172.69652993338448,1,1,0.025004029172171593,0.0,3.8029469745024453,-0.0341529137640445
2022-01-04,179.18120100693088,175.43968197842852,178.87757285498617,176.0077667236328,99310400.0,171.22070835284566,62.555492824433614,173.07221875871932,0,0,-0.012691556246695046,-0.012691556246695046,3.754681659072349,-0.046411016384714565
2022-01-05,176.46815060812955,171.0517734789437,175.91965899179817,171.32601928710938,94537600.0,171.2307379656327,56.32472722788906,172.7657917567662,0,0,-0.026599663887984626,-0.0,3.754681659072349,-0.046411016384714565
2022-01-06,171.69818743268368,168.1133843303379,169.15160256379613,168.4659881591797,96904000.0,170.96742846025623,52.93431552558546,172.7476032802037,0,0,-0.016693501313054027,-0.0,3.754681659072349,-0.046411016384714565
2022-01-07,170.56203191509988,167.51593093187975,169.33771503993543,168.63250732421875,86709100.0,170.74505501872886,53.10730845844534,172.81966400146484,0,0,0.0009884438209670776,0.0,3.754681659072349,-0.046411016384714565
2022-01-10,168.95572780142643,164.7146923768041,165.60599864366586,168.652099609375,106765600.0,170.54572593212373,53.12864523221014,172.99037061418807,0,0,0.00011618332353080518,0.0,3.754681659072349,-0.046411016384714565
2022-01-11,171.58064816981238,167.31024547595837,168.77942565072325,171.4827117919922,76138300.0,170.63496268068263,56.16214888201619,173.13658905029297,1,1,0.016783735210965878,0.0,3.754681659072349,-0.046411016384714565
2022-01-12,173.53961572823698,171.22811912611297,172.50139709974974,171.92352294921875,74805200.0,170.7576827062575,56.62235416019899,173.12889535086495,1,1,0.0025705865776211034,0.0025705865776211034,3.7643333933484002,-0.04395973334286585
2022-01-13,172.9910714162829,168.26030924441002,172.16833406776786,168.652099609375,84505800.0,170.55715098274487,52.330748139717244,172.84275490897042,0,0,-0.01902836379644246,-0.01902836379644246,3.6927042880886702,-0.06215161534086555
2022-01-14,170.20942643626557,167.57469415475944,167.8195575274604,169.51402282714844,80440800.0,170.45780544411664,53.312143688933304,172.334839957101,0,0,0.005110658093019804,0.0,3.6927042880886702,-0.06215161534086555
2022-01-18,168.99489595879072,165.9292167455851,167.9860600754121,166.3112030029297,90956700.0,170.06289092590836,49.33898185951902,171.67091042654855,0,0,-0.01889412905671306,-0.0,3.6927042880886702,-0.06215161534086555
2022-01-19,167.56488423888524,162.53049451772475,166.5070728064469,162.8145294189453,94815000.0,169.37257078238807,45.44664089769158,170.75092424665178,0,0,-0.021024882995541616,-0.0,3.6927042880886702,-0.06215161534086555
2022-01-20,166.19363965286126,160.8066461501134,163.54911855874857,161.12986755371094,91420500.0,168.58755142727597,43.69832645470493,169.79315621512276,0,0,-0.010347122405147902,-0.0,3.6927042880886702,-0.06215161534086555
2022-01-21,162.91249968467412,158.965303342259,161.04173994454513,159.0730438232422,122848900.0,167.68140784593942,41.63966150238463,168.7325483049665,0,0,-0.012765006027098735,-0.0,3.6927042880886702,-0.06215161534086555
2022-01-24,158.9652761385697,151.521424960607,156.7321237742352,158.2992401123047,162294600.0,166.7878680617837,40.87703760645352,167.30604444231307,0,0,-0.00486445529889612,-0.0,3.6927042880886702,-0.06215161534086555
2022-01-25,159.41585293852967,153.79379917867107,155.7135197495045,156.49708557128906,115798400.0,165.80779353887945,39.12054729791852,165.9124243600028,0,0,-0.01138448005017012,-0.0,3.6927042880886702,-0.06215161534086555
2022-01-26,161.01236411791442,154.5773622405594,160.14065107987773,156.408935546875,108275300.0,164.9126642063076,39.034186176393,164.8469183785575,0,0,-0.0005632694314546827,-0.0,3.6927042880886702,-0.06215161534086555
2022-01-27,160.47364799025604,155.02788925620197,159.11220830674253,155.94857788085938,121954600.0,164.05894169912204,38.566161124195155,163.95281764439173,0,0,-0.0029432951794347018,-0.0,3.6927042880886702,-0.06215161534086555
2022-01-28,166.8499002604039,159.4550237648548,162.30523687541563,166.83030700683594,179935700.0,164.32288125223766,52.68256540968837,163.82408905029297,1,1,0.06977767462740125,0.0,3.6927042880886702,-0.06215161534086555
2022-01-31,171.4043389682656,166.02713461119168,166.6637882659515,171.18885803222656,115541600.0,164.97678380271282,56.861820367648804,164.00528608049666,1,1,0.026125654886027583,0.026125654886027583,3.789178605915429,-0.037649712107842626
2022-02-01,171.2476089382928,168.7695933203212,170.43466091747592,171.0223388671875,86213900.0,165.5525509517104,56.660560571960346,163.97240230015345,0,0,-0.0009727219805842902,-0.0009727219805842902,3.7854927885970953,-0.038585811385896895
2022-02-02,172.2662372794384,169.76862857701605,171.15945035730246,172.22705078125,84914300.0,166.18821760214274,57.79809283147786,163.99408285958427,1,1,0.007044178684739277,0.0,3.7854927885970953,-0.038585811385896895
2022-02-03,172.61888970067017,168.5835311300311,170.8950419808838,169.34750366210938,89418100.0,166.48910198880623,54.21763641365283,164.04375457763672,0,0,-0.016719482253679252,-0.016719482253679252,3.7222013090967154,-0.054660158850865836
2022-02-04,170.74010088602927,167.3860892995176,168.3667905913057,169.06309509277344,82465400.0,166.73424418918407,53.870682139968984,164.0115454537528,0,0,-0.0016794376249171794,-0.0,3.7222013090967154,-0.054660158850865836
2022-02-07,170.5929825465771,167.65087874308003,169.52402175607514,168.34718322753906,77251200.0,166.88785743093217,52.9724776448227,164.15697261265345,0,0,-0.00423458392762488,-0.0,3.7222013090967154,-0.054660158850865836
2022-02-08,171.96602368620168,168.12166042130366,168.4158738807207,171.4560546875,74829200.0,167.3229238363196,56.302869020190386,164.77422441755022,1,1,0.018467023922574155,0.0,3.7222013090967154,-0.054660158850865836
2022-02-09,173.24090650856255,171.52467895767091,172.65249461256113,172.8780517578125,71285000.0,167.85198363836653,57.74368054003168,165.6133804321289,1,1,0.00829365327986964,0.00829365327986964,3.7530719561922403,-0.04681983797672795
2022-02-10,172.09345086021537,168.23930213729957,170.77931477893978,168.7982940673828,90865900.0,167.94210844113,52.5143695802703,166.30804116385323,0,0,-0.023599049439457342,-0.023599049439457342,3.664503025548219,-0.06931398374502507
2022-02-11,169.73981504022757,164.79707116938303,169.00428892552117,165.385498046875,98670700.0,167.69862173691524,48.63599156033809,166.81420244489397,0,0,-0.020218190233281974,-0.0,3.664503025548219,-0.06931398374502507
2022-02-14,166.30732224292808,163.34560023389338,164.13996586391173,165.62083435058594,86185500.0,167.5007372239315,48.90987384791519,167.46589878627233,0,0,0.0014229561025007609,0.0,3.664503025548219,-0.06931398374502507
2022-02-15,169.61229911156767,166.96440840288716,167.67051458711066,169.45538330078125,62527400.0,167.6868939931553,53.19080247050071,168.39778791155135,1,1,0.023152575974097145,0.0,3.664503025548219,-0.06931398374502507
2022-02-16,169.99476394129306,166.7682631690513,168.53352854543166,169.2200164794922,61177400.0,167.83290565852073,52.904384653929554,169.3457478114537,0,0,-0.001388960425478425,-0.001388960425478425,3.6594131758666864,-0.0706066697901494
2022-02-17,168.5923579851135,165.2187432406735,167.72933608370406,165.62083435058594,69589300.0,167.62223220062216,48.68460195475999,169.25935690743583,0,0,-0.021269245824369953,-0.0,3.6594131758666864,-0.0706066697901494
2022-02-18,167.24881311236203,162.9827709259436,166.54272185911768,164.07135009765625,82772700.0,167.28405295272066,46.98624529182076,168.75096348353796,0,0,-0.009355611925307317,-0.0,3.6594131758666864,-0.0706066697901494
2022-02-22,163.4731068473456,159.02071443579257,161.79610099125685,161.1488494873047,91162800.0,166.69974786077628,43.94277810295154,168.04571424211775,0,0,-0.01781237619250453,-0.0,3.6594131758666864,-0.0706066697901494
2022-02-23,162.94351625967545,156.6670338772365,162.34528786351217,156.98086547851562,90009200.0,165.7741400148467,40.04845911871594,166.95670100620814,0,0,-0.02586418719121797,-0.0,3.6594131758666864,-0.0706066697901494
2022-02-24,159.70721245821238,149.06659738297807,149.63540593186767,159.59933471679688,141147500.0,165.18606331979436,43.36746369150126,166.2604032244001,0,0,0.01668018092714374,0.0,3.6594131758666864,-0.0706066697901494
2022-02-25,161.9334187541049,157.76543758855004,160.67812209433018,161.66864013671875,91974200.0,164.8510706356919,45.860756024062866,165.7322278703962,0,0,0.012965626852980083,0.0,3.6594131758666864,-0.0706066697901494
2022-02-28,162.22760877136363,159.2953064697166,159.91315308309024,161.9333953857422,95056600.0,164.57319680236338,46.17987181551511,165.27410016741072,0,0,0.001637641343426477,0.0,3.6594131758666864,-0.0706066697901494
2022-03-01,163.38485445669167,158.84420231864755,161.5215128724912,160.0504608154297,83474400.0,164.14246004170303,44.22821881690217,164.45941489083427,0,0,-0.011627833565937107,-0.0,3.6594131758666864,-0.0706066697901494
2022-03-02,164.13016029917193,159.8052642347465,161.21747641613547,163.34559631347656,79724800.0,164.06656825806243,48.256502990198385,163.77852521623885,0,0,0.020588103784636047,0.0,3.6594131758666864,-0.0706066697901494
2022-03-03,165.65025991761865,162.35510295615475,165.21874895199736,163.02197265625,76678400.0,163.96708296265174,47.898840035527705,163.36593082972936,0,0,-0.001981220580966836,-0.0,3.6594131758666864,-0.0706066697901494
2022-03-04,162.35510045432284,158.9716840195684,161.3155594882437,160.02102661132812,83737200.0,163.5912680720495,44.66735138591876,162.98275429861886,0,0,-0.018408230473628828,-0.0,3.6594131758666864,-0.0706066697901494
2022-03-07,161.8353676274414,155.9707618140112,160.2073995268176,156.2257537841797,96418800.0,162.8897905208238,40.98625581073548,162.31167711530412,0,0,-0.02371733832433598,-0.0,3.6594131758666864,-0.0706066697901494
2022-03-08,159.73662866525098,152.7932618336368,155.75498387793954,154.401611328125,131148300.0,162.08139250247154,39.345753290275816,161.23640768868583,0,0,-0.011676323601386929,-0.0,3.6594131758666864,-0.0706066697901494
2022-03-09,160.2564117997747,156.33360638496927,158.36365040568722,159.80528259277344,91454900.0,161.86462013011933,46.07594950788361,160.56392669677734,0,0,0.0349975056488554,0.0,3.6594131758666864,-0.0706066697901494
2022-03-10,157.29472255769787,152.96982508809484,157.1083868670687,155.4608154296875,105342000.0,161.25473396817344,42.12059842090899,159.8382110595703,0,0,-0.027186004696458044,-0.0,3.6594131758666864,-0.0706066697901494
2022-03-11,156.2061057623046,151.51835462854714,155.86285431301891,151.74391174316406,96970100.0,160.3489413753154,39.09796111202818,158.95767974853516,0,0,-0.023908942431892344,-0.0,3.6594131758666864,-0.0706066697901494
2022-03-14,151.14571212531354,147.20330282439596,148.52724088599334,147.7132568359375,108732100.0,159.14554284775562,36.13774600424879,157.99799455915178,0,0,-0.02656221828555927,-0.0,3.6594131758666864,-0.0706066697901494
2022-03-15,152.5677323353664,147.4778893963599,147.9878433779772,152.09698486328125,92964300.0,158.474251611139,41.2317178098302,157.6491459437779,0,0,0.029677282332300603,0.0,3.6594131758666864,-0.0706066697901494
2022-03-16,156.9122229988077,151.4791438617729,154.01915688013034,156.5101318359375,102300200.0,158.28719258492936,45.81204244230266,157.4284885951451,0,0,0.029015348178158762,0.0,3.6594131758666864,-0.0706066697901494
2022-03-17,157.89290442537197,154.58794593498652,155.549028989307,157.52023315429688,75615400.0,158.21414882963103,46.81082163598196,157.1321738106864,0,0,0.006453903696268082,0.0,3.6594131758666864,-0.0706066697901494
2022-03-18,161.30571922205453,156.67680864683973,157.4123345014059,160.81536865234375,123511700.0,158.46188405084175,49.97690261447884,157.05231475830078,1,1,0.02091880790208811,0.0,3.6594131758666864,-0.0706066697901494
2022-03-21,163.13968181166422,159.8641278042269,160.35447849802293,162.1884002685547,95811400.0,158.81679035729059,51.249701169902174,157.20502471923828,1,1,0.00853793780853862,0.00853793780853862,3.690657017977983,-0.06267156733714707
2022-03-22,166.15037762044645,161.72742107177683,162.3158327498405,165.5619659423828,81532000.0,159.45918803206126,54.25974423535513,157.36333683558874,1,1,0.020800289467323818,0.020800289467323818,3.7674237522765353,-0.04317486461180675
2022-03-23,169.30828329467843,164.41457808924804,164.74802792669965,166.92518615722656,98062700.0,160.1702354725532,55.430290211557434,157.6421377999442,1,1,0.008233897242547528,0.008233897242547528,3.798444332321913,-0.0352964647679338
2022-03-24,170.77931940838405,166.9251705809909,167.75875768604743,170.71067810058594,90131400.0,161.17408715141346,58.53222939309096,158.4056843348912,1,1,0.022677775777909526,0.022677775777909526,3.8845846011951806,-0.013419134303784386
2022-03-25,171.89731959636083,169.4161465488256,170.52434378661113,171.34812927246094,80546200.0,162.14304354389418,59.037565378567116,159.48585401262557,1,1,0.003734102511732784,0.003734102511732784,3.899090038311542,-0.009735140215160643
2022-03-28,172.33863211398676,168.68062052174977,168.84733794398963,172.21115112304688,90371900.0,163.10191093238492,59.7368097578018,160.75796399797713,1,1,0.005036657559380986,0.005036657559380986,3.918728419627711,-0.004747515223335941
2022-03-29,175.55532497081904,172.93685443507036,173.28010585750482,175.5063018798828,100589400.0,164.2832814988133,62.32182425064211,161.8794653756278,1,1,0.019134363456414727,0.019134363456414727,3.993710793495849,0.0
2022-03-30,176.14375060919454,173.28990640459241,175.1042096873483,174.33926391601562,92633200.0,165.24099410997542,60.86499556712897,163.22792598179407,0,0,-0.00664955019487512,-0.00664955019487512,3.9671544131106837,-0.00664955019487512
2022-03-31,174.59424618696573,171.0342957824536,174.40791055107027,171.24024963378906,103049300.0,165.81235177891006,57.131957493511266,164.62052154541016,0,0,-0.01777576784836865,-0.0,3.9671544131106837,-0.00664955019487512
2022-04-01,171.5050671665747,168.62180263029362,170.67146498333403,170.94606018066406,78751300.0,166.3012763886009,56.78394064605956,166.2800074986049,0,0,-0.001717992433170057,-0.0,3.9671544131106837,-0.00664955019487512
2022-04-04,175.04537594723365,171.07353279095375,171.2010287452735,174.996337890625,76468400.0,167.12937748403178,60.28952442101802,167.9156755719866,1,1,0.023693308320065443,0.0,3.9671544131106837,-0.00664955019487512
2022-04-05,174.85902633621265,171.05390090505156,174.07446238611692,171.68154907226562,73401800.0,167.56291763529214,56.35158712009233,168.99934823172433,0,0,-0.018942046778322674,-0.018942046778322674,3.8920083886407117,-0.025465640882351703
2022-04-06,170.2792277074731,166.84677202460657,169.033732455395,168.5139617919922,89058800.0,167.65349326926358,52.87745295269496,169.78461456298828,0,0,-0.018450365210417097,-0.0,3.8920083886407117,-0.025465640882351703
2022-04-07,170.01438898962488,166.57213259059588,167.85684898260146,168.81793212890625,77594700.0,167.76439220827717,53.169096238384675,170.35622623988561,1,1,0.0018038287966268829,0.0,3.8920083886407117,-0.025465640882351703
2022-04-08,168.4648674430598,165.93465630346196,168.4648674430598,166.80747985839844,76575500.0,167.6732576987649,50.972752702272324,170.68616049630302,0,0,-0.011908997137654032,-0.011908997137654032,3.845658471880664,-0.03707136777562936
2022-04-11,165.76795361235142,162.3060789266503,165.45413695115786,162.55125427246094,72246700.0,167.18544784864073,46.67598613787197,170.47110966273718,0,0,-0.02551579575178864,-0.0,3.845658471880664,-0.03707136777562936
2022-04-12,166.5916879340358,163.42402763064175,164.77739991175795,164.42434692382812,79265200.0,166.92248585580143,48.680002732532316,170.29247828892298,0,0,0.011523089500297568,0.0,3.845658471880664,-0.03707136777562936
2022-04-13,167.73912889065093,163.55154548536066,164.15957544885293,167.11148071289062,70618900.0,166.9404853660004,51.43612354777113,170.03539276123047,1,1,0.016342675761439107,0.0,3.845658471880664,-0.03707136777562936
2022-04-14,167.96471752203973,161.85493758758528,167.32725269207126,162.10011291503906,75329400.0,166.4794975135279,46.53051521848158,169.37482016427177,0,0,-0.029988171826814458,-0.029988171826814458,3.730334204838662,-0.06594783705573315
2022-04-18,163.3848252707186,160.41330184341265,160.75653828349098,161.8843536376953,69023900.0,166.0418647634486,46.330262235665785,168.63719177246094,0,0,-0.0013310248430045135,-0.0,3.730334204838662,-0.06594783705573315
2022-04-19,164.5813108194766,160.74676487778993,161.83534399523174,164.16940307617188,67723800.0,165.86353507894606,48.787351234711444,167.82741328648157,0,0,0.014115319900467993,0.0,3.730334204838662,-0.06594783705573315
2022-04-20,165.62083637298807,162.89448802131358,165.50314204406817,164.00267028808594,67929800.0,165.6863098607689,48.61639851911475,167.0890851702009,0,0,-0.0010156142677121283,-0.0,3.730334204838662,-0.06594783705573315
2022-04-21,168.21966591149055,162.7081302747772,165.650233704649,163.20828247070312,87227800.0,165.45030725219118,47.77679598035686,166.51537322998047,0,0,-0.004843749287663401,-0.0,3.730334204838662,-0.06594783705573315
2022-04-22,164.63031369845396,158.38325153783305,163.2475363117759,158.6676483154297,84882400.0,164.80433973440438,43.279668333256865,165.63834381103516,0,0,-0.02782110127338977,-0.0,3.730334204838662,-0.06594783705573315
2022-04-25,160.0210148088947,155.40192048493418,158.01057433340998,159.7366180419922,96046400.0,164.32169957322228,44.57257793959621,164.5483638218471,0,0,0.00673716247711309,0.0,3.730334204838662,-0.06594783705573315
2022-04-26,159.20703454434567,153.69549840448505,159.11877502482716,153.77395629882812,95623200.0,163.31715259470855,39.311228167567535,163.26925005231584,0,0,-0.03732808304227764,-0.0,3.730334204838662,-0.06594783705573315
2022-04-27,156.70624511583344,152.38136400484169,152.9011344667558,153.54840087890625,88063200.0,162.38679528844168,39.1273208448298,162.20028141566686,0,0,-0.001466798574679018,-0.0,3.730334204838662,-0.06594783705573315
2022-04-28,161.3449860653006,155.862854289535,156.17668589618484,160.48196411132812,130216800.0,162.20538279538323,47.130574937343674,161.60485512869698,0,0,0.045155554813559595,0.0,3.730334204838662,-0.06594783705573315
2022-04-29,162.99254251007733,154.2152694364459,158.71668452045293,154.6075439453125,131747600.0,161.48177909537648,42.184282638617354,160.73343113490515,0,0,-0.03660486210114222,-0.0,3.730334204838662,-0.06594783705573315
2022-05-02,155.17638444909122,150.31211369335705,153.6857290366365,154.91160583496094,123055300.0,160.85604830867024,42.51299805939071,160.18774196079798,0,0,0.001966669166906909,0.0,3.730334204838662,-0.06594783705573315
2022-05-03,157.60847954190055,153.30320233396515,155.09787216899534,156.40220642089844,88966500.0,160.43187289078722,44.151552798431155,159.61473192487443,0,0,0.009622265406799446,0.0,3.730334204838662,-0.06594783705573315
2022-05-04,163.267138972668,156.18647479117334,156.58856589280018,162.81602478027344,108256500.0,160.6589349755002,50.537158780499205,159.30791364397322,1,1,0.0410084902646104,0.0,3.730334204838662,-0.06594783705573315
2022-05-05,160.91347698312873,151.9596689981739,160.68791986588977,153.7445526123047,130525300.0,160.00042236948156,43.185772868333345,158.7110879080636,0,0,-0.05571608924988225,-0.05571608924988225,3.5224945713499825,-0.11798957073038152
2022-05-06,156.59274408051633,151.42666686979732,153.223988771511,154.4713134765625,116124600.0,159.47384057015591,43.87428318994815,158.18158503941126,0,0,0.004727067410905006,0.0,3.5224945713499825,-0.11798957073038152
2022-05-09,153.0472394567593,148.7847453865434,152.1633023773659,149.3445587158203,131577900.0,158.5091470602192,40.25210849587776,157.12266758510046,0,0,-0.033189041028773625,-0.0,3.5224945713499825,-0.11798957073038152
2022-05-10,153.94099694086412,150.19902200842762,152.74278207802044,151.7508087158203,115366700.0,157.86549578932406,42.5936087163318,156.2475346156529,0,0,0.01611207010614102,0.0,3.5224945713499825,-0.11798957073038152
2022-05-11,152.67402087769284,143.20616949802272,150.7588463480562,143.88385009765625,142689800.0,156.53391048535568,37.531719923850346,154.86721801757812,0,0,-0.05184129616664057,-0.0,3.5224945713499825,-0.11798957073038152
2022-05-12,143.58920335731457,136.32135622581737,140.22046241259886,140.0142059326172,182602000.0,154.96060528985677,35.35614695958374,153.53482927594865,0,0,-0.026894221710168864,-0.0,3.5224945713499825,-0.11798957073038152
2022-05-13,145.45526685384394,140.55437184575726,142.00793811597927,144.48294067382812,113990900.0,153.96273246928263,39.61135146096358,152.44528089250838,0,0,0.031916295289076135,0.0,3.5224945713499825,-0.11798957073038152
2022-05-16,144.88563148350204,141.6052649207857,142.95081001781338,142.94097900390625,86643800.0,152.9130416630563,38.68640421351129,151.67149680001395,0,0,-0.01067227496014822,-0.0,3.5224945713499825,-0.11798957073038152
2022-05-17,147.0954395557584,144.06060880808,146.2016865687997,146.5749053955078,78336300.0,152.3094096375755,42.04360715176361,151.1733899797712,0,0,0.025422565431724387,0.0,3.5224945713499825,-0.11798957073038152
2022-05-18,144.72850245560213,137.40171366939953,144.22761523431257,138.3052978515625,109742900.0,150.97568470557425,37.168531306264015,149.58934238978796,0,0,-0.05641898605788731,-0.0,3.5224945713499825,-0.11798957073038152
2022-05-19,139.13029385475133,134.1606557844978,137.38208160836896,134.8972625732422,136095600.0,149.4444064072569,35.388455127902375,148.18146514892578,0,0,-0.024641393578270776,-0.0,3.5224945713499825,-0.11798957073038152
2022-05-20,138.18738164689086,130.24185616207308,136.60613236743123,135.13291931152344,137426100.0,148.08140763623467,35.612902338404325,146.76870182582311,0,0,0.0017469349176251203,0.0,3.5224945713499825,-0.11798957073038152
2022-05-23,140.7016976717336,135.19187888015,135.32937819993117,140.55438232421875,117726300.0,147.36454808270935,40.60907255208711,145.636714390346,0,0,0.04011948413692701,0.0,3.5224945713499825,-0.11798957073038152
2022-05-24,139.43471927603565,134.87758039617586,138.2954308094958,137.8534698486328,104132700.0,146.4587311080354,39.02122191376246,143.85367475237166,0,0,-0.019216138486210288,-0.0,3.5224945713499825,-0.11798957073038152
2022-05-25,139.25792986661668,135.8695424217508,135.95793161918118,138.0106201171875,92482700.0,145.65414910890703,39.16690445374607,142.72982243129186,0,0,0.0011399805077612069,0.0,3.5224945713499825,-0.11798957073038152
2022-05-26,141.7624148884754,134.69099338044722,134.93652895354754,141.21241760253906,90601500.0,145.2311270606815,42.131894100184844,141.78275844029017,0,0,0.02319964566953514,0.0,3.5224945713499825,-0.11798957073038152
2022-05-27,147.00705253559786,142.66598536012808,142.79366865497497,146.9677734375,90978500.0,145.3965219537118,47.01803556678378,141.6129880632673,1,1,0.04075672616242687,0.0,3.5224945713499825,-0.11798957073038152
2022-05-31,147.9695433008326,144.2177530085784,146.40794084331958,146.18203735351562,103718400.0,145.47133294416932,46.45435364825614,141.21521868024553,0,0,-0.005346315492209097,-0.005346315492209097,3.5036622040519516,-0.12270507675267572
2022-06-01,149.0302410387393,145.04273170111645,147.22308826530934,146.05435180664062,74286600.0,145.52685855011896,46.35928271236945,141.37025451660156,0,0,-0.0008734694712607682,-0.0,3.5036622040519516,-0.12270507675267572
2022-06-02,148.56867650901708,144.237425177131,145.19010444930467,148.50975036621094,72348100.0,145.81094348498488,48.49303480371893,141.9770791190011,1,1,0.01681153987675077,0.0,3.5036622040519516,-0.12270507675267572
2022-06-03,145.327588805216,141.88027492949882,144.27668941243508,142.78384399414062,88570300.0,145.52264829538066,44.179178635884654,141.85571507045202,0,0,-0.03855576053390952,-0.03855576053390952,3.368575843120815,-0.15652984973101414
2022-06-06,145.91687147884687,142.31239647541148,144.40436412307008,143.53025817871094,71598400.0,145.33289685569784,44.85234955648572,141.89780644008093,0,0,0.005227581522465163,0.0,3.368575843120815,-0.15652984973101414
2022-06-07,146.3391664090359,141.5266763270165,141.77221184112562,146.05435180664062,67808200.0,145.40160685102572,47.12223623521015,141.8606240408761,1,1,0.01758579452136777,0.0,3.368575843120815,-0.15652984973101414
2022-06-08,147.19362901017018,144.8266779825161,145.9266723185644,145.3177490234375,53950200.0,145.3936203912554,46.53386614402938,142.36151341029577,0,0,-0.005043347042327784,-0.005043347042327784,3.3515869461055545,-0.160783762418665
2022-06-09,145.30793069054988,139.98472194082933,144.45347180040457,140.09275817871094,69473000.0,144.88877637101308,42.56550608241468,142.7326202392578,0,0,-0.03595562744289316,-0.0,3.3515869461055545,-0.160783762418665
2022-06-10,138.24634933788164,134.61242570462275,137.77492521441144,134.68118286132812,91437900.0,143.91662460818594,38.94470306168059,142.70035334995814,0,0,-0.03862851576153192,-0.0,3.3515869461055545,-0.160783762418665
2022-06-13,132.78565318618158,129.0928030542559,130.49725953200095,129.5249481201172,122207100.0,142.54598875217937,35.88327187918391,141.91253662109375,0,0,-0.038284744993069664,-0.0,3.3515869461055545,-0.160783762418665
2022-06-14,131.49901613498997,129.1320498799016,130.75259347181498,130.38919067382812,84784300.0,141.38819845900306,36.760363236773394,141.37937382289343,0,0,0.006672402237980268,0.0,3.3515869461055545,-0.160783762418665
2022-06-15,134.88743119148035,129.79994084447466,131.89189392813557,133.01153564453125,91533000.0,140.59042104810098,39.40777182777012,141.02229636056083,0,0,0.020111674573262572,0.0,3.3515869461055545,-0.160783762418665
2022-06-16,130.0258046120006,126.73562226384061,129.72134292932262,127.73741149902344,108123900.0,139.3663249005698,36.19950039673576,140.05979592459542,0,0,-0.039651629612056594,-0.0,3.3515869461055545,-0.160783762418665
2022-06-17,130.70350817907268,127.49189843838613,127.74726504539257,129.2106475830078,134520300.0,138.39911753699246,37.691051173609296,138.7914297921317,0,0,0.011533317191069203,0.0,3.3515869461055545,-0.160783762418665
2022-06-21,134.61238545733227,130.93918382298145,131.0373890350951,133.44363403320312,81000500.0,137.92716672710776,41.80581115702768,137.8815438406808,0,0,0.03276035318587778,0.0,3.3515869461055545,-0.160783762418665
2022-06-22,135.29990419534238,131.51866571381353,132.38294065988546,132.93295288085938,73409200.0,137.45152731317935,41.4581284249814,136.94430106026786,0,0,-0.0038269427840722514,-0.0,3.3515869461055545,-0.160783762418665
2022-06-23,136.11508949160935,133.20795685254018,134.37670851634957,135.80081176757812,72433800.0,137.2943163088364,44.20131155391176,136.03651973179407,0,0,0.021573724381862336,0.0,3.3515869461055545,-0.160783762418665
2022-06-24,139.37579982628543,137.27401616859356,137.40168446081998,139.13026428222656,89116800.0,137.4691684967783,47.22349134527364,135.77554975237166,1,1,0.024517176821790665,0.0,3.3515869461055545,-0.160783762418665
2022-06-27,140.92758626309347,138.45258378281605,140.1516855515393,139.13026428222656,70207900.0,137.62736809539243,47.22349134527364,135.46126447405135,0,0,0.0,0.0,3.3515869461055545,-0.160783762418665
2022-06-28,140.85881645152855,134.867758706979,139.5918597520797,134.98561096191406,67083400.0,137.3757721779183,43.94078319275885,134.67064012799943,0,0,-0.02978973224621384,-0.0,3.3515869461055545,-0.160783762418665
2022-06-29,138.15792407261875,134.2293557674798,135.00525640007206,136.74363708496094,66242400.0,137.31556883573188,45.62834709161408,134.0582035609654,0,0,0.013023803874495199,0.0,3.3515869461055545,-0.160783762418665
2022-06-30,135.89903230248103,131.38118647998766,134.79903766505709,134.27850341796875,98964500.0,137.02632451023064,43.6871978216632,133.6428996494838,0,0,-0.0180274104122341,-0.0,3.3515869461055545,-0.160783762418665
2022-07-01,136.55704136561366,133.23741100607202,133.6106148417446,136.44900512695312,71051600.0,136.97134171182324,45.82335098846991,133.76917266845703,0,0,0.01616417858209407,0.0,3.3515869461055545,-0.160783762418665
2022-07-05,139.08115356288656,134.4847204054961,135.3097312194843,139.03204345703125,73353800.0,137.16759902089066,48.28101417374602,134.44825090680803,1,1,0.018930429926365955,0.0,3.3515869461055545,-0.160783762418665
2022-07-06,141.54633502633234,138.56062920663072,138.82581180795694,140.36776733398438,74064300.0,137.47237695547102,49.5273317579935,135.1610063825335,1,1,0.009607309536279196,0.009607309536279196,3.3837866793345435,-0.1527211522563494
2022-07-07,143.93295194501385,140.72134254203155,140.73115856961377,143.7365264892578,66253700.0,138.06896262535548,52.562154612009046,135.92707715715682,1,1,0.023999520824876885,0.023999520824876885,3.4649959382121738,-0.13238686590544801
2022-07-08,144.91508669074653,142.41062104747897,142.66597262808202,144.4141845703125,64547800.0,138.67326947725616,53.15853669677714,137.11827523367745,1,1,0.004714585064815369,0.004714585064815369,3.481331956312115,-0.12829642998140822
2022-07-11,144.02132426836204,141.2123971200697,143.0686451840122,142.28292846679688,63141600.0,139.0170465238791,51.03448640610767,138.05200958251953,0,0,-0.014757941609800485,-0.014757941609800485,3.4299546625765283,-0.1411609803687972
2022-07-12,145.79900902596674,142.4597314847581,143.1570440660671,143.25526428222656,77588800.0,139.4206863103884,51.95638779269158,138.75284031459265,1,1,0.006833819249486339,0.0,3.4299546625765283,-0.1411609803687972
2022-07-13,143.8347397140172,139.5820616716197,140.43653568039218,142.8918914794922,71185600.0,139.75127727887448,51.57440752216507,139.46419307163782,0,0,-0.0025365406608618413,-0.0025365406608618413,3.4212544431099903,-0.14333946046322643
2022-07-14,146.29007333779407,140.69186596170863,141.5070457617974,145.8186492919922,78140700.0,140.32912223250474,54.41577447641656,140.17975289481026,1,1,0.020482322560059663,0.0,3.4212544431099903,-0.14333946046322643
2022-07-15,148.16597704358819,145.55347512166446,147.1052616395071,147.48829650878906,76259900.0,141.01094835405564,55.96724168224242,140.7767551967076,1,1,0.011450162409977649,0.011450162409977649,3.4604283621294574,-0.13353055815531123
2022-07-18,148.86330457327466,144.08026173602485,148.0481247263253,144.44366455078125,81420900.0,141.33787370612475,52.53510850359297,141.15628378731864,0,0,-0.020643210546718693,-0.020643210546718693,3.388994010868182,-0.15141726927560895
2022-07-19,148.52934001645056,144.2864940964481,145.27845218517842,148.30345153808594,82982400.0,142.00126207107343,56.12554227831722,142.10755811418807,1,1,0.026721746497560872,0.0,3.388994010868182,-0.15141726927560895
2022-07-20,150.9749171763546,147.6847344414976,148.42134117440867,150.3070526123047,64823400.0,142.79228974166688,57.86703153420438,143.07637350899833,1,1,0.013510144595010987,0.013510144595010987,3.4347798099866376,-0.13995279388269322
2022-07-21,152.79190872036583,149.22672681770464,151.74100910144742,152.57583618164062,65086600.0,143.72405606928342,59.77035852808719,144.38332584926061,1,1,0.015094325448506751,0.015094325448506751,3.486625494282536,-0.12697096145247966
2022-07-22,153.48918116011728,150.67043785379852,152.61507520531072,151.33828735351562,66675400.0,144.44922095349602,58.25922879886671,145.44684600830078,0,0,-0.008111040772221023,-0.008111040772221023,3.458345332740945,-0.1340521355794715
2022-07-25,152.27133221190695,149.56062491925485,151.2597268643066,150.21865844726562,53623900.0,144.9986911909979,56.88949515706576,146.24588993617468,0,0,-0.007398186710244836,-0.0,3.458345332740945,-0.1340521355794715
2022-07-26,150.3561434947877,148.1070444852617,149.54096368293668,148.89276123046875,55138700.0,145.36955500428084,55.26966175871619,146.85481807163782,0,0,-0.008826448262166608,-0.0,3.458345332740945,-0.1340521355794715
2022-07-27,154.52044701167125,149.44277321253915,149.85527117258624,153.99008178710938,78620700.0,146.1905575550264,59.89119874838878,147.58721487862724,1,1,0.03423484469302407,0.0,3.458345332740945,-0.1340521355794715
2022-07-28,154.82486891584517,151.65255435703267,154.17665157972678,154.54005432128906,81378700.0,146.9857477232419,60.35639143698979,148.31049128941126,1,1,0.003571480239487279,0.003571480239487279,3.4706967447581523,-0.13095941989326731
2022-07-29,160.70795024668809,156.6516977293032,158.3606307359644,159.60794067382812,101786900.0,148.18786133758343,64.36532003823783,149.54799216134208,1,1,0.03279335169640185,0.03279335169640185,3.5845125237405635,-0.10246066651138219
2022-08-01,160.66865118760447,158.01687004208316,158.1347223194791,158.62579345703125,67829400.0,149.18195011086416,63.064356195557686,150.64588710239954,0,0,-0.0061534984578490715,-0.0061534984578490715,3.562455231453585,-0.10798367341586323
2022-08-02,159.50972297268584,156.77936877558471,157.24097682201486,157.15257263183594,59907000.0,149.9410570176234,61.113966389969825,151.66450718470983,0,0,-0.0092873976740383,-0.0,3.562455231453585,-0.10798367341586323
2022-08-03,163.61506130985597,157.8793546055034,157.96774380452692,163.1632843017578,82507500.0,151.20031675896954,65.67332387499442,152.90340968540735,1,1,0.038247618662936356,0.0,3.562455231453585,-0.10798367341586323
2022-08-04,164.20432931044326,161.49360770127552,163.04539391569662,162.84896850585938,55474100.0,152.30971216343525,65.25218843943014,154.00060054234095,0,0,-0.0019263880182573967,-0.0019263880182573967,3.5555925603801346,-0.10970204297948494
2022-08-05,163.1145559751719,160.31155649978248,160.51809946404907,162.622802734375,56697000.0,153.29191126542952,64.93678918283561,155.29911041259766,0,0,-0.0013888069022447436,-0.0,3.5555925603801346,-0.10970204297948494
2022-08-08,165.04222255656555,161.49176350864772,163.62597080235415,162.1507110595703,60276900.0,154.13560648391913,64.2543810619353,156.28820037841797,0,0,-0.0029029857244300405,-0.0,3.5555925603801346,-0.10970204297948494
2022-08-09,163.08502430663805,160.55740587444882,161.31470993875857,162.19985961914062,63135500.0,154.90363059203546,64.29549955439313,157.13768659319197,1,1,0.0003031041877592511,0.0,3.5555925603801346,-0.10970204297948494
2022-08-10,166.54698055787682,164.14722239112217,164.91435623038078,166.44863891601562,70170500.0,156.0031551943193,67.67873685330784,158.12860107421875,1,1,0.026194716239899885,0.026194716239899885,3.6487302985639913,-0.08638094062636992
2022-08-11,168.1697800173322,165.41595884571527,167.25511117853088,165.7110137939453,57149200.0,156.92771315618847,66.52673381905623,159.1552243913923,0,0,-0.004431547934990898,-0.004431547934990898,3.6325607753440514,-0.0904296872823055
2022-08-12,169.33032752565057,166.60601007376212,167.01909604715942,169.26148986816406,68039400.0,158.102358557329,69.18439359011882,160.5154266357422,1,1,0.021425709691412553,0.0,3.6325607753440514,-0.0904296872823055
2022-08-15,170.53016384292243,168.52381751068145,168.6910117877752,170.33346557617188,54091700.0,159.2672258924569,69.94283843794261,162.04690551757812,1,1,0.006333252229096864,0.006333252229096864,3.655566698971829,-0.0846691490717657
2022-08-16,170.84487848415293,168.82868765614492,169.93020986156355,170.17608642578125,56377100.0,160.30616499086875,69.6778136782964,163.2030487060547,0,0,-0.0009239473280149291,-0.0009239473280149291,3.652189147887934,-0.08551486656573049
2022-08-17,173.24468311255228,169.72374265981617,169.92044098012414,171.67108154296875,79542000.0,161.38853799583063,70.78474788239389,164.42669350760323,1,1,0.00878498941059802,0.0,3.652189147887934,-0.08551486656573049
2022-08-18,172.01527879196829,170.26463844345383,170.88425233332873,171.27764892578125,62290100.0,162.33035808439737,70.07608754907336,165.26024409702845,0,0,-0.002291781549060845,-0.002291781549060845,3.643819128185124,-0.08761066672142559
2022-08-19,170.87441022573427,168.48448182965225,170.1761140668042,168.69102478027344,70346300.0,162.936135864957,65.53547694401642,165.97918919154577,0,0,-0.015101936310607966,-0.0,3.643819128185124,-0.08761066672142559
2022-08-22,167.05842149370653,164.38328250419255,166.89122718275175,164.8061981201172,69026800.0,163.1142370321151,59.44597746026355,166.52587672642298,0,0,-0.023029243347216566,-0.0,3.643819128185124,-0.08761066672142559
2022-08-23,165.92737151886493,163.90133572678997,164.32425128292837,164.47177124023438,54147100.0,163.24352600431695,58.949622815271454,166.6193400791713,0,0,-0.0020292130010733933,-0.0,3.643819128185124,-0.08761066672142559
2022-08-24,165.33729659583858,163.50797370329437,164.56033297806545,164.76686096191406,53841500.0,163.3886055240881,59.26553107206044,166.75633239746094,1,1,0.0017941663755092208,0.0,3.643819128185124,-0.08761066672142559
2022-08-25,167.33378750652878,165.57331755675585,165.9962181286182,167.22560119628906,51218200.0,163.7540336833453,61.84110808271577,167.08510371616907,1,1,0.014922540977116316,0.014922540977116316,3.6981941684386666,-0.07399549950849227
2022-08-26,168.2287866440609,160.8623176958489,167.75670773498427,160.92132568359375,78961000.0,163.48425196908326,52.82620920189456,166.9972904750279,0,0,-0.037699224685670996,-0.037699224685670996,3.558775115551459,-0.10890515123246425
2022-08-29,160.2131651834025,157.18397908178346,158.49202921301617,158.71824645996094,73314000.0,163.03034668250018,50.13765415976866,166.74860382080078,0,0,-0.013690411847367856,-0.0,3.558775115551459,-0.10890515123246425
2022-08-30,159.87879372642644,155.11862647886383,159.4558931891013,156.28900146484375,77906200.0,162.38831380462815,47.34108667256732,166.02291543143136,0,0,-0.015305392097625048,-0.0,3.558775115551459,-0.10890515123246425
2022-08-31,157.93147450788678,154.54820976951913,157.665923552681,154.62689208984375,87991100.0,161.6491307841725,45.51273835084414,165.23119245256697,0,0,-0.01063484544287574,-0.0,3.558775115551459,-0.10890515123246425
2022-09-01,155.80711043286672,152.11896076188796,154.056469922945,155.35470581054688,74229900.0,161.0496617390653,46.46573116217872,164.23785073416573,0,0,0.004706902601911089,0.0,3.558775115551459,-0.10890515123246425
2022-09-02,157.71511602884905,152.41401615420267,157.11517641377614,153.2401580810547,76957800.0,160.30589948592143,44.10649798184727,163.01690019880022,0,0,-0.013611095450631883,-0.0,3.558775115551459,-0.10890515123246425
2022-09-06,154.4990209999667,151.15510515135455,153.88925181756636,151.9812469482422,73714800.0,159.51307543471387,42.74633499231298,161.71726880754744,0,0,-0.008215282133464119,-0.0,3.558775115551459,-0.10890515123246425
2022-09-07,154.08597659166026,151.0764488090942,152.2664983933652,153.3876953125,87449600.0,158.92970589926492,44.750002931390014,160.41131264822823,0,0,0.009254091491542882,0.0,3.558775115551459,-0.10890515123246425
2022-09-08,153.78107082360773,150.1617592438652,152.08943851032333,151.91241455078125,84923800.0,158.26139243750455,43.085144566870255,159.0280816214425,0,0,-0.009617986362681408,-0.0,3.558775115551459,-0.10890515123246425
2022-09-09,155.21700399593914,152.19763181879884,152.9057577037595,154.7744140625,68028800.0,157.9292992589327,47.10379310859307,158.03403799874442,0,0,0.018839800026758446,0.0,3.558775115551459,-0.10890515123246425
2022-09-12,161.5507787814024,156.672594749297,156.95780504262976,160.73446655273438,104956000.0,158.19645804881858,54.19364336769156,157.74320002964564,1,1,0.038507995823053864,0.0,3.558775115551459,-0.10890515123246425
2022-09-13,157.89211772902357,150.8403783347764,157.26267420589616,151.30262756347656,122656600.0,157.53990276450028,44.30218426330999,156.80254690987724,0,0,-0.058679629774136655,-0.058679629774136655,3.3499475093214888,-0.16119426705178352
2022-09-14,154.50885206267736,151.07640953249754,152.2369398106262,152.7483673095703,87965400.0,157.08356605450695,45.89554878992602,155.94408307756697,0,0,0.009555285122112123,0.0,3.3499475093214888,-0.16119426705178352
2022-09-15,152.67953072071606,148.8831956207659,152.09925057054045,149.8568572998047,90481100.0,156.39530807786866,43.28843583542216,154.70345851353235,0,0,-0.01892989143317969,-0.0,3.3499475093214888,-0.16119426705178352
2022-09-16,148.85370468985187,145.92284471335466,148.71601438946803,148.21441650390625,162278800.0,155.6161755470151,41.86644504242982,153.7958221435547,0,0,-0.010960064327337093,-0.0,3.3499475093214888,-0.16119426705178352
2022-09-19,152.0107501857091,146.64081352548533,146.84734147012324,151.93206787109375,81474200.0,155.2653081493083,46.08613632176314,153.31109510149275,0,0,0.025082926849356202,0.0,3.3499475093214888,-0.16119426705178352
2022-09-20,155.4727097837978,150.5551772691551,150.86989154639073,154.31216430664062,107689800.0,155.17453254524474,48.600427613202285,153.16989244733537,0,0,0.01566553044987362,0.0,3.3499475093214888,-0.16119426705178352
2022-09-21,156.121822780707,151.06660011449515,154.74490471552286,151.1846160888672,101696800.0,154.7945405017802,45.6553759798797,152.92401559012276,0,0,-0.020267671261213982,-0.0,3.3499475093214888,-0.16119426705178352
2022-09-22,151.92225679396847,148.42097590441998,149.86673172221157,150.22079467773438,86652500.0,154.35894566139487,44.77522028240302,152.55730765206474,0,0,-0.006375128872677549,-0.0,3.3499475093214888,-0.16119426705178352
2022-09-23,148.97172290795524,146.10971554201328,148.69634230303134,147.94886779785156,96029900.0,153.7484620553431,42.731192616210585,152.17935834612166,0,0,-0.015123917329532999,-0.0,3.3499475093214888,-0.16119426705178352
2022-09-26,151.2337989231627,147.1719122700789,147.19158660210013,148.2832794189453,93339400.0,153.22796847092428,43.13341808769713,151.91521780831474,0,0,0.002260318893083202,0.0,3.3499475093214888,-0.16119426705178352
2022-09-27,152.16811306913462,147.47678328794686,150.22077457787657,149.25692749023438,84442700.0,152.84977409181096,44.33169305034809,151.6201629638672,0,0,0.006566135272326967,0.0,3.3499475093214888,-0.16119426705178352
2022-09-28,148.1554147485666,142.45107419388137,145.20489532446575,147.3686065673828,146691400.0,152.3277581371035,42.503289340715504,151.2956052507673,0,0,-0.012651479261993503,-0.0,3.3499475093214888,-0.16119426705178352
2022-09-29,144.30007793360352,138.35969014393336,143.69030869298015,140.1300048828125,128138200.0,151.16606735098054,36.43900501527136,150.24957602364677,0,0,-0.049119021026099885,-0.0,3.3499475093214888,-0.16119426705178352
2022-09-30,140.739784043771,135.72389496609006,138.9497950371784,135.92059326171875,124925300.0,149.71411743771753,33.51214252545891,148.47715650285994,0,0,-0.030039331152624915,-0.0,3.3499475093214888,-0.16119426705178352
2022-10-03,140.71027860420344,135.41900896557823,135.93043653465315,140.10049438476562,114311700.0,148.79853428981735,38.66190392847049,147.67700413295202,0,0,0.030752522651209757,0.0,3.3499475093214888,-0.16119426705178352
2022-10-04,143.80836941048736,141.88068942688918,142.63799388549452,143.6903533935547,87830100.0,148.31204087112567,42.67583823786465,147.0300031389509,0,0,0.025623457108795433,0.0,3.3499475093214888,-0.16119426705178352
2022-10-05,144.94918341662517,140.65125008419213,141.69377951288206,143.98533630371094,79471000.0,147.89997376946712,42.99848124369861,146.61060878208704,0,0,0.0020529068457944,0.0,3.3499475093214888,-0.16119426705178352
2022-10-06,145.1065408456924,142.8248135939426,143.40507882099124,143.03134155273438,68402200.0,147.43629451073068,42.19009197740013,146.24038914271765,0,0,-0.006625638245302157,-0.0,3.3499475093214888,-0.16119426705178352
2022-10-07,140.7397986362367,137.14999058855568,140.18902234140444,137.77943420410156,85925600.0,146.51659352914695,38.045186723665395,145.2294867379325,0,0,-0.036718577142733966,-0.0,3.3499475093214888,-0.16119426705178352
2022-10-10,139.5497290653031,136.28449546728626,138.10397338867188,138.10397338867188,74899000.0,145.71539161100648,38.4385910808424,144.07175881522042,0,0,0.0023554980207680654,0.0,3.3499475093214888,-0.16119426705178352
2022-10-11,139.0186494867963,135.9402693459634,137.5925530590874,136.68772888183594,77033700.0,144.85561420822833,37.34917783387145,143.03626687186105,0,0,-0.01025491498966613,-0.0,3.3499475093214888,-0.16119426705178352
2022-10-12,138.04496046792565,135.88124936484056,136.8352517842159,136.0582733154297,70433700.0,144.01777221843798,36.86042558233445,142.024658203125,0,0,-0.004605062733542109,-0.0,3.3499475093214888,-0.16119426705178352
2022-10-13,141.22170198168052,132.1537703856876,132.76355465182596,140.63160705566406,113224000.0,143.6952802981738,42.60461689162904,141.50199672154017,0,0,0.033613051443272646,0.0,3.3499475093214888,-0.16119426705178352
2022-10-14,142.1363546632189,135.9107571080086,141.92981170804703,136.09762573242188,88598000.0,142.97169414905457,38.91044834301341,140.6315928867885,0,0,-0.03224013021089611,-0.0,3.3499475093214888,-0.16119426705178352
2022-10-17,140.54308109407378,137.9564690521345,138.74327729972723,140.06117248535156,85250900.0,142.6945016096543,43.42452475357662,139.9747532435826,0,0,0.029122820707558228,0.0,3.3499475093214888,-0.16119426705178352
2022-10-18,144.2804155723702,138.2908639653918,143.09038098743915,141.3790740966797,99136600.0,142.5692227988948,44.850842381901465,139.54692949567522,0,0,0.009409471504074007,0.0,3.3499475093214888,-0.16119426705178352
2022-10-19,142.5592467457927,139.1661527370201,139.35302135031444,141.4872283935547,61758300.0,142.46617571267194,44.97068721428166,139.64387403215682,0,0,0.0007649950854893284,0.0,3.3499475093214888,-0.16119426705178352
2022-10-20,143.4837601022304,140.29719369702107,140.6611013003117,141.02499389648438,64522000.0,142.32892030160644,44.53529591877539,140.0084740774972,0,0,-0.003266969763409233,-0.0,3.3499475093214888,-0.16119426705178352
2022-10-21,145.41140833908693,140.29716371825512,140.5135362986956,144.84097290039062,86548600.0,142.56816340625255,48.83961116665179,140.34707968575614,1,1,0.027058884375540382,0.0,3.3499475093214888,-0.16119426705178352
2022-10-24,147.75216493318766,143.5919369881937,144.76231202642796,146.9850311279297,75981900.0,142.9888174749837,51.08472746516357,140.58241380964006,1,1,0.014802843315707026,0.014802843315707026,3.3995362574178176,-0.14877755721463437
2022-10-25,149.97489702549265,146.89651717711538,147.61447265041116,149.82736206054688,74732300.0,143.64010743551353,53.907339832934326,140.99970136369978,1,1,0.019337553700575993,0.019337553700575993,3.46527497235269,-0.1323169975161369
2022-10-26,149.48317560972512,145.59831248015067,148.4701649982454,146.88671875,88194300.0,143.94930851308365,50.719987986337735,141.27508544921875,0,0,-0.019626877695133715,-0.019626877695133715,3.3972624442903157,-0.14934690568403408
2022-10-27,146.5916457586151,141.75279561471663,145.62781359762897,142.4117431640625,109180200.0,143.80287371793878,46.33179288862707,141.60596466064453,0,0,-0.030465488125947404,-0.0,3.3972624442903157,-0.14934690568403408
2022-10-28,154.90227649289278,145.3819406077306,145.75566287950778,153.1713104248047,164762400.0,144.69510578525933,55.97254465063739,142.6822030203683,1,1,0.07555252833572057,0.0,3.3972624442903157,-0.14934690568403408
2022-10-31,151.6960320711127,149.41429002672785,150.63384336153183,150.8108673095703,97943200.0,145.27755926376514,53.74312483748405,143.69099862234933,0,0,-0.015410478037224618,-0.015410478037224618,3.3449090060058917,-0.16245587651128746
2022-11-01,152.88608702918296,146.6703335656384,152.52219441549875,148.16525268554688,80379300.0,145.5525776848872,51.33096717396317,144.55578286307198,0,0,-0.017542599357861732,-0.0,3.3449090060058917,-0.16245587651128746
2022-11-02,149.66015890619101,142.60842020451807,146.4932672707352,142.63792419433594,93604600.0,145.27499163816805,46.71943303655028,144.69909123012,0,0,-0.037305160224993195,-0.0,3.3449090060058917,-0.16245587651128746
2022-11-03,140.44476100108147,136.46155582949885,139.71696063409377,136.58941650390625,97918500.0,144.4477940063336,42.33809602364173,144.73421914236886,0,0,-0.04240462502937825,-0.0,3.3449090060058917,-0.16245587651128746
2022-11-04,140.5496299805745,132.38284296255216,139.97824816387146,136.32339477539062,140814800.0,143.67404169862473,42.15507363565954,144.4672350202288,0,0,-0.0019476013246459978,-0.0,3.3449090060058917,-0.16245587651128746
2022-11-07,137.08193945756335,133.6536636073325,135.07226465763827,136.85536193847656,83374600.0,143.02464362622968,42.676686494628264,144.14411272321428,0,0,0.003902244100966179,0.0,3.3449090060058917,-0.16245587651128746
2022-11-08,139.32806703138522,135.44663574586633,138.32323704462326,137.4267578125,89908500.0,142.49151164396972,43.25523198278067,143.85407911028182,0,0,0.004175180759671715,0.0,3.3449090060058917,-0.16245587651128746
2022-11-09,136.49087039963513,132.58971737719733,136.44161049413725,132.8655548095703,74917800.0,141.5747538502174,39.87371465238513,143.2712620326451,0,0,-0.03319006484277842,-0.0,3.3449090060058917,-0.16245587651128746
2022-11-10,144.6872100830078,137.42674799216064,139.14089348616804,144.6872100830078,118854000.0,141.8711782533403,50.44315326693535,143.26027897426061,1,1,0.08897456748952659,0.0,3.3449090060058917,-0.16245587651128746
2022-11-11,147.78056436308594,142.22438595277526,143.65284825618983,147.4751739501953,93979700.0,142.40489212923126,52.51532736216069,143.295289175851,1,1,0.019268903350807776,0.019268903350807776,3.409361734359866,-0.1463173197437464
2022-11-14,148.04650852538037,145.238859760882,146.75598040253018,146.07623291015625,73374100.0,142.75454363217648,51.38055172371218,143.02735137939453,0,0,-0.009485942634056554,-0.009485942634056554,3.3770207245289807,-0.1544153046763448
2022-11-15,151.3073317859871,146.35208917690562,149.9576976256643,147.81008911132812,89868300.0,143.23602415400043,52.713613017033566,143.0933064052037,1,1,0.011869529810768498,0.0,3.3770207245289807,-0.1544153046763448
2022-11-16,147.64262514508096,145.10096733747125,146.91363265596118,146.57867431640625,64218300.0,143.55437178851528,51.654801933916225,143.39094434465682,0,0,-0.008331060500169185,-0.008331060500169185,3.3488865605626046,-0.16145992193110337
2022-11-17,149.22869517163417,143.9779079987764,144.25374542723313,148.47999572753906,80389400.0,144.0234788303271,53.18316083324094,143.05585043770927,1,1,0.012971337201676425,0.0,3.3488865605626046,-0.16145992193110337
2022-11-18,150.43058273283654,147.74115996689468,150.04637948055915,149.04153442382812,74829600.0,144.501388886851,53.63880641139706,142.9294695172991,1,1,0.00378191481982193,0.00378191481982193,3.361551764275899,-0.15828863478283994
2022-11-21,148.13518303183807,145.52457357758468,147.92831248822412,145.8102569580078,58724100.0,144.62604298886595,50.6527431889434,142.76125553676061,0,0,-0.021680382440451562,-0.021680382440451562,3.288672036433023,-0.17653725908522255
2022-11-22,148.1844518302865,144.7463148991296,145.92849249022925,147.94801330566406,51804100.0,144.9424211142753,52.494466726185436,143.1405476161412,1,1,0.014661220631905891,0.0,3.288672036433023,-0.17653725908522255
2022-11-23,149.5735133563615,147.1205141770319,147.22887996484198,148.82481384277344,58301400.0,145.3121728027037,53.247792014510566,144.0145045689174,1,1,0.005926409672686095,0.005926409672686095,3.308162054200032,-0.17165708153236858
2022-11-25,146.66734339247978,144.9334909730617,146.10580754336945,145.90878295898438,35195900.0,145.3689928175876,50.44724108032277,144.69917515345983,0,0,-0.019593714304052212,-0.019593714304052212,3.24334287203853,-0.18788739602260807
2022-11-28,144.46061568789466,141.24907166473017,142.98290889279264,142.0765838623047,69246000.0,145.0554300599416,47.025790171887216,145.0721195765904,0,0,-0.026264348306962004,-0.0,3.24334287203853,-0.18788739602260807
2022-11-29,142.65783165746328,138.2641245866872,142.14555568748492,139.07192993164062,83763800.0,144.4855729048653,44.53304396983402,145.18963187081474,0,0,-0.021148129051132503,-0.0,3.24334287203853,-0.18788739602260807
2022-11-30,146.50970358247017,138.46112907886217,139.2984872397453,145.8299560546875,111380900.0,144.61360939532457,50.71794270787839,146.11566053118025,1,1,0.048593746605578136,0.0,3.24334287203853,-0.18788739602260807
2022-12-01,146.9136247638141,144.43107296360157,146.00729966926298,146.10580444335938,71250400.0,144.7557232094231,50.95292673256986,146.21698869977678,1,1,0.0018915756140558404,0.0018915756140558404,3.2494779003233,-0.18635122362505707
2022-12-02,145.80041408602733,143.48533393064037,143.79073931676461,145.6132354736328,65447400.0,144.83739104410975,50.50032452271547,146.08399309430803,0,0,-0.0033713169138157584,-0.0033713169138157584,3.2385228805168698,-0.18909429150675539
2022-12-05,148.67701012513257,143.60355595085647,145.5738317516645,144.45077514648438,68826400.0,144.80057048243114,49.41001450558397,145.96788896833147,0,0,-0.00798320512120565,-0.0,3.2385228805168698,-0.18909429150675539
2022-12-06,145.11084261882044,139.81079492252832,144.88426506871545,140.7860870361328,64727200.0,144.41823872564083,46.106662935362564,145.46617453438895,0,0,-0.02536980578079473,-0.0,3.2385228805168698,-0.18909429150675539
2022-12-07,141.2392458201791,137.9193352044314,140.07679006739448,138.84536743164062,69721100.0,143.88748907859318,44.45007504239592,144.9137954711914,0,0,-0.01378488205296946,-0.0,3.2385228805168698,-0.18909429150675539
2022-12-08,141.38701807504808,139.00298578220685,140.24425432184734,140.52993774414062,62128300.0,143.56772228483578,46.21574172009726,144.34593418666296,0,0,0.012132708088582023,0.0,3.2385228805168698,-0.18909429150675539
2022-12-09,143.40655024212361,138.80594241386282,140.22454358218158,140.04722595214844,76097000.0,143.23243691981793,45.77686108944326,143.70348358154297,0,0,-0.003434939200436027,-0.0,3.2385228805168698,-0.18909429150675539
2022-12-12,142.35243630018152,138.9635592869445,140.5791849523235,142.34259033203125,70462700.0,143.147689625743,48.23730511760371,143.45579310825892,0,0,0.016389931069874297,0.0,3.2385228805168698,-0.18909429150675539
2022-12-13,147.7411502710795,142.0963136174533,147.27813419846305,143.3080291748047,93886200.0,143.16296005898695,49.25673363745435,143.1243656703404,1,1,0.006782501572589306,0.0,3.2385228805168698,-0.18909429150675539
2022-12-14,144.4803579746899,139.0620984014011,143.18982946326526,141.08163452148438,82291200.0,142.9647385792248,47.009346495531815,142.57128143310547,0,0,-0.01553572864088859,-0.01553572864088859,3.1882100678478507,-0.201692302547254
2022-12-15,139.69253111834513,134.00828228874863,139.01278368926577,134.47129821777344,98931900.0,142.1558394971818,41.14254688199178,141.7543182373047,0,0,-0.04685469037930867,-0.0,3.1882100678478507,-0.201692302547254
2022-12-16,135.6042272094749,131.74248840865712,134.65850323442362,132.51089477539062,160156900.0,141.2372733332017,39.59975332100475,141.07105473109655,0,0,-0.014578601295333504,-0.0,3.1882100678478507,-0.201692302547254
2022-12-19,133.19066784085936,129.36834224245627,133.1020090197244,130.40272521972656,79592600.0,140.20541160810882,37.98728434287546,140.45182582310267,0,0,-0.01590940548124331,-0.0,3.1882100678478507,-0.201692302547254
2022-12-20,131.26964891983806,127.95958437581338,129.43729149310985,130.33377075195312,77432800.0,139.265255336094,37.93410267286305,139.34495544433594,0,0,-0.0005287808798263294,-0.0,3.1882100678478507,-0.201692302547254
2022-12-21,134.7767236692483,130.77706590433928,131.003643429146,133.4369354248047,85928000.0,138.71017724930454,41.79428783641194,138.4400362287249,0,0,0.023809367709903828,0.0,3.1882100678478507,-0.201692302547254
2022-12-22,132.56015897362735,128.36347675529532,132.35328842388512,130.26478576660156,77852100.0,137.90585425095188,39.17270321026284,137.34371839250838,0,0,-0.023772650714020016,-0.0,3.1882100678478507,-0.201692302547254
2022-12-23,130.45195863115794,127.71327647766012,128.97425178436364,129.90028381347656,63814900.0,137.14341897119232,38.87773818154667,136.3043975830078,0,0,-0.002798161843816205,-0.0,3.1882100678478507,-0.201692302547254
2022-12-27,129.45699902617415,126.80697517918489,129.42744608626094,128.09750366210938,69007800.0,136.28190322747014,37.411152707385064,135.398070199149,0,0,-0.013878184854128506,-0.0,3.1882100678478507,-0.201692302547254
2022-12-28,129.08262238361158,123.99931454878694,127.74283419111387,124.16678619384766,85438400.0,135.12808255760132,34.4302233503397,134.34960011073522,0,0,-0.030685355732068098,-0.0,3.1882100678478507,-0.201692302547254
2022-12-29,128.5407809293698,125.83165939011434,126.0877898165425,127.6837158203125,75703700.0,134.4190952492881,39.007383447695254,133.4320128304618,0,0,0.028324238182135586,0.0,3.1882100678478507,-0.201692302547254
2022-12-30,128.01866936965655,125.53612512465858,126.50156359082803,127.99896240234375,77034200.0,133.80765402576958,39.40648338536085,132.5714225769043,0,0,0.002468964660105044,0.0,3.1882100678478507,-0.201692302547254
2023-01-03,128.9545531314731,122.32457886036785,128.34377240566315,123.2112045288086,112117500.0,132.79846835939233,35.67464954993598,131.20489501953125,0,0,-0.03740466159784661,-0.0,3.1882100678478507,-0.201692302547254
2023-01-04,126.7478608503369,123.22106494631889,125.00416235162118,124.48204040527344,89113600.0,132.00642760185718,37.33281732391804,129.8601815359933,0,0,0.010314288228289392,0.0,3.1882100678478507,-0.201692302547254
2023-01-05,125.87108644843491,122.90582630338176,125.24059869217061,123.16195678710938,80962700.0,131.16409704807168,36.30939773711597,128.5802045549665,0,0,-0.010604611025544664,-0.0,3.1882100678478507,-0.201692302547254
2023-01-06,128.35364427912103,123.03390422681609,124.1372616720093,127.693603515625,87754700.0,130.83357385450532,42.049879025804536,128.09608350481307,0,0,0.0367942085911217,0.0,3.1882100678478507,-0.201692302547254
2023-01-09,131.4272575812406,127.95956778658704,128.530949601707,128.2156982421875,70790800.0,130.58425236761792,42.67645772176495,127.7892837524414,0,0,0.004088652150055605,0.0,3.1882100678478507,-0.201692302547254
2023-01-10,129.30920076375085,126.21586822934367,128.32406282244906,128.78707885742188,63896200.0,130.41309298569448,43.38168773600084,127.67388044084821,0,0,0.004456401385071418,0.0,3.1882100678478507,-0.201692302547254
2023-01-11,131.52578019546752,128.5211210646013,129.29937353694692,131.50608825683594,69458900.0,130.51718777342225,46.66827380378314,127.7576174054827,1,1,0.02111243941190888,0.0,3.1882100678478507,-0.201692302547254
2023-01-12,132.26461961526783,129.48653833184324,131.89027740511193,131.42726135253906,71379600.0,130.60386144762384,46.58574960137455,127.61406925746373,0,0,-0.0005994163870415292,-0.0005994163870415292,3.1862990024878517,-0.20217082126300856
2023-01-13,132.91482784880117,129.70328312196565,130.06777940104425,132.7572021484375,57809700.0,130.808941514368,48.212129084059605,127.79209899902344,1,1,0.010119215619436961,0.0,3.1862990024878517,-0.20217082126300856
2023-01-17,135.24957434953774,132.1365500404185,132.82614355724837,133.91964721679688,63646600.0,131.10519920031362,49.62339916598908,128.0791963849749,1,1,0.008756173296418535,0.008756173296418535,3.214198788727841,-0.19518489071304812
2023-01-18,136.5499789381121,133.02318309021993,134.78658853017248,133.2005157470703,69672800.0,131.3047531571476,48.75814930047036,128.4436972481864,0,0,-0.005369872790677133,-0.005369872790677133,3.1969389501084238,-0.19950664546993402
2023-01-19,134.22504400705918,131.78190613060963,132.08729648616435,133.25961303710938,58280400.0,131.4909302885725,48.835321512160334,129.09318487984794,1,1,0.00044367163075609284,0.0,3.1969389501084238,-0.19950664546993402
2023-01-20,135.96873306889344,132.22520615532028,133.26944989272516,135.82095336914062,80223600.0,131.90331343910282,52.12477028545185,129.67441613333565,1,1,0.019220679646713146,0.019220679646713146,3.2583862895185574,-0.1841206191431889
2023-01-23,141.18997887668803,135.85051793428082,136.06724948686616,139.0128173828125,81760300.0,132.58040905278946,55.84829186533948,130.461120060512,1,1,0.023500527234534108,0.023500527234534108,3.3349600852560206,-0.16494702353326862
2023-01-24,141.03236969957698,138.21487421828232,138.22472018745663,140.41172790527344,66435100.0,133.32624894350224,57.377626710872484,131.68972887311662,1,1,0.010063176538668506,0.010063176538668506,3.3685203773433647,-0.15654373801194332
2023-01-25,140.31319931491353,136.74700453490559,138.7960933961296,139.75167846679688,65799300.0,133.93819461238743,56.40722241071993,132.7804173060826,0,0,-0.004700814157930222,-0.004700814157930222,3.3526855890622724,-0.1605086691498917
2023-01-26,142.10611789862443,139.79103821468215,141.04216734379196,141.8204345703125,54105100.0,134.68888413218983,58.711066162054394,134.11316571916853,1,1,0.014803085917906467,0.0,3.3526855890622724,-0.1605086691498917
2023-01-27,145.04185173584784,140.95353538112576,141.03234821855804,143.76116943359375,70555800.0,135.5529113037521,60.758981777578015,135.26084899902344,1,1,0.013684451533104491,0.013684451533104491,3.398565252511533,-0.14902069072041202
2023-01-30,143.38684562469143,140.72697590646771,142.80561778514152,140.87474060058594,64015300.0,136.05975218916484,56.38092277949591,136.1650663103376,0,0,-0.02007794486077208,-0.02007794486077208,3.3303290467658706,-0.16610660636978547
2023-01-31,142.19479823056315,140.1654165994733,140.57917270592753,142.14553833007812,65874500.0,136.6393508692518,57.790451093621705,137.11924198695593,1,1,0.009020763580997126,0.0,3.3303290467658706,-0.16610660636978547
2023-02-01,144.43108640849707,139.21971287170524,141.83032262446247,143.26861572265625,77663600.0,137.2707094267189,59.02229205977818,137.9594225202288,1,1,0.007900897951297114,0.007900897951297114,3.3566416367086083,-0.1595180997644523
2023-02-02,148.9331416858034,145.96788199485025,146.68702845858084,148.57850646972656,118339000.0,138.34764247843393,64.21921306010046,139.18451145717077,1,1,0.03706248378465071,0.03706248378465071,3.4810471129400047,-0.12836775296567982
2023-02-03,155.04104480782712,145.63297259328513,145.8299972142777,152.20384216308594,154357300.0,139.66728054363887,67.20806582758358,140.5735571725028,1,1,0.02440013552093445,0.02440013552093445,3.5659851342504982,-0.10709980801362584
2023-02-06,150.8245939938092,148.5390672218418,150.3024721942149,149.47494506835938,69858300.0,140.60134383170748,63.0359328242018,141.68464987618583,0,0,-0.017929226069093307,-0.017929226069093307,3.502049780619495,-0.12310881741288648
2023-02-07,152.9229595728958,148.4011799958932,148.4011799958932,152.35157775878906,83322600.0,141.72041372952478,65.41803333823022,143.05258287702287,1,1,0.019244915521555273,0.0,3.502049780619495,-0.12310881741288648
2023-02-08,152.28264122485135,148.92331687434466,151.59304759782992,149.66217041015625,64120100.0,142.47677150863254,61.51662504023579,144.2241941179548,0,0,-0.017652638641464047,-0.017652638641464047,3.4402293613378006,-0.13858826058698281
2023-02-09,152.036361465456,148.18446797066764,151.49453251585427,148.62777709960938,56007100.0,143.06258156491606,60.066316414850995,145.1389672415597,0,0,-0.00691152151349983,-0.0,3.4402293613378006,-0.13858826058698281
2023-02-10,149.31842209117474,147.226745512614,147.46354505272012,148.99282836914062,57450700.0,143.6273669748422,60.413025161884185,145.85182516915458,1,1,0.0024561443133648275,0.0,3.4402293613378006,-0.13858826058698281
2023-02-13,152.19940317198714,148.90402220916044,148.9336202674222,151.79489135742188,62199000.0,144.4052264398498,63.00800286202469,146.66490827287947,1,1,0.018806697066914735,0.018806697066914735,3.504928712777186,-0.12238795095395805
2023-02-14,151.71595766811416,148.8448255867729,150.08798919443248,151.153564453125,61707600.0,145.04792529825696,62.028400424099715,147.47932870047433,0,0,-0.00422495710205939,-0.00422495710205939,3.490120539319926,-0.12609582421342813
2023-02-15,153.4228543120151,150.83785669682248,151.06478017591323,153.255126953125,65573800.0,145.82956355110153,63.96110238278096,148.2960924421038,1,1,0.013903492832626707,0.0,3.490120539319926,-0.12609582421342813
2023-02-16,154.24175084931028,151.3015618059057,151.45941308943844,151.65675354003906,68167900.0,146.38453402623844,61.45679167706262,148.8600627354213,0,0,-0.010429493909034582,-0.010429493909034582,3.4537203484132926,-0.135210202491874
2023-02-17,150.95623873407766,148.83496427712012,150.314927401964,150.5122528076172,59144100.0,146.77765010065548,59.69511862140603,149.548456464495,0,0,-0.007546651934097426,-0.0,3.4537203484132926,-0.135210202491874
2023-02-21,149.27896600318738,146.42757068306315,148.1936535747809,146.4966278076172,58867200.0,146.75088607274708,53.980279302826865,149.8592485700335,0,0,-0.026679721584745075,-0.0,3.4537203484132926,-0.135210202491874
2023-02-22,147.94698436963745,145.19425945136115,146.88140906273446,146.92088317871094,51011300.0,146.76707627331507,54.46507684247719,150.12012481689453,1,1,0.002896007761017394,0.0,3.4537203484132926,-0.135210202491874
2023-02-23,148.33177339849212,145.27319184522457,148.08511286734324,147.40432739257812,48394200.0,146.82776685610204,55.03327923523729,150.0362548828125,1,1,0.003290507131509246,0.003290507131509246,3.465084839849985,-0.1323646054959171
2023-02-24,145.22385866894857,143.77349352201168,145.1449254913303,144.75027465820312,55469600.0,146.62991045630216,51.3317268452066,149.5038572038923,0,0,-0.018005256570972517,-0.018005256570972517,3.402695098268299,-0.14798660338402003
2023-02-27,147.17739437262094,145.48036882399748,145.736905394929,145.944091796875,44998500.0,146.5645943934996,52.833809952060484,149.25165339878626,0,0,0.008247425723307389,0.0,3.402695098268299,-0.14798660338402003
2023-02-28,147.08860849628215,144.86866373473268,145.08572620470352,145.44091796875,50547000.0,146.45757759114247,52.120119224147224,148.7580348423549,0,0,-0.0034477163270529854,-0.0,3.402695098268299,-0.14798660338402003
2023-03-01,145.26330849706878,143.0729618860178,144.86865768902635,143.36895751953125,55479000.0,146.16342329860805,49.23720745993877,148.3085196358817,0,0,-0.014246062787254599,-0.0,3.402695098268299,-0.14798660338402003
2023-03-02,144.75030013651786,141.97782259518067,142.45142174425123,143.9609832763672,52238100.0,145.95366710601368,50.06790189354523,147.97517721993583,0,0,0.004129385935970786,0.0,3.402695098268299,-0.14798660338402003
2023-03-03,149.0914911594904,145.36198515518814,146.0624926286878,149.01255798339844,70732300.0,146.244990046717,56.46646300445264,147.9765864780971,1,1,0.03508988749634723,0.0,3.402695098268299,-0.14798660338402003
2023-03-06,154.2121845297758,151.41012419214647,151.7357028817241,151.77517700195312,87558000.0,146.77167451864423,59.45725537886037,147.97517830984933,1,1,0.01853950469639254,0.01853950469639254,3.4657793800230356,-0.13219069701606878
2023-03-07,151.9724687898397,149.11121296034582,151.64687511738626,149.57493591308594,56182000.0,147.03865179430537,56.219282001759325,147.86241912841797,0,0,-0.014496712389529098,-0.014496712389529098,3.415536973145281,-0.14477107889038454
2023-03-08,151.41996369175047,149.80187125635692,150.768776295138,150.82797241210938,47204800.0,147.39953947219146,57.60338819514137,147.68905094691686,1,1,0.008377315967907473,0.0,3.415536973145281,-0.14477107889038454
2023-03-09,152.47566345847628,148.2232384177023,151.50875841619168,148.57843017578125,53833600.0,147.51181477729526,54.355953152026856,147.46917070661272,0,0,-0.014914622270341682,-0.014914622270341682,3.3645955293404333,-0.15752649520340634
2023-03-10,148.92378215572674,145.63826168901898,148.2035375357173,146.51637268066406,68572400.0,147.4170107680923,51.55169245671462,147.18375069754464,0,0,-0.01387857909575163,-0.0,3.3645955293404333,-0.15752649520340634
2023-03-13,151.0943387592709,145.72700445726582,145.83553566759903,148.4600067138672,84457100.0,147.51634371530895,53.9108662449811,147.32399204799108,1,1,0.013265643952565798,0.0,3.3645955293404333,-0.15752649520340634
2023-03-14,151.35090505544113,148.0949978910982,149.25922844223368,150.55172729492188,73695900.0,147.80542786574827,56.32036072869118,147.58333805629186,1,1,0.014089454980869887,0.014089454980869887,3.4120008465799114,-0.14565650268499897
2023-03-15,151.2029174267054,147.91739708809698,149.17043689978033,150.94639587402344,77167900.0,148.1045676760602,56.769235895725444,147.83634294782365,1,1,0.0026214815744254327,0.0026214815744254327,3.4209453439311446,-0.14341685694855755
2023-03-16,154.37004080347904,149.6144183096525,150.1274764543104,153.7681884765625,76161100.0,148.6439601332509,59.87275758905128,148.48047964913505,1,1,0.018694004492124883,0.018694004492124883,3.484896511557907,-0.12740388782447543
2023-03-17,154.64629769155513,152.21915135199143,153.99511025228628,152.92953491210938,98944600.0,149.05211011218984,58.55759630294953,148.97943987165178,0,0,-0.005454012125407526,-0.005454012125407526,3.46588984372808,-0.13216303760086423
2023-03-20,155.7118730486912,152.09088307007352,152.99860710640667,155.29747009277344,73641400.0,149.64690630081682,61.09735520047829,149.68347930908203,1,1,0.015483831700821904,0.0,3.46588984372808,-0.13216303760086423
2023-03-21,157.2707359778321,154.44893912645242,155.21853377224946,157.15234375,73938300.0,150.3617098674057,62.968632797724084,150.66800689697266,1,1,0.011944004342881342,0.011944004342881342,3.5072864470735166,-0.12179758915305594
2023-03-22,159.97416620924432,155.7020036632039,157.17210596561782,155.72174072265625,75701800.0,150.87218899647715,60.60201903951925,151.508061000279,0,0,-0.009103287887449962,-0.009103287887449962,3.475358608842055,-0.12979211852244832
2023-03-23,159.39201912983532,155.57370432805416,156.7083516682842,156.8070068359375,67622100.0,151.43740974309242,61.749982993245006,152.06480734688895,1,1,0.006969265230692079,0.0,3.475358608842055,-0.12979211852244832
2023-03-24,158.1981538963619,155.74142527409106,156.73792814347,158.10935974121094,59196500.0,152.07283355243706,63.10784954871881,152.51724897112166,1,1,0.008305450958808525,0.008305450958808525,3.5042230293320658,-0.12256464963886782
2023-03-27,158.62245469903792,155.76118357485748,157.8035399490982,156.16571044921875,52390300.0,152.46263135213056,59.77430974729532,152.98801858084542,0,0,-0.012293069146402824,-0.012293069146402824,3.4611453733280695,-0.13335102307235536
2023-03-28,156.3729039229444,153.8964227422894,155.85984584155918,155.5441131591797,45992200.0,152.75610580994476,58.72995148232081,153.32488577706474,0,0,-0.003980369879220014,-0.0,3.4611453733280695,-0.13335102307235536
2023-03-29,158.8987103608656,157.22142183199622,157.241143834068,158.62245178222656,51305700.0,153.31480542635256,62.17501603886804,154.04231589181083,1,1,0.019790775494644253,0.0,3.4611453733280695,-0.13335102307235536
2023-03-30,160.29975438530866,159.1157867936236,159.37230833774987,160.19122314453125,49501700.0,153.9697023518934,63.796213933608975,155.0190909249442,1,1,0.009889970459279418,0.009889970459279418,3.4953759988255557,-0.12477989029197623
2023-03-31,162.79593585053084,159.74721557415742,160.270134648553,162.697265625,68749800.0,154.80089885409402,66.23005807194485,156.0360379900251,1,1,0.015644068578012593,0.015644068578012593,3.550057900657122,-0.11108788687484816
2023-04-03,164.06869434845072,162.0263532022681,162.07568831410026,163.95030212402344,56976200.0,155.6722705940873,67.38409548267703,156.99307904924666,1,1,0.007701644488061321,0.007701644488061321,3.5773991845200164,-0.1042418017984269
2023-04-04,164.6113546852389,162.90446816785285,164.37457023031905,163.4175262451172,46278300.0,156.40991398942347,66.36898807435475,157.88387407575334,0,0,-0.0032496181586979533,-0.0032496181586979533,3.5657740031690888,-0.10715267390510541
2023-04-05,162.84528654392068,159.63869962188485,162.53942989245922,161.572509765625,51511700.0,156.90158977763312,62.9140947949294,158.44132559640067,0,0,-0.01129019953909205,-0.0,3.5657740031690888,-0.10715267390510541
2023-04-06,162.75647535534287,159.83600833200663,160.26025717712315,162.46047973632812,45390100.0,157.4310078689374,63.86699612368554,159.12210736955916,1,1,0.005495798585979816,0.0,3.5657740031690888,-0.10715267390510541
2023-04-10,159.86563110351562,157.94168186492254,159.26377877195932,159.86563110351562,47716900.0,157.66287674842104,59.18889679769551,159.44840458461218,0,0,-0.0159721837398481,-0.0159721837398481,3.508820805615698,-0.1214133954491251
2023-04-11,160.19124392493657,158.36594965370705,160.1813829217557,158.65208435058594,47644200.0,157.75708699624627,57.12888560930836,159.55552891322546,0,0,-0.007591042205587595,-0.0,3.508820805615698,-0.1214133954491251
2023-04-12,159.89525155138986,157.6457082720823,159.0664756179538,157.96144104003906,50133100.0,157.7765492861313,55.96208430225754,159.71550750732422,0,0,-0.004353194055873311,-0.0,3.508820805615698,-0.1214133954491251
2023-04-13,163.58526449148977,159.26376724154565,159.47096870837692,163.3484649658203,68445600.0,158.30720792229218,62.28636375248704,160.18275451660156,1,1,0.03410341087237723,0.0,3.508820805615698,-0.1214133954491251
2023-04-14,164.0983319737809,161.63172656331614,162.39143019016473,163.00315856933594,49386500.0,158.75444131724873,61.68861124982814,160.53231157575334,0,0,-0.002113924955197022,-0.002113924955197022,3.5014034217513927,-0.12327066159778699
2023-04-17,163.1807392768596,161.83890539432053,162.8847436304976,163.0228729248047,41516200.0,159.16095861320645,61.71069436159209,161.02210889543807,1,1,0.00012094462243417148,0.0,3.5014034217513927,-0.12327066159778699
2023-04-18,165.17376867697192,163.43726882906975,163.8812698478859,164.24632263183594,49923000.0,159.64527899593307,63.10012602384175,161.64369528634208,1,1,0.007504773318499858,0.007504773318499858,3.5276806607282567,-0.11669100665140009
2023-04-19,165.91374248336922,163.32872989204589,163.58526647837797,165.3908233642578,47720200.0,160.19247369767828,64.37316950261607,162.12715039934432,1,1,0.006968196998768272,0.006968196998768272,3.5522622345209562,-0.11053593557496333
2023-04-20,165.62759364761484,163.34845295487423,163.8713720291843,164.42388916015625,52456400.0,160.5954656464857,62.456902426385604,162.42948368617468,0,0,-0.005846359455941363,-0.005846359455941363,3.5314944326161815,-0.11573606221873467
2023-04-21,164.22659550246317,162.2927851703339,162.84530240808513,162.81570434570312,58337300.0,160.8069169511731,59.36316384786147,162.4379435947963,0,0,-0.009780724824521525,-0.0,3.5314944326161815,-0.11573606221873467
2023-04-24,163.38793383083043,161.70076925644653,162.79594256316088,163.1215362548828,41949600.0,161.02735688485973,59.762153047332305,162.37874603271484,1,1,0.0018783931833155076,0.0,3.5314944326161815,-0.11573606221873467
2023-04-25,164.08843103621228,161.5428928319972,162.98339679746925,161.58236694335938,48714100.0,161.08021498566922,56.80736785993326,162.24766322544642,0,0,-0.009435721038811407,-0.009435721038811407,3.4981722362998995,-0.12407973006031958
2023-04-26,163.07221001839787,160.625341751742,160.8818632857178,161.572509765625,45498800.0,161.12710020280787,56.788439969966895,162.24766322544642,0,0,-6.100404345377175e-05,-0.0,3.4981722362998995,-0.12407973006031958
2023-04-27,166.30840595665688,162.98342657757053,162.98342657757053,166.16041564941406,64902300.0,161.60646357867512,62.85252331970271,162.51194436209542,1,1,0.0283953371179555,0.0,3.4981722362998995,-0.12407973006031958
2023-04-28,167.5811640335514,165.63747792316207,166.23933019675923,167.41342163085938,55275900.0,162.15950720269265,64.293087316899,163.05107225690568,1,1,0.007540941544639912,0.007540941544639912,3.5245517486469193,-0.11747446650693927
2023-05-01,168.17312821243692,166.38730857655852,167.01875886308395,167.32461547851562,52472900.0,162.65142227658055,64.10761497216137,163.67053876604353,0,0,-0.0005304601714644086,-0.0005304601714644086,3.522682114321997,-0.11794261115275773
2023-05-02,168.07451617943886,165.30203876342605,167.81797955488014,166.28868103027344,48425700.0,162.99782787217035,61.91444407137299,164.26534162248885,0,0,-0.006191165868091875,-0.0,3.522682114321997,-0.11794261115275773
2023-05-03,168.63687581044152,164.92710671677185,167.23584575291258,165.21322631835938,65136000.0,163.20881820037883,59.683179584016386,164.39853886195593,0,0,-0.006467395767714823,-0.0,3.522682114321997,-0.11794261115275773
2023-05-04,164.80871172491695,162.1151826483231,162.6874369491867,163.57540893554688,81235400.0,163.24373160372818,56.423543073738486,164.43941388811385,0,0,-0.009913355118775335,-0.0,3.522682114321997,-0.11794261115275773
2023-05-05,171.9717093122383,168.478988085668,168.69605053726107,171.25146484375,113453200.0,164.00637286468265,65.67276319874918,165.0271704537528,1,1,0.046926710794455095,0.0,3.522682114321997,-0.11794261115275773
2023-05-08,171.52774960942492,169.81098679048802,170.17603958076435,171.1824188232422,55962800.0,164.6898058131169,65.54104569731476,165.5226058959961,0,0,-0.0004031849921447561,-0.0004031849921447561,3.5212618217614056,-0.1182982434541513
2023-05-09,171.22183982160823,169.30776705746806,170.7383948943863,169.47549438476562,45326900.0,165.14558567708346,62.2899609472379,165.81436811174666,0,0,-0.009971377026977812,-0.0,3.5212618217614056,-0.1182982434541513
2023-05-10,171.70531537679722,169.60376298512443,170.70881232248743,171.24159240722656,53724500.0,165.72615774662088,64.2228104893394,166.3013469151088,1,1,0.010420963979909104,0.0,3.5212618217614056,-0.1182982434541513
2023-05-11,172.2578222934666,169.8701504721675,171.52771685234399,171.42904663085938,49514700.0,166.26929002131027,64.42652603241265,166.91658564976282,1,1,0.0010946769473332285,0.0010946769473332285,3.5251164659032126,-0.11733306486683726
2023-05-12,171.97245613352067,168.94915782664347,171.5377307421917,170.50033569335938,45533100.0,166.67224675198162,62.56856806252039,167.44364275251115,0,0,-0.005417465451463488,-0.005417465451463488,3.506019269236797,-0.12211488249307023
2023-05-15,171.13265951386708,169.41352230428424,171.0832561601379,170.00633239746094,37266700.0,166.98977871821774,61.57431611816326,168.04535457066126,0,0,-0.0028973743300241273,-0.0,3.506019269236797,-0.12211488249307023
2023-05-16,171.0634918034888,169.73956634795272,169.92729004665156,170.00633239746094,42110300.0,167.27706954481232,61.57431611816326,168.64777047293526,0,0,0.0,0.0,3.506019269236797,-0.12211488249307023
2023-05-17,170.85599318757124,168.37610177183038,169.6506388706453,170.61888122558594,57951600.0,167.59533732393362,62.39532106603436,168.9662322998047,1,1,0.0036030941876501466,0.0,3.506019269236797,-0.12211488249307023
2023-05-18,173.13831574371522,170.51021405749552,170.92517510124802,172.95059204101562,65496700.0,168.10536158270335,65.36084747212357,169.3617444719587,1,1,0.013666194495477901,0.013666194495477901,3.5539332104750803,-0.11011753373253519
2023-05-19,174.27450921230027,172.84190244667505,174.27450921230027,173.05926513671875,55809500.0,168.57716192118102,65.4943452171103,169.7713623046875,1,1,0.0006283476362853868,0.0006283476362853868,3.5561663160073986,-0.10955837818828407
2023-05-22,172.61467191708667,171.36977372037438,171.89341610998645,172.11077880859375,43570900.0,168.91369686283937,63.2546717295203,170.18722643171037,0,0,-0.00548070239045384,-0.00548070239045384,3.5366760267784056,-0.1144386237135071
2023-05-23,171.300620989034,169.22580071286586,171.05361929309908,169.50244140625,50747300.0,168.96976777173563,57.55711079736741,170.49359893798828,0,0,-0.015154991572285614,-0.0,3.5366760267784056,-0.1144386237135071
2023-05-24,170.35209837892356,168.47489184481773,169.03804777473567,169.779052734375,45143500.0,169.04684253008224,57.97962266086577,170.9367163521903,1,1,0.0016319017344537112,0.0,3.5366760267784056,-0.1144386237135071
2023-05-25,171.814388514026,169.63090177565675,170.3422679275043,170.91531372070312,56058300.0,169.22479216728422,59.7137283881057,170.91270555768693,1,1,0.006692586441189752,0.006692586441189752,3.5603455368021035,-0.10851192765373086
2023-05-26,173.66195304430255,171.03385143516303,171.24133948884744,173.32601928710938,54835000.0,169.61538522631517,63.113326549048814,171.0658198765346,1,1,0.014104678591560615,0.014104678591560615,3.6105630662735946,-0.09593777492507682
2023-05-30,176.8433638660441,174.4523889310648,174.83771102645838,175.1736297607422,55964400.0,170.14474184864156,65.46447074174884,171.4728295462472,1,1,0.01065974099694933,0.01065974099694933,3.6490507334132225,-0.0863007057606523
2023-05-31,177.19904230758075,174.64009299685546,175.20326416230037,175.1242218017578,99625300.0,170.61897803465263,65.34722426216752,171.75016021728516,0,0,-0.00028205135128989145,-0.00028205135128989145,3.648021513722938,-0.08655841588126512
2023-06-01,177.95976900098933,174.8080250915144,175.5687945017499,177.9301300048828,68901800.0,171.3152782222936,68.69851448149053,172.2145233154297,1,1,0.016022387847075326,0.0,3.648021513722938,-0.08655841588126512
2023-06-02,179.5998477441502,177.11006676336092,178.8588427561831,178.77980041503906,61996900.0,172.0261850977932,69.6345810163943,172.8059136526925,1,1,0.00477530371125412,0.00477530371125412,3.665441924396154,-0.08219645489460914
2023-06-05,182.73186141970515,175.90473056039738,180.43969339813148,177.42626953125,121946500.0,172.5404788533605,66.30943174346291,173.3359091622489,0,0,-0.007570938554841367,-0.007570938554841367,3.637691088810211,-0.08914508914001762
2023-06-06,177.95978950011875,175.30204865399,177.81159450251565,177.0607147216797,64848400.0,172.97097750748614,65.42132283098249,173.8397936139788,0,0,-0.002060319537439903,-0.0,3.637691088810211,-0.08914508914001762
2023-06-07,179.03672040758232,175.19337452542106,176.29993732672585,175.6873779296875,61944600.0,173.22968230960055,62.13055600978658,174.20182909284318,0,0,-0.007756304351029697,-0.0,3.637691088810211,-0.08914508914001762
2023-06-08,178.67115468077665,175.3317017878174,175.76641213704826,178.40440368652344,50214900.0,173.72251291692655,65.72138071286841,174.59138706752233,1,1,0.015465116440654736,0.0,3.637691088810211,-0.08914508914001762
2023-06-09,180.0444917855316,178.4636898031236,179.32325097528164,178.78973388671875,48900000.0,174.20510539024008,66.19983427527274,175.0007062639509,1,1,0.0021598693318825024,0.0021598693318825024,3.6455480262317943,-0.08717776155225665
2023-06-12,181.68456110008822,178.7995831921066,179.09598823299092,181.58575439453125,54274900.0,174.90802434302972,69.45613267374526,175.677490234375,1,1,0.015638596506799773,0.015638596506799773,3.7025592808601937,-0.07290250288273858
2023-06-13,181.9414332653256,180.2519501997803,180.60763322554558,181.11151123046875,54929100.0,175.49883261802393,68.28165031773915,176.5067095075335,0,0,-0.0026116760405781037,-0.0026116760405781037,3.6928893954975512,-0.07532378120323968
2023-06-14,182.1785761189824,179.8370047903456,181.17080494588566,181.7438507080078,57462900.0,176.09359624564144,69.01698522700009,177.36133793422155,1,1,0.003491437254556473,0.0,3.6928893954975512,-0.07532378120323968
2023-06-15,184.28303741690132,181.57589328622848,181.7537423543279,183.77914428710938,65433200.0,176.82555320197173,71.27336654605466,178.28018297467912,1,1,0.011198692947094413,0.011198692947094413,3.7342449299253095,-0.0649686161534544
2023-06-16,184.74742157511324,182.06004151498252,184.490530124381,182.70223999023438,101256200.0,177.38523765799673,68.4950947252688,178.94991302490234,0,0,-0.005859774247248706,-0.005859774247248706,3.7123630976520143,-0.07044768897688769
2023-06-20,183.86807659469073,182.19834264439277,182.19834264439277,182.7911376953125,49799100.0,177.90008528059823,68.60144703575845,179.49402073451452,1,1,0.000486571511563616,0.0,3.7123630976520143,-0.07044768897688769
2023-06-21,183.1863452547994,180.40015882951445,182.6824521359612,181.7537384033203,49515700.0,178.2670998637146,65.87002763914072,179.9675576346261,0,0,-0.0056753259762591934,-0.0056753259762591934,3.6912942269306037,-0.07572320135392896
2023-06-22,184.8066817993699,181.46721386744264,181.53638158238215,184.7572784423828,51245300.0,178.88521210930207,69.56333953880232,180.45521109444755,1,1,0.01652532743176649,0.0,3.6912942269306037,-0.07572320135392896
2023-06-23,185.31056720794078,182.79114665956078,183.32467881492002,184.4411163330078,53117000.0,179.4143458448931,68.73913143857727,180.8595908028739,0,0,-0.0017112295225413243,-0.0017112295225413243,3.6849775752730936,-0.07730485109877205
2023-06-26,185.79470801287036,183.00852120673045,184.58933834045672,183.0480499267578,48088700.0,179.76041290030878,65.15845071391922,181.26114654541016,0,0,-0.007552905956906164,-0.0,3.6849775752730936,-0.07730485109877205
2023-06-27,186.13062478419894,183.4432447307805,183.6606074612621,185.80458068847656,50730800.0,180.33604792775333,68.56873679366764,181.88570840018136,1,1,0.0150590556021859,0.0,3.6849775752730936,-0.07730485109877205
2023-06-28,187.6224840299043,185.3500804657921,185.67610944091012,186.98028564453125,51216800.0,180.96883247220836,69.89182759020532,182.69234466552734,1,1,0.006327642470913553,0.006327642470913553,3.7082947958827557,-0.07146636608687873
2023-06-29,187.79044671269003,186.67399428172388,186.81231462111722,187.31619262695312,46347300.0,181.57334296313644,70.26822423123944,183.32890101841517,1,1,0.0017964834167623067,0.0017964834167623067,3.714956685988025,-0.0697982708116478
2023-06-30,192.14757008838143,188.96618679019105,189.33175958026345,191.64369201660156,85213200.0,182.5324238253712,74.57809132352426,184.24704088483537,1,1,0.0231026444054776,0.0231026444054776,3.800782009286158,-0.048308151036848934
2023-07-03,191.55479301639548,189.4602080229184,191.45598629070506,190.15182495117188,31458200.0,183.25808107544748,70.85109388260612,184.85890306745256,0,0,-0.007784587375307184,-0.007784587375307184,3.7711944896403744,-0.055716679389470114
2023-07-05,190.66554451499093,188.33384790710164,189.27246641036476,189.03533935546875,46920300.0,183.8082961497352,68.16745364839164,185.42489079066686,0,0,-0.005871548148379979,-0.0,3.7711944896403744,-0.055716679389470114
2023-07-06,189.7170705815605,186.9308841600135,187.56320791106293,189.50958251953125,45094300.0,184.3512758040015,68.69758072732465,185.9795859200614,1,1,0.002508754001656399,0.0,3.7711944896403744,-0.055716679389470114
2023-07-07,190.35926638037827,187.95841711755844,189.11438325252212,188.39312744140625,46815000.0,184.7362140551829,65.974856647227,186.3091561453683,0,0,-0.005891285618815245,-0.005891285618815245,3.748977305777801,-0.06127972213627009
2023-07-10,187.71141562141005,184.79678352776446,186.9901598095207,186.34796142578125,59922200.0,184.88971380476372,61.29080952471678,186.56956481933594,0,0,-0.010855841948168132,-0.0,3.748977305777801,-0.06127972213627009
2023-07-11,187.02966437924314,184.36204940347028,186.89134404941152,185.8242950439453,46638100.0,184.97872154182863,60.1399862254843,186.78621891566686,0,0,-0.0028101535312180514,-0.0,3.748977305777801,-0.06127972213627009
2023-07-12,189.4008949030878,186.2096372553674,187.4051170053163,187.49404907226562,60750200.0,185.2182765447274,62.503090897774726,187.1962411063058,1,1,0.008985660502171866,0.0,3.748977305777801,-0.06127972213627009
2023-07-13,188.897035286273,187.5039419858172,188.2153081360164,188.25482177734375,41342300.0,185.5074713287861,63.53976858858161,187.44606563023157,1,1,0.004057583207800475,0.004057583207800475,3.76418909314015,-0.05747078649998838
2023-07-14,188.88714410801785,187.35574553686786,187.94854060692288,188.4030303955078,41616200.0,185.78323885895006,63.745313799928034,187.72905949183874,1,1,0.0007872766113761198,0.0007872766113761198,3.767152551173976,-0.05672875529466115
2023-07-17,191.9894809296959,189.50957431242833,189.59849130268125,191.66343688964844,50520200.0,186.34325771901658,67.9316938295295,188.34444427490234,1,1,0.017305488596951912,0.017305488596951912,3.8323449666912954,-0.04040498552558036
2023-07-18,191.9993805984401,190.1122838217696,191.0311380681889,191.4065704345703,48288200.0,186.82547797764073,67.2873466379883,188.74458639962333,0,0,-0.0013401953927499877,-0.0013401953927499877,3.827208875623507,-0.041691030342884794
2023-07-19,195.85258285437448,190.3395031262878,190.7841182449009,192.7601318359375,80507300.0,187.3906831070023,68.92243577377029,189.15743255615234,1,1,0.0070716558908821,0.0,3.827208875623507,-0.041691030342884794
2023-07-20,194.1136901954007,190.19130213491889,192.7502360363635,190.81375122070312,59581200.0,187.71668959402143,64.07470512508661,189.40725816999162,0,0,-0.010097423137741868,-0.010097423137741868,3.7885639281698156,-0.05136748150620607
2023-07-21,192.63170595716375,188.93655473427472,191.77214478083425,189.63804626464844,71951700.0,187.89967594360496,61.3318014395756,189.26399775913782,0,0,-0.0061615315905341195,-0.0,3.7885639281698156,-0.05136748150620607
2023-07-24,192.57242242955687,189.9443205401746,191.09041212625252,190.43832397460938,45377800.0,188.14145194655777,62.482538638125185,189.28446197509766,1,1,0.0042200271819090585,0.0,3.7885639281698156,-0.05136748150620607
2023-07-25,192.10805493602857,190.60628029804008,191.01136672601527,191.29788208007812,37283200.0,188.44206434022638,63.7037610111612,189.4460721697126,1,1,0.00451357734897595,0.00451357734897595,3.80566390450115,-0.047085755258230555
2023-07-26,193.29365506077994,191.00148706119938,191.34728040522955,192.16732788085938,47471900.0,188.79685134409618,64.91958227135456,189.63591112409318,1,1,0.004544983934622326,0.004544983934622326,3.82296058580768,-0.04275477532480643
2023-07-27,194.83491122937494,190.24068626964305,193.66907060161117,190.90264892578125,47460200.0,188.99740349473288,61.7523787523985,189.8151626586914,0,0,-0.0065811341034112125,-0.0065811341034112125,3.797801169520424,-0.04905453451824382
2023-07-28,194.27179277672036,191.8116502798051,192.3352927070371,193.48138427734375,48291400.0,189.42444928355295,65.37779483645173,190.32469286237443,1,1,0.013508117179479529,0.0,3.797801169520424,-0.04905453451824382
2023-07-31,194.13346181996275,192.91820259976402,193.70861105598286,194.09393310546875,38824100.0,189.8691620284973,66.17937216734646,190.9153812953404,1,1,0.0031659315980856473,0.0031659315980856473,3.8098247482462555,-0.04604390622101884
2023-08-01,194.37057034188453,192.93796352063418,193.88645666636083,193.26400756835938,35175100.0,190.1924806513413,64.06403406128851,191.32752118791853,0,0,-0.004275896334474338,-0.004275896334474338,3.7935343325702395,-0.05012292358565784
2023-08-02,192.8391484466102,189.5490992662055,192.70082810591987,190.2703399658203,50389300.0,190.19989582414883,57.13033818270407,191.4714867728097,0,0,-0.01549004204251625,-0.0,3.7935343325702395,-0.05012292358565784
2023-08-03,190.06286344658966,188.40301925761534,189.27247006657564,188.87725830078125,61235200.0,190.07393034573286,54.25405209729987,191.50536019461495,0,0,-0.007321591296306718,-0.0,3.7935343325702395,-0.05012292358565784
2023-08-04,185.13272939460776,179.7382053306166,183.2950360404776,179.807373046875,115956800.0,189.09616298393686,40.33644633031438,190.6584984915597,0,0,-0.04801999634843668,-0.0,3.7935343325702395,-0.05012292358565784
2023-08-07,180.93370048918646,175.2230220636036,179.9456936325003,176.7050323486328,97576100.0,187.9160553043841,36.925874275687555,189.60838862827845,0,0,-0.017253690133348543,-0.0,3.7935343325702395,-0.05012292358565784
2023-08-08,178.10798009875546,175.45023954323045,177.5349343777014,177.64361572265625,67823000.0,186.9377277251719,38.57974282035351,188.5286374773298,0,0,0.005311582593593878,0.0,3.7935343325702395,-0.05012292358565784
2023-08-09,178.76007719518685,174.88709204262926,178.70079919463467,176.05294799804688,60378500.0,185.90108203687427,36.85574030955599,187.4742943899972,0,0,-0.008954263389306272,-0.0,3.7935343325702395,-0.05012292358565784
2023-08-10,178.58221348809383,175.46999837048295,177.32744074056737,175.83555603027344,54686900.0,184.9424605124361,36.62032151156865,186.488402230399,0,0,-0.0012348101536808764,-0.0,3.7935343325702395,-0.05012292358565784
2023-08-11,176.71608281179377,174.6681548123879,175.4299516016464,175.89492797851562,52036700.0,184.08079074730082,36.736494043866315,185.44958823067802,0,0,0.00033765610086256004,0.0,3.7935343325702395,-0.05012292358565784
2023-08-14,177.77467859210861,175.42004228880285,176.07301094207762,177.54713439941406,43675600.0,183.4585377617878,39.96017632809555,184.46739196777344,0,0,0.009393144190605884,0.0,3.7935343325702395,-0.05012292358565784
2023-08-15,177.56689345440594,175.16280240901472,176.9732979956624,175.55853271484375,43622600.0,182.7061563287455,37.53682487865228,183.28104945591517,0,0,-0.0112004155476636,-0.0,3.7935343325702395,-0.05012292358565784
2023-08-16,176.6369303294026,174.61868139075943,175.24197103328896,174.6879425048828,46964900.0,181.94251691694905,36.516312464102086,182.12285614013672,0,0,-0.004958974061232468,-0.0,3.7935343325702395,-0.05012292358565784
2023-08-17,175.6179059949575,171.6308631878828,175.25185467548476,172.14532470703125,66062900.0,181.00945099219496,33.699679684512006,180.59885188511439,0,0,-0.014555199181995548,-0.0,3.7935343325702395,-0.05012292358565784
2023-08-18,173.23362560342792,170.12709527960956,170.46346761685473,172.630126953125,61172200.0,180.21142013133112,34.710437271444576,179.0657228742327,0,0,0.0028162382389345098,0.0,3.7935343325702395,-0.05012292358565784
2023-08-21,174.2526308376999,171.88810651020768,173.2039318191006,173.96571350097656,46311900.0,179.6165909284402,37.474649146155045,177.68727329799108,0,0,0.007736694465932947,0.0,3.7935343325702395,-0.05012292358565784
2023-08-22,175.78609702554508,174.37134667878323,175.17271045239184,175.3408966064453,42038900.0,179.20938194539306,40.21788851798833,176.62088448660714,0,0,0.007904908834010183,0.0,3.7935343325702395,-0.05012292358565784
2023-08-23,179.61486234805133,176.42918310654636,176.61716031274474,179.18943786621094,52722800.0,179.20748250928045,47.060186562511035,175.92889731270927,0,0,0.02194890829378915,0.0,3.7935343325702395,-0.05012292358565784
2023-08-24,179.16966018527063,174.13390304899033,178.74423570753817,174.49996948242188,54945800.0,178.75914793529392,41.03598541579591,175.54979705810547,0,0,-0.02617045089058423,-0.0,3.7935343325702395,-0.05012292358565784
2023-08-25,177.2404295003986,173.9459373407173,175.4893068451812,176.70619201660156,51449600.0,178.5636283239899,44.55111040462973,175.54987989153182,0,0,0.01264311128949469,0.0,3.7935343325702395,-0.05012292358565784
2023-08-28,178.66510907128173,176.64685983066678,178.17043851174256,178.26937866210938,43820700.0,178.53560454666794,46.91154373639844,175.5945772443499,0,0,0.008846247138645458,0.0,3.7935343325702395,-0.05012292358565784
2023-08-29,182.929124873536,177.58669009574285,177.78455525489372,182.15744018554688,53003900.0,178.88054127418022,52.23515069538826,176.0306124005999,1,1,0.021810035759461055,0.0,3.7935343325702395,-0.05012292358565784
2023-08-30,185.84770631972717,182.77085531463172,182.9687204884091,185.6498260498047,60813900.0,179.52523506233493,56.37171270919719,176.73163168770927,1,1,0.019172348165962694,0.019172348165962694,3.866265293573809,-0.03191154956177533
2023-08-31,187.10415359099386,185.48163505454943,185.8377983965077,185.8674774169922,60794500.0,180.12925814373085,56.6181772783003,177.44395664760046,1,1,0.001172375820751359,0.001172375820751359,3.8707980095206054,-0.030776586070132894
2023-09-01,187.8956554579994,186.27313669620688,187.4702460412081,187.44056701660156,45766500.0,180.82557327448043,58.405846157872055,178.150630405971,1,1,0.008463501100196114,0.008463501100196114,3.90355851273282,-0.022573562640001654
2023-09-05,187.95499277883354,185.61025951662367,186.27311615331163,187.677978515625,45280000.0,181.47818329744658,58.676368073607556,179.01630510602678,1,1,0.001266596141924925,0.001266596141924925,3.9085027448848257,-0.021335558085425976
2023-09-06,186.83704535292617,179.5357042757167,186.39182984634905,180.96035766601562,81755800.0,181.42886657064363,49.154473993126,179.46433476039343,0,0,-0.035793335492741885,-0.035793335492741885,3.7686043948628605,-0.05636522278969136
2023-09-07,176.31045432139675,171.69021887943939,173.31273740579792,175.66737365722656,112488800.0,180.880152959842,43.323452180241446,179.71590968540735,0,0,-0.029249411733358266,-0.0,3.7686043948628605,-0.05636522278969136
2023-09-08,178.31881673909905,175.89491935539235,176.44896296342043,176.28076171875,65551300.0,180.4421156987856,44.13190853718821,179.97666931152344,0,0,0.0034917585932623396,0.0,3.7686043948628605,-0.05636522278969136
2023-09-11,178.3781946740771,175.44973851819339,178.15065045906456,177.44821166992188,58953100.0,180.156981981751,45.684149438030616,180.2254191807338,0,0,0.006622673624672171,0.0,3.7686043948628605,-0.05636522278969136
2023-09-12,178.2100000030001,172.95660168355545,177.57682236385347,174.4208221435547,90370200.0,179.6106810447799,42.4636788900278,180.15969957624162,0,0,-0.017060693358795564,-0.0,3.7686043948628605,-0.05636522278969136
2023-09-13,175.4101637291933,172.12554433664133,174.62857587906927,172.3531036376953,84267900.0,178.91948319648614,40.415350236491925,179.67138998849052,0,0,-0.011854768716533015,-0.0,3.7686043948628605,-0.05636522278969136
2023-09-14,174.2229694212733,171.72982568427443,172.14534712441645,173.86680603027344,60895800.0,178.43827584732304,42.55081008334913,179.62616402762276,0,0,0.00878256533030064,0.0,3.7686043948628605,-0.05636522278969136
2023-09-15,174.61870067060727,171.96727382158934,174.5989096220804,173.1445770263672,109259500.0,177.93411405485105,41.798446132304136,179.37176295689173,0,0,-0.004153921156062945,-0.0,3.7686043948628605,-0.05636522278969136
2023-09-18,177.46798769380123,174.2921965438023,174.59888982853914,176.07301330566406,67257600.0,177.7568663644523,45.882531985813735,179.21487971714564,0,0,0.016913242849361243,0.0,3.7686043948628605,-0.05636522278969136
2023-09-19,177.71532920549458,175.24197669791334,175.62781908525017,177.1613006591797,51826900.0,177.700145821093,47.32837518888973,178.85801260811942,0,0,0.006180886741719682,0.0,3.7686043948628605,-0.05636522278969136
2023-09-20,177.78457830053213,173.5304088946865,177.3492658362857,173.6194610595703,58436200.0,177.31150917713848,43.35981601072973,177.99870082310267,0,0,-0.019992174286545317,-0.0,3.7686043948628605,-0.05636522278969136
2023-09-21,174.42082885900223,172.006834299268,172.68948203416045,172.07608032226562,63149100.0,176.81289690524585,41.75387840198533,177.0136010306222,0,0,-0.008889445502743176,-0.0,3.7686043948628605,-0.05636522278969136
2023-09-22,175.19250979208792,172.19480770645978,172.8081943086496,172.92691040039062,56725400.0,176.4428029524025,42.979395041575174,175.97691127232142,0,0,0.004944499412885106,0.0,3.7686043948628605,-0.05636522278969136
2023-09-25,175.08368369125543,172.29373473406022,172.3432048049037,174.2031707763672,46172700.0,176.22950464992297,44.81282044749502,175.01442500523157,0,0,0.007380345679116829,0.0,3.7686043948628605,-0.05636522278969136
2023-09-26,173.33251464271248,169.8302546610243,172.95657538348075,170.12705993652344,64588900.0,175.64831943912301,40.44123539578751,174.24061802455358,0,0,-0.023398603031608678,-0.0,3.7686043948628605,-0.05636522278969136
2023-09-27,171.19555331579562,167.24809254140138,170.7800319235512,168.61337280273438,66921800.0,174.97832452137172,38.955729023817476,173.73676082066126,0,0,-0.008897391951367628,-0.0,3.7686043948628605,-0.05636522278969136
2023-09-28,170.19631868961176,165.83332157268651,167.53498917707262,168.87060546875,56294400.0,174.3966369925506,39.35421871841767,173.20746394566126,0,0,0.0015255768966591088,0.0,3.7686043948628605,-0.05636522278969136
2023-09-29,171.22524557281096,168.52433390834895,170.18643455541363,169.38507080078125,51861100.0,173.91934497428684,40.176369247506614,172.63152531215124,0,0,0.003046506113975278,0.0,3.7686043948628605,-0.05636522278969136
2023-10-02,172.4421355524603,169.10804618991,169.39496352748424,171.8979949951172,52164500.0,173.72683545246116,44.0745326113513,172.45132337297713,0,0,0.014835570705587608,0.0,3.7686043948628605,-0.05636522278969136
2023-10-03,171.77927819729268,168.99923247491208,170.42387079713225,170.5623779296875,49594600.0,173.42545854553032,42.52427747801667,172.3234143938337,0,0,-0.007769823408746768,-0.0,3.7686043948628605,-0.05636522278969136
2023-10-04,172.35308521759683,169.14761525980057,169.26633133730053,171.80894470214844,53020300.0,173.2715048461606,44.44407671116358,172.17642429896765,0,0,0.007308568205907751,0.0,3.7686043948628605,-0.05636522278969136
2023-10-05,173.57987653919332,170.83939772477277,171.93756684563112,173.04563903808594,48527900.0,173.24999381682017,46.31663074908577,172.1693572998047,0,0,0.007198078878148495,0.0,3.7686043948628605,-0.05636522278969136
2023-10-06,176.09279974358,171.33405713065292,171.947458780219,175.59812927246094,57266700.0,173.47362576497642,49.97956848128469,172.13543701171875,1,1,0.014750387519521402,0.0,3.7686043948628605,-0.05636522278969136
2023-10-09,177.1415113656987,173.92615307401468,174.9253820623563,177.0821533203125,42390800.0,173.8172950559608,51.98461046836545,172.1297836303711,1,1,0.00845125203782171,0.00845125203782171,3.800453820434689,-0.04839032745583327
2023-10-10,177.80436599291428,176.05322819338144,176.20163840129018,176.48854064941406,43698000.0,174.07169939819445,51.121789474289145,172.3347178867885,0,0,-0.0033521880086057054,-0.0033521880086057054,3.7877139847105683,-0.05158030198900909
2023-10-11,177.9329844734106,175.70696722860302,176.300562769531,177.88351440429688,47551100.0,174.43472939877563,53.04942999896064,172.7495346069336,1,1,0.007904047196207742,0.0,3.7877139847105683,-0.05158030198900909
2023-10-12,180.39642899359671,177.13160077070958,178.1506358590928,178.7838134765625,56743100.0,174.8489278823744,54.274515023698655,173.16788482666016,1,1,0.005061172055659924,0.005061172055659924,3.8068842568848176,-0.046780186716398386
2023-10-13,179.9908063804386,176.24121051823693,179.48624788964275,176.9436492919922,51427100.0,175.04842515948084,51.38951358057076,173.36363329206193,0,0,-0.010292677780986859,-0.010292677780986859,3.7677012238791905,-0.05659137110897905
2023-10-16,177.17119633941073,174.6285826048942,174.86602989056055,176.81503295898438,52517000.0,175.21667352133832,51.18932218531009,173.84134565080916,0,0,-0.0007268773619309998,-0.0,3.7677012238791905,-0.05659137110897905
2023-10-17,176.51821654411026,172.93680701299223,174.7670787756051,175.26174926757812,57549400.0,175.22096644955164,48.773919151430206,174.31622968401228,0,0,-0.008784794287070352,-0.0,3.7677012238791905,-0.05659137110897905
2023-10-18,175.68717223288098,173.2434988158149,173.70849028197048,173.96571350097656,54764400.0,175.10141854968737,46.833011325474224,174.68016597202845,0,0,-0.007394858102339641,-0.0,3.7677012238791905,-0.05659137110897905
2023-10-19,175.94441955236843,173.32267164674883,174.16360253338752,173.5897979736328,59302900.0,174.9574546853012,46.27083280790125,174.98050362723214,0,0,-0.0021608598601334794,-0.0,3.7677012238791905,-0.05659137110897905
2023-10-20,173.55019672394363,170.7998299466356,173.44136860989997,171.0372772216797,64244000.0,174.5841044506706,42.61458333766007,174.91902378627233,0,0,-0.014704324688141202,-0.0,3.7677012238791905,-0.05659137110897905
2023-10-23,172.15523490983713,168.1187215150264,169.08828663709707,171.156005859375,55980100.0,174.2576188705472,42.83574794445099,174.96142578125,0,0,0.0006941681931795785,0.0,3.7677012238791905,-0.05659137110897905
2023-10-24,171.81886808001443,169.62252961684246,171.2054814250168,171.59132385253906,43816600.0,174.0036860116893,43.67357390452614,174.94588143484933,0,0,0.0025433988774061778,0.0,3.7677012238791905,-0.05659137110897905
2023-10-25,171.21536038795298,168.83104482476435,170.04794519039626,169.27626037597656,57157000.0,173.55345499876427,40.36199863635681,174.6766401018415,0,0,-0.013491728046529872,-0.0,3.7677012238791905,-0.05659137110897905
2023-10-26,169.55327657792432,163.90413245355498,168.55403244057868,165.1111297607422,70625300.0,172.74942402371454,35.29377135708474,173.92756870814733,0,0,-0.024605521211203962,-0.0,3.7677012238791905,-0.05659137110897905
2023-10-27,167.1590740039346,165.05177269186868,165.13092178908886,166.4269561767578,58499100.0,172.1472842287663,37.887409771308455,173.16648319789343,0,0,0.00796933809321243,0.0,3.7677012238791905,-0.05659137110897905
2023-10-30,169.3455090048735,167.07002152646473,167.218431744534,168.47488403320312,51131000.0,171.79753182918884,41.71489375110875,172.59407915387834,0,0,0.012305265345778915,0.0,3.7677012238791905,-0.05659137110897905
2023-10-31,169.07835686158955,166.11033410734646,167.54489051547947,168.9497528076172,44846000.0,171.52631477951536,42.578554566051274,171.95595332554407,0,0,0.002818632445655611,0.0,3.7677012238791905,-0.05659137110897905
2023-11-01,172.37286957481675,168.30667766450742,169.1773025316942,172.1156463623047,56934900.0,171.58244159692387,47.98727259708633,171.47965567452567,1,1,0.018738669350363057,0.0,3.7677012238791905,-0.05659137110897905
2023-11-02,175.88504503012373,173.58978171760563,173.64913976332178,175.6772918701172,77334800.0,171.972427337228,53.20682770528746,171.38920157296317,1,1,0.020693327905327186,0.020693327905327186,3.845667500754225,-0.037069107002622004
2023-11-03,174.93529110628108,171.5022764668811,172.38278939451087,174.76708984375,79829200.0,172.23858567118248,51.80825099543198,171.242919921875,0,0,-0.005181102330744758,-0.005181102330744758,3.825742703902798,-0.04205815049667694
2023-11-06,177.51746053122469,174.3317961816863,174.49998235165765,177.31959533691406,63841300.0,172.7224913536331,55.27835118875339,171.38990892682756,1,1,0.014605183936209798,0.0,3.825742703902798,-0.04205815049667694
2023-11-07,180.495375116872,177.06236062659886,177.2701137835187,179.88198852539062,70530000.0,173.40434822713382,58.44058672211894,171.8125,1,1,0.014450705144053222,0.014450705144053222,3.88102738367391,-0.028215215284355333
2023-11-08,181.49458023161168,179.65440560298228,180.40631432840433,180.9405517578125,49340300.0,174.12208189672225,59.68035504511328,172.33755384172713,1,1,0.005884765012326154,0.005884765012326154,3.903866317833234,-0.022496490183749884
2023-11-09,182.15747832651147,179.87210280308707,181.00985412468407,180.46571350097656,53763500.0,174.72623728760362,58.85139578604262,173.0110135759626,0,0,-0.0026242777101260772,-0.0026242777101260772,3.893621488472032,-0.025061730856130615
2023-11-10,184.82455079604722,181.81298306450438,182.24886906112522,184.6561279296875,66133400.0,175.6719411582783,63.55400863135062,173.97530800955636,1,1,0.023220003109833076,0.0,3.893621488472032,-0.025061730856130615
2023-11-13,184.28957909475855,182.4866141219331,184.0815522328342,183.0710906982422,43627500.0,176.37662206684627,60.78795536190282,174.79529135567802,0,0,-0.00858372396960938,-0.00858372396960938,3.8601997163728488,-0.0334303318458703
2023-11-14,186.35013134634684,184.55706727911962,185.94396348691,185.6864013671875,60108400.0,177.2632677144978,63.54376738117919,175.96744428362166,1,1,0.014285765485803292,0.0,3.8601997163728488,-0.0334303318458703
2023-11-15,187.72708773166863,186.02317839099575,186.09253074506157,186.2510223388672,53790500.0,178.11924434539011,64.11686758593935,177.47743661063058,1,1,0.0030407233245000054,0.0030407233245000054,3.871937515687652,-0.030491260911159834
2023-11-16,189.1734556093977,186.88505441646575,187.79646053927942,187.93515014648438,54412900.0,179.0540925169229,65.8046641071503,179.01373617989677,1,1,0.00904224732014125,0.00904224732014125,3.906948532312633,-0.02172472311328022
2023-11-17,188.5988913131576,186.80582731444395,188.47010270019993,187.91534423828125,50922700.0,179.89802125229036,65.76637019627287,180.40234048025948,0,0,-0.00010538692835104779,-0.00010538692835104779,3.906536791007587,-0.021827820539793152
2023-11-20,190.11456230851306,188.10355547172335,188.11345647352806,189.6588592529297,46505100.0,180.82762487139885,67.51792654835918,181.88156236921037,1,1,0.009278193974610272,0.0,3.906536791007587,-0.021827820539793152
2023-11-21,189.72821721009598,187.96487141071046,189.6192457228965,188.8564453125,38134500.0,181.592274437218,65.88485237892442,183.07733372279577,0,0,-0.004230827621712008,-0.004230827621712008,3.890008907246958,-0.025966298415443623
2023-11-22,191.12502655036587,189.0446822742513,189.69851123933077,189.5201873779297,39617700.0,182.34731376490484,66.58850767165987,184.0661119733538,1,1,0.0035145322381313626,0.0,3.890008907246958,-0.025966298415443623
2023-11-24,189.1140258787283,187.47946852715137,189.0843077535022,188.19273376464844,24048300.0,182.9040204315471,63.81743170142639,185.02508653913225,0,0,-0.007004286095571022,-0.007004286095571022,3.862762171946281,-0.03278870912806986
2023-11-27,188.886176253634,187.13273133734725,188.14319291304204,188.014404296875,40552600.0,183.39072365681642,63.44407805671788,185.78900146484375,0,0,-0.0009475895493205044,-0.0,3.862762171946281,-0.03278870912806986
2023-11-28,189.29232889633607,187.62803848681267,188.0044881862593,188.61868286132812,38415400.0,183.88862453343657,64.1913176640956,186.41305106026786,1,1,0.0032140014309700593,0.0,3.862762171946281,-0.03278870912806986
2023-11-29,190.29289712708973,187.202091144525,189.1140277612682,187.5983428955078,43014200.0,184.24193104411003,61.94089685305528,186.88860757010323,0,0,-0.005409538176928463,-0.005409538176928463,3.8418664125087423,-0.03802087553119782
2023-11-30,188.53944603911236,186.42936866830843,188.06392585220516,188.1728973388672,48794400.0,184.61630878646787,62.715673342304946,187.43912070138114,1,1,0.0030626840007823564,0.0,3.8418664125087423,-0.03802087553119782
2023-12-01,189.76784980640184,187.4596464071562,188.54936135651158,189.4508514404297,45704800.0,185.0767414201785,64.41189725873318,187.78160095214844,1,1,0.0067913823915943805,0.0067913823915943805,3.8679579964135122,-0.03148770744419893
2023-12-04,188.2719857330804,185.69630404843608,188.20263336404662,187.65777587890625,43389500.0,185.32255422577163,60.35643654088112,188.10922132219588,0,0,-0.009464594895670086,-0.009464594895670086,3.8313493409039907,-0.04065428394471626
2023-12-05,192.58127042048946,188.40074973234698,188.43048297188668,191.61044311523438,66628400.0,185.92140078667285,65.40994926684057,188.53236716134208,1,1,0.02106316787468887,0.0,3.8313493409039907,-0.04065428394471626
2023-12-06,192.93789631295678,190.3126947209947,192.63079897005184,190.52073669433594,41089700.0,186.35943277787885,63.07657485120307,188.83734675816126,0,0,-0.0056870930580912304,-0.0056870930580912304,3.8095601006642132,-0.04611017230680381
2023-12-07,193.17563496534902,191.77882290005957,191.8184571363125,192.4524688720703,47477700.0,186.9397219297066,65.38103149649834,189.1600123814174,1,1,0.010139222696968542,0.0,3.8095601006642132,-0.04611017230680381
2023-12-08,194.15643811306077,191.8581354147518,192.38317583675507,193.87905883789062,53406400.0,187.60061115905745,66.98292557271674,189.58599199567522,1,1,0.007412687268608664,0.007412687268608664,3.8377991783214065,-0.039039285325407125
2023-12-11,191.67982369646083,189.62918217652637,191.30337392193297,191.37271118164062,60943700.0,187.95985878025587,61.70281305251149,189.70840999058314,0,0,-0.01292737684654044,-0.01292737684654044,3.7881865020819023,-0.051461986618726474
2023-12-12,192.89826770087802,189.92633467152928,191.27361158280868,192.88836669921875,52696900.0,188.42924048682377,63.53267594153013,189.99640437534876,1,1,0.00791991453859664,0.0,3.7881865020819023,-0.051461986618726474
2023-12-13,196.1475903161728,193.02706651664724,193.26481149731427,196.10797119140625,70404200.0,189.16054817297447,67.05273139837766,190.46696036202567,1,1,0.016691543130789244,0.016691543130789244,3.851417180468876,-0.03562942345717979
2023-12-14,197.75242887078264,194.32480773637585,196.16740691178524,196.25656127929688,66831600.0,189.83635894500517,67.20651037001818,191.04294804164343,1,1,0.0007576952991146246,0.0007576952991146246,3.8543353811614467,-0.034898724404728854
2023-12-15,196.54385551373443,195.15695931123605,195.68199966761293,195.7216339111328,128538400.0,190.39686132273164,66.03847513060677,191.59346444266183,0,0,-0.0027256534236468344,-0.0027256534236468344,3.8438297987339007,-0.03752925600072099
2023-12-18,194.79040955452615,192.5713606983871,194.25545312358386,194.0573272705078,55751900.0,190.74547712728176,62.48204130489394,191.9819390433175,0,0,-0.008503437291866645,-0.0,3.8438297987339007,-0.03752925600072099
2023-12-19,195.10743518311423,194.05735441052127,194.32483266340077,195.0975341796875,40714100.0,191.1599587513204,63.76584498528893,192.51759556361608,1,1,0.0053603073061481155,0.0,3.8438297987339007,-0.03752925600072099
2023-12-20,195.8305908429342,193.00726318359375,195.05788936850126,193.00726318359375,52242800.0,191.33589250677502,59.4619855608973,192.86290740966797,0,0,-0.010713979573768406,-0.010713979573768406,3.8026470847852236,-0.04784114789227889
2023-12-21,195.23619818360498,191.6896894536902,194.26537091395173,192.858642578125,46482500.0,191.48091632309408,59.16312138254236,193.10632106236048,0,0,-0.0007700259721696856,-0.0,3.8026470847852236,-0.04784114789227889
2023-12-22,193.5818520298925,191.16467694820312,193.35399290351117,191.78878784179688,37149600.0,191.51023742011338,56.99254684639821,193.4013933454241,0,0,-0.005547351791065025,-0.0,3.8026470847852236,-0.04784114789227889
2023-12-26,192.0760341178965,191.02595351616222,191.79865490672267,191.243896484375,28919300.0,191.48487161670974,55.89317675043109,193.37521144321985,0,0,-0.0028411012111476674,-0.0,3.8026470847852236,-0.04784114789227889
2023-12-27,191.6897034098951,189.3022466284661,190.68915794498034,191.3429718017578,48087700.0,191.47135734861908,56.05541869128521,193.43394252232142,0,0,0.0005180574083885059,0.0,3.8026470847852236,-0.04784114789227889
2023-12-28,192.83883387512188,191.3627683436117,192.32369457775746,191.76893615722656,34049900.0,191.49969818753408,56.774994561925915,193.38511875697546,1,1,0.002226182396237064,0.0,3.8026470847852236,-0.04784114789227889
2023-12-29,192.5812907184497,189.93627163544917,192.08596845310797,190.72879028320312,42672100.0,191.4262783871216,54.48190543393466,193.16009957449776,0,0,-0.005423953925314806,-0.005423953925314806,3.782021702203116,-0.053005613635691784
2024-01-02,186.67703614744315,182.16960103197144,185.39909638597572,183.90322875976562,82488700.0,190.70979747023057,42.597692218614135,192.6265651157924,0,0,-0.035786739449784055,-0.0,3.782021702203116,-0.053005613635691784
2024-01-03,184.1409850600839,181.7138941984477,182.49651173581816,182.52622985839844,58414500.0,189.93041007862752,40.71182828117348,191.88641248430525,0,0,-0.007487627654248374,-0.0,3.782021702203116,-0.053005613635691784
2024-01-04,181.37708304150152,179.18776734055538,180.44587486910356,180.2081298828125,71983600.0,189.00447863140704,37.750276156717334,190.7507095336914,0,0,-0.012700092350476422,-0.0,3.782021702203116,-0.053005613635691784
2024-01-05,181.05019027633338,178.4844245514249,180.2874048658164,179.48497009277344,62379700.0,188.0978587705848,36.869541642899044,189.552738734654,0,0,-0.004012914348033747,-0.0,3.782021702203116,-0.053005613635691784
2024-01-08,183.86362411289957,179.80197564152536,180.38645226507356,183.82398986816406,59144500.0,187.6908236370209,44.97729573595828,188.7029070172991,0,0,0.024174836328344718,0.0,3.782021702203116,-0.053005613635691784
2024-01-09,183.41779895114087,181.0204413910758,182.19931060924736,183.40789794921875,42841800.0,187.2829259524683,44.401676837837584,187.9422334943499,0,0,-0.002263534369174147,-0.0,3.782021702203116,-0.053005613635691784
2024-01-10,184.6561164657865,182.1993225017619,182.6253074687535,184.44808959960938,46792900.0,187.0129415379103,46.213095071411196,187.18155888148718,0,0,0.005671465962052702,0.0,3.782021702203116,-0.053005613635691784
2024-01-11,185.3000462697353,181.90212796654464,184.79480792904317,183.85369873046875,49128400.0,186.71206127053495,45.32485848270312,186.5277328491211,0,0,-0.0032225374110997906,-0.0,3.782021702203116,-0.053005613635691784
2024-01-12,184.99293868218925,183.45743685571247,184.3192926371913,184.18060302734375,40477800.0,186.47097000927866,45.92654820231644,185.90787288120814,0,0,0.0017780675566079207,0.0,3.782021702203116,-0.053005613635691784
2024-01-16,182.53614407524432,179.2372961857114,180.4557997638508,181.91204833984375,65603000.0,186.036786993142,42.50933551140768,185.2023914882115,0,0,-0.012317011944863787,-0.0,3.782021702203116,-0.053005613635691784
2024-01-17,181.2185778549055,178.613193289656,179.57411959355028,180.97091674804688,47317400.0,185.55432316027577,41.17156065701223,184.46860722133093,0,0,-0.005173552826136518,-0.0,3.782021702203116,-0.053005613635691784
2024-01-18,187.3704881134165,184.0914574471942,184.34901955890965,186.86526489257812,78005800.0,185.6791747538284,51.27968596803658,184.14877101353235,1,1,0.03257069285192138,0.0,3.782021702203116,-0.053005613635691784
2024-01-19,190.15418823308323,187.0534815615711,187.5587047602819,189.76783752441406,68903000.0,186.06857120816989,55.264089178048806,184.0058353969029,1,1,0.01553297041857693,0.01553297041857693,3.840767733425853,-0.03829597784573657
2024-01-22,193.50258021639056,190.46129453087994,190.50092877344645,192.0760498046875,60133900.0,186.64071202688586,58.130386267476965,184.10206821986608,1,1,0.012163348175248556,0.012163348175248556,3.887484328627772,-0.02659843698273734
2024-01-23,193.91866327514697,192.0166276255296,193.1954970136862,193.35398864746094,42355600.0,187.28007170503588,59.637525651515745,184.7771224975586,1,1,0.006653296150524346,0.006653296150524346,3.913348913146655,-0.020122108110600223
2024-01-24,194.542744606446,192.5218216434054,193.59171936806808,192.68032836914062,53631300.0,187.79438186352203,58.46966155048608,185.5024152483259,0,0,-0.003484077484166015,-0.003484077484166015,3.899714502310675,-0.023536078610964073
2024-01-25,194.43379881211092,191.30335858737243,193.3936190715828,192.3534393310547,54822100.0,188.22857781281084,57.89061079078867,186.36993735177177,0,0,-0.0016965356082416783,-0.0,3.899714502310675,-0.023536078610964073
2024-01-26,192.93790105900956,190.14429166563914,192.45249496932922,190.6197967529297,44594000.0,188.45631294996502,54.85770253548342,187.1652821132115,0,0,-0.009012797401252937,-0.0,3.899714502310675,-0.023536078610964073
2024-01-29,190.40186815816608,187.80638442872507,190.21364328629937,189.93626403808594,47145600.0,188.59726067264322,53.69029348793175,187.60187312534876,0,0,-0.003585843267526423,-0.0,3.899714502310675,-0.023536078610964073
2024-01-30,190.0056098088079,185.71611749758625,189.1536549714469,186.28077697753906,55859400.0,188.3766431778714,47.94643063493761,187.8070787702288,0,0,-0.019245861652906204,-0.0,3.899714502310675,-0.023536078610964073
2024-01-31,185.34957189909602,182.62529981948686,185.2901205380725,182.67481994628906,55467800.0,187.83361239391118,43.15275640759496,187.68041665213448,0,0,-0.01935764435685594,-0.0,3.899714502310675,-0.023536078610964073
2024-02-01,185.20097077595153,182.1002640289582,182.26867176596141,185.11181640625,64885400.0,187.57439372841964,46.92754113797031,187.77028220040458,0,0,0.013340626040728942,0.0,3.899714502310675,-0.023536078610964073
2024-02-02,185.5774319441079,177.57302274507782,178.1773164815156,184.1112823486328,102551700.0,187.24457359701137,45.61843009507637,187.7653307233538,0,0,-0.005405025335721403,-0.0,3.899714502310675,-0.023536078610964073
2024-02-05,187.47945226083425,184.10135123689923,186.3897373769733,185.92413330078125,69668800.0,187.11881737832277,48.365653569877615,188.0519082205636,0,0,0.009846495711846925,0.0,3.899714502310675,-0.023536078610964073
2024-02-06,187.53889270164484,185.02266252630227,185.1118168962398,187.52899169921875,43490800.0,187.15788159936048,50.68707519024871,188.52034214564733,1,1,0.008631791741856354,0.0,3.899714502310675,-0.023536078610964073
2024-02-07,189.26261088240534,186.84543618864265,188.85644306077413,187.63795471191406,53439000.0,187.2036028481751,50.8450186525992,188.5755342755999,1,1,0.0005810462249489223,0.0005810462249489223,3.9019804167006216,-0.022968707935642096
2024-02-08,187.7667541606289,185.5972553767356,187.61816353023744,186.5581817626953,40962000.0,187.1421341733675,49.201227767013016,188.34627314976282,0,0,-0.00575455509988132,-0.00575455509988132,3.87952625539406,-0.028591088340134685
2024-02-09,188.45270503827624,186.47880163607178,187.12353611951417,187.32192993164062,45155200.0,187.15925757891733,50.39525843618282,188.00669315883093,1,1,0.004093887288828757,0.0,3.87952625539406,-0.028591088340134685
2024-02-12,187.14337102036012,185.27857823550397,186.89539390047275,185.6356658935547,41781900.0,187.0141536088828,47.78487382476118,187.45538439069475,0,0,-0.009001957425386897,-0.009001957425386897,3.844602925212332,-0.03733567000553817
2024-02-13,184.70328611762721,182.02512109310902,184.26684396147397,183.54273986816406,56529500.0,186.6835427764334,44.75606792130326,186.80269949776786,0,0,-0.01127437454067004,-0.0,3.844602925212332,-0.03733567000553817
2024-02-14,184.02878118831165,180.96378758253468,183.8204888809099,182.65994262695312,54630500.0,186.30034276219718,43.53099188132896,186.1103068760463,0,0,-0.004809763883033669,-0.0,3.844602925212332,-0.03733567000553817
2024-02-15,182.99720639873473,179.8826142837668,182.06480997798818,182.37229919433594,65434500.0,185.92624337478185,43.12611650583767,185.52119990757532,0,0,-0.0015747482917184419,-0.0,3.844602925212332,-0.03733567000553817
2024-02-16,183.35429496994237,180.2000180232841,181.9358579237584,180.8348388671875,49752500.0,185.4413477073919,40.98156167423088,184.871098109654,0,0,-0.008430339113672747,-0.0,3.844602925212332,-0.03733567000553817
2024-02-20,180.95386745060242,178.54353696650966,180.31904659124555,180.09091186523438,53665600.0,184.9317823890912,39.96922418405543,184.42896488734655,0,0,-0.0041138477884756774,-0.0,3.844602925212332,-0.03733567000553817
2024-02-21,181.41013702999714,179.19818540957374,180.46782702325083,180.84475708007812,41371400.0,184.5425418834709,41.51037073933637,184.2982461111886,0,0,0.004185914808448876,0.0,3.844602925212332,-0.03733567000553817
2024-02-22,183.463411373256,180.98364000764028,181.99537582737872,182.878173828125,52292200.0,184.3840306401046,45.484232226292015,184.1387002127511,0,0,0.01124399059656711,0.0,3.844602925212332,-0.03733567000553817
2024-02-23,183.54275049121756,180.75548990166286,183.51299444569602,181.04315185546875,45119700.0,184.0658517082345,42.726676864927704,183.91954803466797,0,0,-0.010034122357219455,-0.0,3.844602925212332,-0.03733567000553817
2024-02-26,181.28118200444274,179.1882545795608,180.76540051034647,179.6941375732422,40867400.0,183.6494979810924,40.81196869538536,183.47454833984375,0,0,-0.007451341121720634,-0.0,3.844602925212332,-0.03733567000553817
2024-02-27,182.43179212202116,178.10707086865912,179.63461828889808,181.15223693847656,54318900.0,183.41166359608135,43.68332726846262,183.0190658569336,0,0,0.008114340205673365,0.0,3.844602925212332,-0.03733567000553817
2024-02-28,181.6382830805114,178.67248629654023,181.03321827875988,179.95204162597656,48953900.0,183.0821757894047,41.921234383549766,182.47007206508093,0,0,-0.00662534083367472,-0.0,3.844602925212332,-0.03733567000553817
2024-02-29,181.09274105155225,178.07733075339527,179.80325698202418,179.28746032714844,136682600.0,182.72077431680884,40.95823305826009,181.9507348196847,0,0,-0.0036931023000530416,-0.0,3.844602925212332,-0.03733567000553817
2024-03-01,179.06923911535185,175.94473341504965,178.0971730296413,178.20628356933594,73563100.0,182.2908228170495,39.407982130708376,181.29961722237724,0,0,-0.006030409242451573,-0.0,3.844602925212332,-0.03733567000553817
2024-03-04,175.46860492728393,172.38376893378626,174.7246735635979,173.6831817626953,81510100.0,181.4710474785396,33.77795823599513,180.44586835588728,0,0,-0.025381270043044246,-0.0,3.844602925212332,-0.03733567000553817
2024-03-05,170.64791631173568,168.2474997741583,169.37827475690668,168.7434539794922,95132400.0,180.25889571672556,29.0129752303568,179.38877650669642,0,0,-0.028441025395034014,-0.0,3.844602925212332,-0.03733567000553817
2024-03-06,169.85442810491517,167.31512946505867,169.67587669286206,167.75157165527344,68587700.0,179.06772199658727,28.17294721107399,178.32389286586218,0,0,-0.005878049197329482,-0.0,3.844602925212332,-0.03733567000553817
2024-03-07,169.34853532264208,167.12666995146384,167.78131806385875,167.63253784179688,71765100.0,177.97865683898817,28.070279275469247,177.27105276925224,0,0,-0.0007095838942193788,-0.0,3.844602925212332,-0.03733567000553817
2024-03-08,172.29449531822434,167.57301652903823,167.6325286145872,169.34852600097656,76267000.0,177.15673961632038,31.83953355023658,176.45060185023718,0,0,0.010236605501964924,0.0,3.844602925212332,-0.03733567000553817
2024-03-11,172.9690037589795,170.65785520874886,171.54065314121274,171.35218811035156,60139500.0,176.6039251871805,35.963911457045626,175.82640729631697,0,0,0.011831588716416874,0.0,3.844602925212332,-0.03733567000553817
2024-03-12,172.62183794587216,169.62626998762764,171.7489536078961,171.82830810546875,59825400.0,176.14910451273175,36.91867328319752,175.18237522670202,0,0,0.0027786046992908098,0.0,3.844602925212332,-0.03733567000553817
2024-03-13,171.78864474969012,169.37829909505535,171.37204497358655,169.7453155517578,52488700.0,175.53921984978186,34.54662478225298,174.2443139212472,0,0,-0.012122522631325627,-0.0,3.844602925212332,-0.03733567000553817
2024-03-14,172.89957168966941,170.65786388331372,171.51090581587792,171.6001739501953,72913500.0,175.1640726212498,38.26463789309251,173.56981549944197,0,0,0.010927302426039232,0.0,3.844602925212332,-0.03733567000553817
2024-03-15,171.22323608398438,168.91208752136302,169.78497182252738,171.22323608398438,121752700.0,174.78875485579596,37.805263752164315,172.96475110735213,0,0,-0.002196605385262229,-0.0,3.844602925212332,-0.03733567000553817
2024-03-18,176.27206668827822,172.11596763998543,174.1493830977455,172.31434631347656,75604200.0,174.5530968993846,40.00006388966844,172.3334732055664,0,0,0.006372442516838106,0.0,3.844602925212332,-0.03733567000553817
2024-03-19,175.18096849600929,171.62993409357304,172.92933186407737,174.65525817871094,55215200.0,174.56282654503474,44.42883919837073,171.95513153076172,1,1,0.013585124601150467,0.0,3.844602925212332,-0.03733567000553817
2024-03-20,177.2242889404297,173.67325471299228,174.29816190798687,177.2242889404297,53423100.0,174.81629915411997,48.795056876199396,171.8077621459961,1,1,0.014709152123493885,0.014709152123493885,3.90115377449371,-0.02317569393178831
2024-03-21,176.05384289670778,169.45764237357878,175.61740074055217,169.9833526611328,106181300.0,174.35601853574025,39.570779801928836,171.2204099382673,0,0,-0.04085747118856131,-0.04085747118856131,3.741762496550186,-0.06308626487325664
2024-03-22,171.64979072547655,168.6839784855534,170.3702201223851,170.88601684570312,71160100.0,174.02554218430816,41.03352788116814,171.02061244419642,0,0,0.005310309335819552,0.0,3.741762496550186,-0.06308626487325664
2024-03-25,170.54875171721093,168.078894077347,169.1898419011277,169.4675750732422,54288300.0,173.59145007849236,39.45383218234384,171.07233537946428,0,0,-0.008300513983784175,-0.0,3.741762496550186,-0.06308626487325664
2024-03-26,170.0329469889122,168.20783904863555,168.62443878704727,168.3367919921875,57388400.0,173.09100645122524,38.219137316269006,171.114136832101,0,0,-0.00667256305854369,-0.0,3.741762496550186,-0.06308626487325664
2024-03-27,172.19531573949365,168.7335497446837,169.03112531152695,171.90765380859375,60273300.0,172.97830619954607,44.04037560704744,171.41950225830078,0,0,0.021212604648970457,0.0,3.741762496550186,-0.06308626487325664
2024-03-28,170.83641497501446,169.1303309618533,170.36030308202098,170.0924835205078,65672700.0,172.70346594439957,41.92654024151749,171.47264208112443,0,0,-0.010558984709936103,-0.0,3.741762496550186,-0.06308626487325664
2024-04-01,169.86435030206175,168.1086678157934,169.80483820681948,168.6542205810547,46240500.0,172.31782352884292,40.312704280795266,171.2799301147461,0,0,-0.008455770118023564,-0.0,3.741762496550186,-0.06308626487325664
2024-04-02,167.9698007416,166.8687815767491,167.71190995116913,167.47384643554688,49329500.0,171.85649237710044,39.015335331428616,170.96889713832311,0,0,-0.0069987821321111365,-0.0,3.741762496550186,-0.06308626487325664
2024-04-03,169.29894733031932,167.2159484161416,167.42424073989756,168.27728271484375,47691700.0,171.51561526640933,40.389851693504426,170.8640376499721,0,0,0.004797383570013691,0.0,3.741762496550186,-0.06308626487325664
2024-04-04,170.5289019190824,167.45399475097656,168.9120862737285,167.45399475097656,53704400.0,171.12879426493953,39.431232008359615,170.56788199288505,0,0,-0.004892448645384295,-0.0,3.741762496550186,-0.06308626487325664
2024-04-05,169.01128340394683,167.58293278713433,168.217753601793,168.2078399658203,42104800.0,170.8506081412139,40.78581815079821,170.35249655587333,0,0,0.004501804904474271,0.0,3.741762496550186,-0.06308626487325664
2024-04-08,167.83092176064616,166.87869803905005,167.6622991252661,167.0869903564453,37425500.0,170.49216835218834,39.406491230470266,169.97911398751395,0,0,-0.006663480189762594,-0.0,3.741762496550186,-0.06308626487325664
2024-04-09,168.70378997636425,166.98779260608748,167.33495148030394,168.29710388183594,42373800.0,170.28311459310717,41.64913601102072,169.52496010916573,0,0,0.007242416197748902,0.0,3.741762496550186,-0.06308626487325664
2024-04-10,167.72180678766216,165.75783217031642,167.43415997850798,166.4224090576172,49709300.0,169.91542835163193,39.27847289617464,168.75339726039343,0,0,-0.01113919836395405,-0.0,3.741762496550186,-0.06308626487325664
2024-04-11,174.04028741115994,166.79935169580833,166.97788797659143,173.62367248535156,91070300.0,170.26859445960523,50.6390813498559,169.01342010498047,1,1,0.04327099618682495,0.0,3.741762496550186,-0.06308626487325664
2024-04-12,176.91679662448954,172.80038249764078,172.8499658132502,175.12144470214844,101670900.0,170.73077067318076,52.581402668441505,169.31595066615515,1,1,0.008626543807977782,0.008626543807977782,3.7740409746457244,-0.055003937492889676
2024-04-15,175.200785081753,171.10419855705527,173.94105717912421,171.29266357421875,73531800.0,170.78428428280344,47.54695618955093,169.44631413051061,0,0,-0.021863576642151328,-0.021863576642151328,3.691526940545938,-0.07566493133204522
2024-04-16,172.354009228837,166.9084414489389,170.36027866522625,168.00946044921875,73711200.0,170.52001534627158,43.764650450923476,169.42293330601282,0,0,-0.019167213916184034,-0.0,3.691526940545938,-0.07566493133204522
2024-04-17,169.2691919230274,166.64064025878906,168.23761366668208,166.64064025878906,50901200.0,170.15055105222564,42.28833375963005,169.04671805245536,0,0,-0.008147280437481141,-0.0,3.691526940545938,-0.07566493133204522
2024-04-18,167.2754292189987,165.20234432957687,166.67036449953886,165.68836975097656,43122900.0,169.72558140448763,41.26887646501812,168.73213849748885,0,0,-0.005714515416729404,-0.0,3.691526940545938,-0.07566493133204522
2024-04-19,165.05355218450794,162.7523325602016,164.8651023016311,163.66488647460938,68149400.0,169.14837236354683,39.15743807346229,168.37575748988561,0,0,-0.012212584862826614,-0.0,3.691526940545938,-0.07566493133204522
2024-04-22,165.9066162144586,163.43677364744048,164.18070504913473,164.49810791015625,48116400.0,168.70549003465248,40.47744004249807,168.16320473807198,0,0,0.005091021376024685,0.0,3.691526940545938,-0.07566493133204522
2024-04-23,165.69831011966792,163.58554027123327,164.01206877643943,165.5495147705078,49537800.0,168.40492096187683,42.144676429454826,167.96836417061942,0,0,0.006391604582624222,0.0,3.691526940545938,-0.07566493133204522
2024-04-24,167.93012271313196,164.86512888648411,165.19244539313124,167.6523895263672,48251800.0,168.3332513013521,45.36644286433944,167.98253522600447,0,0,0.012702391539923807,0.0,3.691526940545938,-0.07566493133204522
2024-04-25,169.22952573993217,166.7894239404159,168.15826264272923,168.51535034179688,50558300.0,168.35059406710874,46.649780698919585,168.00450025285994,1,1,0.005147321895426771,0.0,3.691526940545938,-0.07566493133204522
2024-04-26,169.95360145871248,167.81107543218243,168.50542350147623,167.93011474609375,44838400.0,168.31054841748826,45.88042878226637,168.0647234235491,0,0,-0.0034728919028212957,-0.0034728919028212957,3.6787066665250694,-0.07887504710751592
2024-04-29,174.60565774723543,171.69937301226366,171.9671774185786,172.09613037109375,68169400.0,168.67108003211735,51.8328412626233,168.3360824584961,1,1,0.024808031789288698,0.0,3.6787066665250694,-0.07887504710751592
2024-04-30,173.57409529864353,168.62446582369017,171.92752335282844,168.95179748535156,65934800.0,168.69781502766347,47.66754872013269,168.51675306047713,0,0,-0.01827079364865447,-0.01827079364865447,3.6114937761270602,-0.09570473104644106
2024-05-01,171.31252641733016,167.74164970644674,168.20784791968214,167.93011474609375,50383100.0,168.62470071513303,46.392427355159136,168.11007036481584,0,0,-0.00604718478562738,-0.0,3.6114937761270602,-0.09570473104644106
2024-05-02,172.01675700988142,169.50722990892024,171.1141167118999,171.62991333007812,94214900.0,168.9109114403659,51.35291057675326,167.86067526681083,1,1,0.022031775477426407,0.0,3.6114937761270602,-0.09570473104644106
2024-05-03,185.48688300008854,181.1820038934194,185.13970898312533,181.89617919921875,163224100.0,170.1476036078757,61.703550004018545,168.6180692400251,1,1,0.05981629699594726,0.05981629699594726,3.8275199604388916,-0.04161313666668498
2024-05-06,182.70955826534143,178.9601450261929,180.8745364649345,180.23971557617188,78569700.0,171.10875712866581,59.55151694926836,169.49165889195032,0,0,-0.009106643307953521,-0.009106643307953521,3.7926641014051024,-0.05034082398208983
2024-05-07,183.40387401178498,179.8528549315395,181.965609726272,180.92410278320312,77305800.0,172.04355195290745,60.155882050511366,170.51190621512276,1,1,0.0037970943576084437,0.0,3.7926641014051024,-0.05034082398208983
2024-05-08,181.58869942461462,179.9817973354757,181.3704783401059,181.26136779785156,45057100.0,172.92143917623548,60.462328107318704,171.624263218471,1,1,0.0018641242900210298,0.0018641242900210298,3.7997340986804224,-0.0485705412448334
2024-05-09,183.16582147443802,180.6364518520254,181.08280763590477,183.07655334472656,48983000.0,173.88859290656796,62.1131653920843,173.01081085205078,1,1,0.010014188731596319,0.010014188731596319,3.8377853530744903,-0.039042747080058615
2024-05-10,183.8413711732151,180.90134794922002,183.65265049654158,181.8151397705078,50759500.0,174.6435021317051,60.272292689562796,174.24774169921875,0,0,-0.006890088059739452,-0.006890088059739452,3.8113426740374288,-0.04566382717432238
2024-05-13,185.83779081511702,183.3745104951717,184.18898588060125,185.0233154296875,72044800.0,175.632055779132,63.19274774608514,175.63872746058874,1,1,0.017645261352982722,0.0,3.8113426740374288,-0.04566382717432238
2024-05-14,187.029714327999,185.0332642686859,186.24503525163803,186.1655731201172,52393600.0,176.63524790684485,64.17963906358656,176.96109771728516,1,1,0.006173587840953898,0.006173587840953898,3.834872332827575,-0.03977214898158321
2024-05-15,189.36384333151435,186.1059718662387,186.6423374407049,188.44012451171875,70400000.0,177.7595218692138,66.08565871760784,178.38429587227958,1,1,0.012217894820617525,0.012217894820617525,3.8817263996405584,-0.02804018609401271
2024-05-16,189.81082048816586,188.3805324914181,189.1850657006259,188.55931091308594,52845200.0,178.78807320672544,66.18490525728524,179.8578098842076,1,1,0.0006324895065528136,0.0006324895065528136,3.88418155085564,-0.02742543171092615
2024-05-17,189.5227570757438,187.90374851544715,188.2315240914744,188.58909606933594,41282900.0,179.7215039555455,66.21091631256948,181.03587886265345,1,1,0.00015796173684434756,0.00015796173684434756,3.884795102919632,-0.027271802142908586
2024-05-20,190.62527366658756,187.73490137733788,188.052749878466,189.75120544433594,44361300.0,180.6767136211446,67.2456760463096,182.52155085972376,1,1,0.006162123893805216,0.006162123893805216,3.9087336916458706,-0.021277730472715306
2024-05-21,191.42982486744873,189.63203768676544,189.80088903544183,191.05239868164062,42309400.0,181.6648741030966,68.38672374597814,184.17314256940568,1,1,0.006857364801755583,0.006857364801755583,3.9355373044823994,-0.01456627483096451
2024-05-22,191.51922822288097,188.9864276944718,190.97293553544338,189.61216735839844,34648500.0,182.4217591750301,65.71928273569365,185.45758928571428,0,0,-0.007538410054940492,-0.007538410054940492,3.9058696104946957,-0.021994878333256196
2024-05-23,189.7114944206788,185.370979738518,189.69162509909052,185.61929321289062,51005900.0,182.72628622625493,59.003028970661084,185.72352600097656,0,0,-0.02105811141307523,-0.0,3.9058696104946957,-0.021994878333256196
2024-05-24,189.2943226367172,186.771449342652,187.54620129756856,188.6983642578125,36327000.0,183.29505556259375,62.143436116907225,186.32771519252233,1,1,0.016588098099212356,0.0,3.9058696104946957,-0.021994878333256196
2024-05-28,191.69800175645932,187.82431762786635,190.21804799663707,188.70831298828125,52280100.0,183.8106038888497,62.153296336698126,186.88373020717077,1,1,5.272292904012765e-05,5.272292904012765e-05,3.90607553938101,-0.021943315038625677
2024-05-29,190.95305560689752,188.2315345598267,188.33086600869876,189.0062713623047,53068000.0,184.3054293625121,62.461534384850985,187.4369376046317,1,1,0.001578936133258324,0.001578936133258324,3.9122429831893752,-0.020399025998365294
2024-05-30,190.88353764935988,189.34400614498344,189.47311885305376,189.99954223632812,49889100.0,184.84772582668504,63.5045373884638,187.93143681117468,1,1,0.005255227071907287,0.005255227071907287,3.9328027084265114,-0.015251000440125173
2024-05-31,191.2709124904654,188.62885345568,190.1485307236603,190.95306396484375,75158300.0,185.42918660174777,64.50123088584695,188.58414568219865,1,1,0.005018547504338722,0.005018547504338722,3.952539665643942,-0.010308990805983798
2024-06-03,193.67458449503022,191.22124613590765,191.5986723140291,192.72105407714844,50080500.0,186.12365017083357,66.29765353969975,189.1339841570173,1,1,0.009258767969442916,0.009258767969442916,3.9891353132981586,-0.0011456713904126614
2024-06-04,194.0023521144802,191.72779227719917,193.32693160548868,193.0388946533203,47471400.0,186.78224488345134,66.61733841561056,189.62493569510323,1,1,0.0016492260157763283,0.0016492260157763283,3.995714299037302,0.0
2024-06-05,195.571695368637,193.55539107625557,194.0818144537235,194.54864501953125,54156800.0,187.52190203926847,68.12891780329485,190.06125858851843,1,1,0.007820964624369209,0.007820964624369209,4.026964639219159,0.0
2024-06-06,195.17437623382352,192.8600930073616,194.36984306207057,193.16799926757812,41181800.0,188.05962558482176,65.28336879083041,190.39045061383928,0,0,-0.007096660847031422,-0.007096660847031422,3.9983866369316323,-0.007096660847031422
2024-06-07,195.61140278095115,192.830289152661,193.33684312674475,195.56173706054688,53103900.0,188.7741123920337,67.74225954315807,190.88849639892578,1,1,0.012391999720683167,0.0,3.9983866369316323,-0.007096660847031422
2024-06-10,195.96899354752293,190.8537269722117,195.57168290202756,191.8171844482422,97010200.0,189.06392877833926,60.666831392502644,191.03606632777624,0,0,-0.019147675146418575,-0.019147675146418575,3.9218268284978843,-0.02610845143692675
2024-06-11,205.76249045694837,192.32376582143226,192.34361998807736,205.75254821777344,172373300.0,190.65332110590444,72.08740708011386,192.08607700892858,1,1,0.07264919360387867,0.0,3.9218268284978843,-0.02610845143692675
2024-06-12,218.71451985221412,205.50423909920426,205.97106967477507,211.63262939453125,198134300.0,192.65135046672603,75.27593578989801,193.65896715436662,1,1,0.02857841240699588,0.02857841240699588,4.033906412991517,0.0
2024-06-13,215.28776993558532,210.17251871917932,213.29133517221976,212.79470825195312,97862700.0,194.56976549389051,75.8498392570637,195.60006822858537,1,1,0.005491019323185187,0.005491019323185187,4.056056671053175,0.0
2024-06-14,213.71843162956222,209.874544034183,212.40734441299963,211.0565185546875,70122700.0,196.13993245206166,73.175463457261,197.19707924979073,0,0,-0.00816838779283724,-0.00816838779283724,4.022925227254288,-0.008168387792837128
2024-06-17,217.4729460060793,211.28497823555003,211.93058723086708,215.2083282470703,93728300.0,197.9559701468244,75.35984207953933,199.0899374825614,1,1,0.01967155395537823,0.0,4.022925227254288,-0.008168387792837128
2024-06-18,217.15509356895643,211.56306955662498,216.12210108008887,212.8443603515625,79943300.0,199.37391207108516,71.85296214213233,200.79265812465124,0,0,-0.010984555824409603,-0.010984555824409603,3.9787351805180875,-0.019063217505540964
2024-06-20,212.79472296910444,207.4410850045998,212.48680152632818,208.26547241210938,86172500.0,200.2207273416589,65.62632132846068,202.0973674229213,0,0,-0.02151284596824654,-0.0,3.9787351805180875,-0.019063217505540964
2024-06-21,210.4605668046439,205.71281440805072,208.9706859649803,206.0902557373047,241805100.0,200.7797300460061,62.900591719757294,203.17859540666853,0,0,-0.010444442132493403,-0.0,3.9787351805180875,-0.019063217505540964
2024-06-24,211.26512140596267,205.1963388988781,206.3187207615107,206.7358856201172,80727000.0,201.34698295782619,63.375850072754425,204.17965480259485,1,1,0.003132753077057071,0.0,3.9787351805180875,-0.019063217505540964
2024-06-25,209.95402109263304,207.20270345608853,207.73905391104032,207.65960693359375,55549700.0,201.9481852412326,64.06906049657337,205.22399139404297,1,1,0.004468122748529035,0.004468122748529035,3.996512657688533,-0.0146802715528086
2024-06-26,213.41052543273105,209.21899292189278,210.07319184959564,211.81138610839844,66213200.0,202.88753770477223,67.02223073421439,206.45704432896204,1,1,0.019993195769326233,0.019993195769326233,4.07641571764829,0.0
2024-06-27,214.28459061162127,210.91746067332394,213.2416710401095,212.65565490722656,49772700.0,203.81783458119645,67.59238176285086,207.84901973179407,1,1,0.003985946243683314,0.003985946243683314,4.092664091565742,0.0
2024-06-28,214.6123729638464,208.8812938369491,214.31439376890182,209.19912719726562,82542700.0,204.33033863986972,62.90541004705446,208.823119027274,0,0,-0.016254106722291883,-0.016254106722291883,4.026141492642941,-0.016254106722291883
2024-07-01,216.0426482623776,210.4903626519942,210.65921399467373,215.28778076171875,60402900.0,205.3739045562363,67.13144263320233,210.49959019252233,1,1,0.02910458397234028,0.0,4.026141492642941,-0.016254106722291883
2024-07-02,218.89330089441245,213.6489214774443,214.69182595520752,218.78404235839844,58046200.0,206.6510605373946,69.24902452389492,211.43041120256697,1,1,0.016239944433025455,0.016239944433025455,4.09152580676296,-0.00027812807924487704
2024-07-03,220.05538940429688,217.55238550522975,218.51584293427166,220.05538940429688,37369800.0,207.92766328662339,69.98909862125194,212.03203691755022,1,1,0.005810967894156471,0.005810967894156471,4.115301531864173,0.0
2024-07-05,224.92233836715073,220.15471670620812,220.15471670620812,224.81307983398438,60412400.0,209.53579819589586,72.58786711183863,212.89049203055245,1,1,0.02162042221536531,0.02162042221536531,4.2042760885266155,0.0
2024-07-08,226.31290797690275,221.7439339584199,225.55802531049062,226.28311157226562,59085900.0,211.13078042221682,73.33875635399241,213.97810581752233,1,1,0.006538906630196184,0.006538906630196184,4.231767457317058,0.0
2024-07-09,227.85244261706796,224.84288445944628,226.39235814584333,227.13729858398438,48076100.0,212.65521072333752,73.77809553036163,214.83017512730189,1,1,0.0037748597576887644,0.0037748597576887644,4.247741785995581,0.0
2024-07-10,231.50761086701095,227.70344677503346,227.75311249906628,231.4082794189453,62627700.0,214.44121726577634,75.8708248438218,216.15616934640067,1,1,0.018803520432738363,0.018803520432738363,4.327614285461546,0.0
2024-07-11,230.82226580227746,224.2469300453064,229.82901193417422,226.0347900390625,64710600.0,215.54536705370836,68.61822866873999,217.42540631975447,0,0,-0.023220817307727182,-0.023220817307727182,4.227123544760532,-0.023220817307727293
2024-07-12,231.07058040656065,227.13728840093884,227.37567478656334,228.9847412109375,53046500.0,216.82530744963495,70.26100990810592,219.06072671072823,1,1,0.013050872263359103,0.0,4.227123544760532,-0.023220817307727293
2024-07-15,235.62962070976812,231.5175501306247,234.88468027763452,232.81871032714844,62631300.0,218.34848867606482,72.24847415638871,220.92378561837333,1,1,0.01674333886151458,0.01674333886151458,4.297899706679945,-0.006866272459037259
2024-07-16,234.67610072880163,230.76267797901863,233.41466404542834,233.2358856201172,43234300.0,219.7663360040698,72.4592858371451,222.75066266741072,1,1,0.0017918460779313694,0.0017918460779313694,4.305600881412702,-0.005086729684481539
2024-07-17,229.8985495862513,225.11105861290636,227.90209958898402,227.33595275878906,57345900.0,220.48725188547164,65.09759411471347,223.85956028529577,0,0,-0.025295990990587214,-0.025295990990587214,4.196686440307422,-0.03025404680679844
2024-07-18,228.88541164065143,220.7705297877149,228.72648739278685,222.66763305664062,66034600.0,220.6949072351068,60.018797913401905,224.5747015816825,0,0,-0.02053489404336184,-0.0,4.196686440307422,-0.03025404680679844
2024-07-19,225.2699911539264,221.77373312637206,223.30335264411235,222.79678344726562,49151500.0,220.89508592197907,60.109429092115484,225.54596274239677,1,1,0.0005800142070586656,0.0,4.196686440307422,-0.03025404680679844
2024-07-22,226.24337986146955,221.58501648633228,225.47857008869346,222.44915771484375,48201800.0,221.04309275939477,59.725830885193915,226.05748966762,0,0,-0.0015602816478907933,-0.0015602816478907933,4.190138427472658,-0.031767123620682236
2024-07-23,225.40903804109774,221.17776681088287,222.8563682936816,223.49205017089844,39960300.0,221.2763267985856,60.52143914216076,226.3937759399414,1,1,0.004688228387861759,0.0,4.190138427472658,-0.031767123620682236
2024-07-24,223.2834835656707,215.66522784122517,222.48887740092556,217.06570434570312,61777600.0,220.8753151364063,53.64725503714805,226.1802270071847,0,0,-0.028754247948780565,-0.028754247948780565,4.069654148189396,-0.059607931820254145
2024-07-25,219.36011485373604,213.17213256832727,217.45305415919788,216.0227813720703,51391200.0,220.4131690636124,52.62613240293353,225.55234854561942,0,0,-0.004804641879178839,-0.0,4.069654148189396,-0.059607931820254145
2024-07-26,218.00931662499272,214.55278194008886,217.22463751115632,216.48963928222656,41601300.0,220.03949956062328,53.04724704372375,224.85281481061662,0,0,0.002161151278541107,0.0,4.069654148189396,-0.059607931820254145
2024-07-29,217.82059272630025,214.294538197557,215.49638213713573,216.7677459716797,36311800.0,219.7279039807239,53.30750957273931,224.1121324811663,0,0,0.0012846189331516822,0.0,4.069654148189396,-0.059607931820254145
2024-07-30,218.84362126060284,214.66201590891492,217.71131248471113,217.32394409179688,41643800.0,219.4989554198737,53.84609366874612,223.10610852922713,0,0,0.002565871216789972,0.0,4.069654148189396,-0.059607931820254145
2024-07-31,222.31008478832948,219.14160257039833,219.94613576688096,220.58181762695312,50036300.0,219.60208515388126,56.91058359712748,222.71661049979073,1,1,0.01499086328830912,0.0,4.069654148189396,-0.059607931820254145
2024-08-01,222.96564167600837,215.55597572208578,222.8563831356547,216.88693237304688,62501000.0,219.34349917475416,52.730769451852396,221.85248129708427,0,0,-0.016750633817674943,-0.016750633817674943,4.0014848617884935,-0.07536009499937912
2024-08-02,224.07806765618477,216.24129562954897,217.6715683981697,218.3767852783203,105568600.0,219.25143118461762,54.15976092496079,220.82091522216797,0,0,0.006869260812407463,0.0,4.0014848617884935,-0.07536009499937912
2024-08-05,212.0597055615941,194.6777624827749,197.74691336614487,207.85824584960938,119548600.0,218.16636591461682,44.224066603955166,219.0082266671317,0,0,-0.04816693045144471,-0.0,4.0014848617884935,-0.07536009499937912
2024-08-06,208.5733911865651,199.7135682482994,203.91502798694503,205.83200073242188,69660500.0,216.9916644686935,42.63796540747724,217.47223009381975,0,0,-0.009748206566957851,-0.0,4.0014848617884935,-0.07536009499937912
2024-08-07,212.1987475040528,204.9976572409954,205.50421123787663,208.40452575683594,63516400.0,216.17384173423088,45.26162876223889,216.45343671526228,0,0,0.012498178199988885,0.0,4.0014848617884935,-0.07536009499937912
2024-08-08,212.75499762550604,207.42122864939222,211.67235443417223,211.87100219726562,47161100.0,215.76404749261513,48.596516025773916,215.6730237688337,0,0,0.016633402887201942,0.0,4.0014848617884935,-0.07536009499937912
2024-08-09,215.31758519349225,210.5400362270979,210.66916408754707,214.78123474121094,42201600.0,215.6704462781957,51.2226869817957,215.1253149850028,0,0,0.01373587000469123,0.0,4.0014848617884935,-0.07536009499937912
2024-08-12,218.28150622882862,214.39340008618356,214.8607709437837,216.31259155273438,38028100.0,215.7316029710089,52.56500191757,214.61249651227678,1,1,0.007129844529335072,0.0,4.0014848617884935,-0.07536009499937912
2024-08-13,220.64821789171992,217.7843306202791,217.7843306202791,220.0316925048828,44155300.0,216.14113530756833,55.68279225217807,214.82435280936105,1,1,0.017193178286349475,0.017193178286349475,4.070283104427352,-0.0594625962620301
2024-08-14,221.78180736898403,218.47044195323042,219.33558330044798,220.47914123535156,41960600.0,216.55427872926197,56.04864138608507,215.14266422816686,1,1,0.002033564916830377,0.002033564916830377,4.078560289350083,-0.057549952394821746
2024-08-15,224.08886623333987,221.51334927522385,223.34306350370605,223.46238708496094,46414000.0,217.2121938107571,58.45557731442988,215.64071764264787,1,1,0.013530739610532638,0.013530739610532638,4.133746226611137,-0.04479790620474211
2024-08-16,225.56056092969672,222.39834972442236,222.66684293368954,224.78492736816406,44340200.0,217.93340653051013,59.49081945466746,216.2133734566825,1,1,0.0059184021993834435,0.0059184021993834435,4.158211399370406,-0.039144636031968605
2024-08-19,224.72527040192085,221.791767703572,224.4567771868955,224.62582397460938,40687800.0,218.57077962042436,59.30368325322923,216.7349363054548,0,0,-0.000707802766927057,-0.000707802766927057,4.155268205836464,-0.03982473211720183
2024-08-20,225.89865006504533,224.18827476461456,224.50649118022673,225.24234008789062,30299000.0,219.20616633161163,59.819229351354664,217.06783076695032,1,1,0.0027446359566873912,0.0,4.155268205836464,-0.03982473211720183
2024-08-21,226.7041399348782,223.79054452288287,225.25231910261834,225.1329803466797,34765500.0,219.77062480923715,59.67806774580373,217.6568341936384,0,0,-0.00048552035628945944,-0.00048552035628945944,4.153250738536688,-0.04029091675536467
2024-08-22,227.06209724349452,222.64694316501192,226.51517227009805,223.27342224121094,43695300.0,220.1042245646632,57.25953342566827,218.00659397670202,0,0,-0.008259820940518026,-0.0,4.153250738536688,-0.04029091675536467
2024-08-23,226.9427926991927,223.07456326985692,224.39712188969804,225.5705108642578,38677300.0,220.6248232598627,59.39906139113399,219.2717557634626,1,1,0.01028823135323842,0.0,4.153250738536688,-0.04029091675536467
2024-08-26,226.00804628168004,222.6370187250734,225.49095216733542,225.90859985351562,30602200.0,221.12804007830584,59.71151769216697,220.70579855782645,1,1,0.0014988173230732205,0.0014988173230732205,4.159475702690673,-0.038852488156286835
2024-08-27,227.5692634267734,223.63141860700006,224.73520717839608,226.75384521484375,35934600.0,221.6638310436904,60.51126827038901,222.01646423339844,1,1,0.003741536895347064,0.003741536895347064,4.17503853449759,-0.03525631927885253
2024-08-28,228.57360836626125,224.41699349604747,226.64446298605537,225.22247314453125,38052200.0,222.0027493390086,58.304043061608695,222.9701407296317,0,0,-0.006753455796357333,-0.006753455796357333,4.146842596306772,-0.041771673081417826
2024-08-29,231.61647047641185,227.59908685526068,228.81226038667728,228.5039825439453,51906300.0,222.62191440614544,61.47386697339642,223.95033700125558,1,1,0.01457007976867497,0.0,4.146842596306772,-0.041771673081417826
2024-08-30,229.11057321557684,226.2069166530855,228.90175696593346,227.71841430664062,52990800.0,223.10729534904974,60.31834745984146,224.7650386265346,0,0,-0.003437875474024188,-0.003437875474024188,4.13258626785029,-0.045065942745046494
2024-09-03,227.7184305167556,219.93224829880322,227.2709519194148,221.52330017089844,50190600.0,222.95643866541627,52.176815831852,224.87158203125,0,0,-0.027205152269328514,-0.0,4.13258626785029,-0.045065942745046494
2024-09-04,220.5388322671096,216.26289369284987,220.4195086889333,219.61404418945312,43840200.0,222.6381153819912,49.98797845480606,224.80978938511439,0,0,-0.008618759200374804,-0.0,4.13258626785029,-0.045065942745046494
2024-09-05,224.2181249188319,220.28029506440387,220.38968006999326,221.13548278808594,36615400.0,222.495007515905,51.68801202540374,224.6435819353376,0,0,0.006927783713687852,0.0,4.13258626785029,-0.045065942745046494
2024-09-06,223.979444280083,218.5400560553227,222.69665529961065,219.5841827392578,48423000.0,222.21778610860528,49.86861223082126,224.27210017613,0,0,-0.007015156632799391,-0.0,4.13258626785029,-0.045065942745046494
2024-09-09,220.03167667908036,215.49719894103853,219.58419811845144,219.67369079589844,67180000.0,221.97549131691892,49.975557919757605,223.91837637765067,0,0,0.0004076252466094221,0.0,4.13258626785029,-0.045065942745046494
2024-09-10,220.24048653111632,215.5170698289156,217.69481595725216,218.87815856933594,51591000.0,221.68050724572055,48.99764362617476,223.46379198346818,0,0,-0.003621426961418095,-0.0,4.13258626785029,-0.045065942745046494
2024-09-11,221.84149617822106,216.6706004766808,220.22062862304543,221.41390991210938,44587100.0,221.65511702347186,52.13990278454294,223.1981440952846,0,0,0.011585218732412583,0.0,4.13258626785029,-0.045065942745046494
2024-09-12,222.29893378586118,218.58981250678085,221.2548069431359,221.52330017089844,37455600.0,221.64256303751247,52.27342710904407,223.07313537597656,0,0,0.0004940532364587913,0.0,4.13258626785029,-0.045065942745046494
2024-09-13,222.78616606005667,220.66809680320824,222.32874892129448,221.25479125976562,36766600.0,221.60563239201275,51.89931232999459,222.7648696899414,0,0,-0.0012121023428490751,-0.0,4.13258626785029,-0.045065942745046494
2024-09-16,216.00434741371936,212.72281255665072,215.32814508742544,215.10939025878906,59357400.0,220.98694266503907,44.2667636790631,221.99349757603235,0,0,-0.027775222249363685,-0.0,4.13258626785029,-0.045065942745046494
2024-09-17,215.6861214463737,213.2995590231644,214.54256344637628,215.5767364501953,45519300.0,220.47168493029204,44.915255042360556,221.19513266427177,0,0,0.0021725978156694747,0.0,4.13258626785029,-0.045065942745046494
2024-09-18,221.46364038861367,216.32256023932743,216.33251398665766,219.45494079589844,59894900.0,220.3748521555879,49.9974408799465,220.78316606794084,0,0,0.01798990192338823,0.0,4.13258626785029,-0.045065942745046494
2024-09-19,228.53382206057998,223.37286541347208,223.7308512841788,227.58912658691406,66781300.0,221.06192591095228,58.45908977400005,220.7178192138672,1,1,0.03706540286363724,0.0,4.13258626785029,-0.045065942745046494
2024-09-20,231.78551472560144,226.34612621296694,228.68298057338347,226.92288208007812,318679900.0,221.6201122127738,57.61843024667099,220.66099548339844,0,0,-0.0029274004291303113,-0.0029274004291303113,4.120488533036367,-0.0478614171140459
2024-09-23,228.16589404695566,224.54626569168985,226.06770192621624,225.20257568359375,54146000.0,221.96129920999476,55.45109173101997,220.9238008771624,0,0,-0.0075810177480352126,-0.0,4.120488533036367,-0.0478614171140459
2024-09-24,228.06646416724695,224.4667129366972,227.37036953161189,226.0975341796875,43556100.0,222.3552263499655,56.35021841648401,221.38690730503626,1,1,0.003974015365397765,0.0,4.120488533036367,-0.0478614171140459
2024-09-25,226.01796830972677,222.76627973963284,223.6711754067507,225.10311889648438,42308700.0,222.61693040201493,55.050683867308464,221.6703098842076,0,0,-0.0043981695192342185,-0.0043981695192342185,4.102365925966012,-0.05204908400738173
2024-09-26,227.22121534991766,224.14851196557498,226.02793410267134,226.2467041015625,36636700.0,222.96262313530517,56.27145536868442,222.14620426722936,1,1,0.005080272590998636,0.0,4.102365925966012,-0.05204908400738173
2024-09-27,228.2355269704417,226.02794968283968,227.18146154316054,226.51519775390625,34026000.0,223.30096357517195,56.56300530614562,222.6348833356585,1,1,0.0011867295632435049,0.0011867295632435049,4.107234324889599,-0.05092412263086954
2024-09-30,231.69601440429688,228.36475662569327,228.75257338192353,231.69601440429688,54541900.0,224.1004922255648,61.74373665700495,223.55044446672713,1,1,0.02287182803521759,0.02287182803521759,4.201174282068817,-0.02921702237130952
2024-10-01,228.36479716471428,222.48788299602325,228.23553500528652,224.94406127929688,63285000.0,224.18083213544406,53.06172684041397,223.80259813581193,0,0,-0.029141429740859537,-0.029141429740859537,4.078746056898803,-0.05750702630749838
2024-10-02,226.09752818761766,221.771881889721,224.62581519597003,225.51083374023438,32880600.0,224.3074989549479,53.637760008042314,224.08742196219308,1,1,0.002519615133265374,0.0,4.078746056898803,-0.05750702630749838
2024-10-03,225.5406782135141,222.07021935855937,223.8800260213992,224.4070587158203,34044200.0,224.31698083693576,52.32147900925582,224.31258392333984,0,0,-0.004894554315228561,-0.004894554315228561,4.058782412785288,-0.06212010935895751
2024-10-04,226.72401244250622,222.87567550784985,226.6245660168141,225.53073120117188,37245100.0,224.43257610972015,53.54317482090444,225.05696541922433,1,1,0.005007295634022579,0.0,4.058782412785288,-0.06212010935895751
2024-10-07,224.4269397639463,220.09133967636964,223.24359711098245,220.44932556152344,39505400.0,224.0532189146538,47.722372510826155,225.4050074986049,0,0,-0.0225308791071841,-0.0225308791071841,3.9673344769204575,-0.08325136779204989
2024-10-08,224.7153012256155,222.0005838884303,223.0447106099303,224.50648498535156,31855700.0,224.0963871118631,52.09898457840481,225.76583208356584,1,1,0.018404045526080992,0.0,3.9673344769204575,-0.08325136779204989
2024-10-09,228.46421777631028,223.57175408478048,223.96950943919006,228.25538635253906,33591100.0,224.49248227764176,55.70582660038352,225.81342206682478,1,1,0.016698410148072496,0.016698410148072496,4.0335826552106635,-0.06794312312875717
2024-10-10,228.21562630222516,225.89866409237993,226.50525089558744,227.75819396972656,28183500.0,224.8035024387927,55.126346590223086,225.87308720179968,0,0,-0.0021782284780109684,-0.0021782284780109684,4.024796590602673,-0.069973355961084
2024-10-11,228.12612627842185,226.0677036085129,228.0167412789572,226.2765350341797,31759200.0,224.94379125740096,53.384331869930705,225.94979858398438,0,0,-0.006505403426863343,-0.0,4.024796590602673,-0.069973355961084
2024-10-14,230.43314046117197,227.32066753158787,227.4200987868959,230.00555419921875,39882100.0,225.4258639185265,56.98539943014534,226.22894287109375,1,1,0.016479919866528636,0.0,4.024796590602673,-0.069973355961084
2024-10-15,236.16088782430575,231.06953169102593,232.30259746810793,232.541259765625,64751400.0,226.1035206658692,59.23923528068163,226.76023864746094,1,1,0.01102454058222424,0.01102454058222424,4.06916812395097,-0.0597202394813271
2024-10-16,230.82095796107367,228.5537189749549,230.30387901574463,230.4828643798828,34082200.0,226.5206010195848,56.700599430251195,227.0628215244838,0,0,-0.008851742644796934,-0.008851742644796934,4.033148894939345,-0.06804335393554972
2024-10-17,232.5412825211578,229.22991678936268,232.12361966628396,230.8507843017578,32993800.0,226.9329994274108,57.04692624008561,227.37250627790178,1,1,0.0015963005443588862,0.0,4.033148894939345,-0.06804335393554972
2024-10-18,234.8582339303053,232.70037994861724,234.8582339303053,233.68484497070312,46431500.0,227.5760323362958,59.662943839894155,227.51456560407365,1,1,0.012276591034842577,0.012276591034842577,4.0826622145051426,-0.056602103329612796
2024-10-21,235.52447953691794,233.13790198735873,233.13790198735873,235.1565399169922,36254500.0,228.29798543921925,60.96255331226066,228.24402836390905,1,1,0.006297776590833637,0.006297776590833637,4.108373909027934,-0.05066079414012037
2024-10-22,234.89800969153723,231.29827366695753,232.5810475805218,234.54002380371094,38846600.0,228.89246528345654,60.10857250455222,228.88897051130022,0,0,-0.002621726418916004,-0.002621726418916004,4.09760287661185,-0.05314970181663603
2024-10-23,233.8240439244486,226.48534106504323,232.76997861721128,229.4685516357422,52287000.0,228.9473306503409,53.606278135351836,229.25050571986608,0,0,-0.021623056422187092,-0.0,4.09760287661185,-0.05314970181663603
2024-10-24,229.52823345451665,227.131717270346,228.69292294524882,229.27963256835938,31109500.0,228.97897845205694,53.37985243343821,229.5182843889509,0,0,-0.0008232895794919592,-0.0,4.09760287661185,-0.05314970181663603
2024-10-25,231.91481257552053,228.2852454458818,228.4542922398222,230.1149444580078,38802300.0,229.08716569071893,54.278683468591474,230.20868573869978,1,1,0.003643201449214706,0.0,4.09760287661185,-0.05314970181663603
2024-10-28,233.4163543943246,231.24856181455635,232.0142568404043,232.0937957763672,36087100.0,229.37351141316162,56.37603140847759,230.7506365094866,1,1,0.008599403758935198,0.008599403758935198,4.132839818191609,-0.04500735380328913
2024-10-29,233.01859945208068,231.01985366097637,231.7954872619061,232.36228942871094,35417200.0,229.65815693845204,56.659978959373234,231.04398672921317,1,1,0.001156832527322127,0.001156832527322127,4.137620821723505,-0.043902587246815394
2024-10-30,232.1634063461827,228.2653461113998,231.30821865562254,228.81227111816406,47070900.0,229.5775963841389,51.95345419864825,231.11927795410156,0,0,-0.015277945140216187,-0.015277945140216187,4.074406477798197,-0.05850979106756127
2024-10-31,228.5437662121666,224.10871977089283,228.05650301771783,224.6457061767578,64370100.0,229.10789255486452,47.11802555114774,231.00279017857142,0,0,-0.018209534484514345,-0.0,4.074406477798197,-0.05850979106756127
2024-11-01,224.08885327131992,219.03728125399175,219.73336072670745,221.66250610351562,65276700.0,228.39880813092654,44.02954168575341,230.40685817173548,0,0,-0.013279577535726061,-0.0,4.074406477798197,-0.05850979106756127
2024-11-04,221.54315061130296,218.4804011628397,219.75323643771605,220.76751708984375,44944500.0,227.67201850796627,43.136614533888334,229.56587655203683,0,0,-0.004037620206522097,-0.0,4.074406477798197,-0.05850979106756127
2024-11-05,222.6966799421733,219.90240829460964,220.55871830266648,222.19947814941406,28111300.0,227.15082418810417,45.0146707700316,228.97420610700334,0,0,0.006486285113165291,0.0,4.074406477798197,-0.05850979106756127
2024-11-06,224.8047989417024,219.95210516998125,221.36415627152132,221.47354125976562,54561100.0,226.61013057588144,44.23504461131838,228.30440303257532,0,0,-0.003267050380560743,-0.0,4.074406477798197,-0.05850979106756127
2024-11-07,226.6046949785728,223.31322152292373,223.37288331058951,226.20692443847656,42137700.0,226.57172999136668,50.159688651218296,227.77026585170202,0,0,0.02137222871764699,0.0,4.074406477798197,-0.05850979106756127
2024-11-08,227.63048374280507,225.39061415381417,226.1471868576639,225.93814086914062,38328800.0,226.51138817020228,49.84315935320114,227.11180877685547,0,0,-0.0011882199008856897,-0.0,4.074406477798197,-0.05850979106756127
2024-11-11,224.68381119249955,220.50272420052974,223.98696589218596,223.22042846679688,42005600.0,226.19796343654463,46.706187140600285,226.30326625279017,0,0,-0.012028568491752822,-0.0,4.074406477798197,-0.05850979106756127
2024-11-12,224.5743058460154,222.354350392842,223.53899499841924,223.22042846679688,40398300.0,225.91438867752103,46.706187140600285,225.85697174072266,0,0,0.0,0.0,4.074406477798197,-0.05850979106756127
2024-11-13,225.62950954483912,221.75702475308145,223.00139666804327,224.1063995361328,48566200.0,225.74219923548407,47.890831753618954,225.4874550955636,0,0,0.003969041164472609,0.0,4.074406477798197,-0.05850979106756127
2024-11-14,227.83952645793332,223.98695568104733,224.00686988588794,227.1924591064453,44923900.0,225.88031922319465,51.81781410373776,225.27870614188058,1,1,0.013770510689119941,0.0,4.074406477798197,-0.05850979106756127
2024-11-15,225.89830725108274,223.26024476090137,225.38064426033654,223.98695373535156,47923700.0,225.69999870054292,47.87318874082686,224.69964599609375,0,0,-0.014109206721477863,-0.014109206721477863,4.016919834535614,-0.07179347105163647
2024-11-18,228.70560410553932,224.15617317987807,224.23581480372863,226.99334716796875,44633700.0,225.82317474505967,51.51689063695369,224.31615012032645,1,1,0.013422180990815047,0.0,4.016919834535614,-0.07179347105163647
2024-11-19,229.123737666772,225.63949596937007,225.95804731142948,227.252197265625,36211800.0,225.95927212797065,51.82210740745536,224.2047162737165,1,1,0.0011403422209756986,0.0011403422209756986,4.02150049782121,-0.07073499795689131
2024-11-20,228.89475383274825,224.8729502483013,227.0331781982001,227.9689483642578,35169600.0,226.15066986475992,52.69019885900154,224.4420907156808,1,1,0.0031539897402841355,0.0031539897402841355,4.034184269131885,-0.06780410567444217
2024-11-21,229.12371949855563,224.69375844400457,227.8494838511811,227.49110412597656,42108300.0,226.27833027059006,52.03226117582968,224.85841914585657,0,0,-0.0020960935325180508,-0.0020960935325180508,4.025728241576372,-0.0697580754595778
2024-11-22,229.68120098473537,227.0331737980822,227.0331737980822,228.83502197265625,38168300.0,226.5218247184059,53.74228386352079,225.4346694946289,1,1,0.005907562196082461,0.0,4.025728241576372,-0.0697580754595778
2024-11-25,232.19981188776785,228.70562083004268,230.41787789282506,231.82151794433594,90152800.0,227.02655740658972,57.30283534028832,226.12195805140905,1,1,0.013050869337808635,0.013050869337808635,4.0782674948467115,-0.05761760964984919
2024-11-26,234.50937670519198,232.27945661483375,232.27945661483375,234.0016632080078,45986200.0,227.69085319720097,59.687216914711954,227.0168239048549,1,1,0.009404412856080846,0.009404412856080846,4.116621206105784,-0.04875505658269608
2024-11-27,234.6288260383393,232.75728573526553,233.41431778082386,233.8722381591797,33498400.0,228.2795565269132,59.479651764311896,227.56434631347656,0,0,-0.0005530945680205512,-0.0005530945680205512,4.114344325278089,-0.04928118499375722
2024-11-29,236.73926339057397,232.91655654987127,233.75277082313372,236.2614288330078,28481400.0,229.03973484177936,62.04447246002152,228.30172402518136,1,1,0.010215794284236468,0.0,4.114344325278089,-0.04928118499375722
2024-12-02,239.70585504150458,236.0922091638524,236.20171450499868,238.51126098632812,48137100.0,229.941784950784,64.28529085524153,229.393926348005,1,1,0.009522638394397154,0.009522638394397154,4.153523738517752,-0.04022783350370307
2024-12-03,241.66700046466846,237.82437898500294,238.73028547870095,241.5574951171875,38861000.0,231.04804306187006,67.05721591123333,230.70371682303292,1,1,0.012771867115465074,0.012771867115465074,4.206571991767031,-0.027969750932090198
2024-12-04,243.01093178619982,240.16380790150487,241.7765092325954,241.91587829589844,44383900.0,232.0830749889204,67.37083397722675,231.97582244873047,1,1,0.0014836351011882076,0.0014836351011882076,4.212813009629691,-0.02652761273515636
2024-12-05,243.43897085315564,241.0398332364883,242.891459337747,241.9457244873047,40033900.0,233.0223749411475,67.39804232368826,233.02962711879186,1,1,0.0001233742556152606,0.0001233742556152606,4.2133327622988,-0.02640751130401564
2024-12-06,243.52857697582414,240.99005511798387,241.81631992920728,241.7466278076172,36870600.0,233.85325616652557,67.00570515855534,234.29817526681083,0,0,-0.0008228981111750855,-0.0008228981111750855,4.209865618726953,-0.027208678724017665
2024-12-09,246.1268220997756,240.66153502923254,240.74117665680967,245.63902282714844,44649200.0,234.97571013420395,70.53543514793226,235.6300092424665,1,1,0.0161011347079838,0.0,4.209865618726953,-0.027208678724017665
2024-12-10,247.09247084593116,244.23538234840328,245.77840669680953,246.65444946289062,36914800.0,236.0879710226503,71.37631926748253,237.01588439941406,1,1,0.004133816459841233,0.004133816459841233,4.227268430515366,-0.023187337948136322
2024-12-11,249.67081089954078,245.15124311202538,246.84360125039836,245.38021850585938,45205800.0,236.9729469734321,68.78336111127908,238.25954655238561,0,0,-0.00516605704784967,-0.00516605704784967,4.20543012064675,-0.028233607885358114
2024-12-12,247.62008434324935,244.57384885559844,245.77840766369866,246.84359741210938,32777500.0,237.91300891997278,70.09660935202889,239.6418675013951,1,1,0.00596371995738143,0.0,4.20543012064675,-0.028233607885358114
2024-12-13,248.16758302178013,245.13132757947596,246.70421556592945,247.0128173828125,33155300.0,238.77965734500512,70.24895642367605,240.9402814592634,1,1,0.0006855351829142542,0.0006855351829142542,4.208313090953741,-0.0275674278339898
2024-12-16,250.2481944775453,246.53497744922532,246.87345818165343,249.9097137451172,51694800.0,239.83966271644437,72.75061543099804,242.2322954450335,1,1,0.011727716775988828,0.011727716775988828,4.257666994989132,-0.01616301404388054
2024-12-17,252.68716009783537,248.655391740455,248.95404406138837,252.33872985839844,51356400.0,241.03005006329713,74.63324410831672,243.5420859200614,1,1,0.00971957462909434,0.00971957462909434,4.299049707092761,-0.006600537036016818
2024-12-18,253.13512753347695,246.62457993830327,251.02467749046986,246.9331817626953,56774100.0,241.59225308228744,64.2369487298191,244.47501046316964,0,0,-0.021421793232994757,-0.021421793232994757,4.206956353169054,-0.027880934929399137
2024-12-19,250.86540066585474,245.97750369773615,246.3856613682502,248.66534423828125,60882300.0,242.2658808114297,65.84191210785718,245.36100442068917,1,1,0.007014701156082603,0.0,4.206956353169054,-0.027880934929399137
2024-12-20,253.85190610745477,244.58382522076937,246.9232356335886,253.34420776367188,147495300.0,243.3209595687861,69.70732849562066,246.42050061907088,1,1,0.0188159051263177,0.0188159051263177,4.286114044780843,-0.009589634829546001
2024-12-23,254.49897581061583,252.30888395267968,253.62294818149482,254.12069702148438,40858800.0,244.34950599285258,70.29456111825988,247.3178721836635,1,1,0.003064957611096597,0.003064957611096597,4.299250802644422,-0.006554069042707833
2024-12-24,257.04744042152294,254.14058909817473,254.3397007808045,257.0375061035156,23234700.0,245.5578869557729,72.40942444003436,248.39798845563615,1,1,0.011478046126186525,0.011478046126186525,4.348597801665219,0.0
2024-12-26,258.9289141129315,256.47003399402934,257.0275101814573,257.853759765625,27237100.0,246.72892246147308,72.97616826129875,249.53427668980189,1,1,0.0031756208441449107,0.0031756208441449107,4.36240729948699,0.0
2024-12-27,257.53523753189216,251.92061656694878,256.66912911312295,254.43922424316406,42355300.0,247.4632369168722,66.92297985840472,250.4408907209124,0,0,-0.013242139752255522,-0.013242139752255522,4.304639692370924,-0.01324213975225541
2024-12-30,252.35863351915538,249.6210152068174,251.09434735441482,251.06448364257812,35557500.0,247.80621279551085,61.60660531561095,250.82842363630022,0,0,-0.013263444779884836,-0.0,4.304639692370924,-0.01324213975225541
2024-12-31,252.1396193404696,248.3069476803406,251.30340504047,249.29249572753906,39480700.0,247.9477635509421,59.01539667097008,251.01685551234655,0,0,-0.00705789958551728,-0.0,4.304639692370924,-0.01324213975225541
2025-01-02,247.97846832553566,240.73124671787497,247.80922035937212,242.75210571289062,55740700.0,247.4529389949372,50.725965776046365,250.82913316999162,0,0,-0.026235807843155712,-0.0,4.304639692370924,-0.01324213975225541
2025-01-03,243.080612931882,240.80092995907523,242.26431274414062,242.26431274414062,40244100.0,246.95878411390896,50.17269831778548,250.50204140799386,0,0,-0.0020094283726911355,-0.0,4.304639692370924,-0.01324213975225541
2025-01-06,246.21642284830082,242.10501290585998,243.2100158477468,243.89691162109375,45045600.0,246.66717720983132,52.01651173730791,250.27947671072823,0,0,0.006738916097301262,0.0,4.304639692370924,-0.01324213975225541
2025-01-07,244.44445006993732,240.2633629937866,241.8860138278822,241.11949157714844,40856000.0,246.13882619719487,48.78382292992502,249.65160369873047,0,0,-0.01138768025181136,-0.0,4.304639692370924,-0.01324213975225541
2025-01-08,242.61273160476242,238.9692066706783,240.83078235887348,241.60726928710938,37628900.0,245.7072493486153,49.365558313519536,248.88507080078125,0,0,0.0020229708795851398,0.0,4.304639692370924,-0.01324213975225541
2025-01-10,239.07872524452853,231.95095824677452,238.9293914792433,235.78363037109375,61710900.0,244.76214277932752,43.199024147468045,248.0886742728097,0,0,-0.024103740476016933,-0.0,4.304639692370924,-0.01324213975225541
2025-01-13,233.61343889555542,228.68572841435088,232.47857214721685,233.3446502685547,49630700.0,243.6747625402063,40.944263901120635,246.9943389892578,0,0,-0.01034414517538984,-0.0,4.304639692370924,-0.01324213975225541
2025-01-14,235.05688478727922,231.4233246799516,233.69305795736565,232.22967529296875,39435300.0,242.58475423094558,39.94108238780677,245.4861580984933,0,0,-0.004778232431310148,-0.0,4.304639692370924,-0.01324213975225541
2025-01-15,237.88409983929475,233.37448198930954,233.58354315722423,236.7989959716797,39832000.0,242.03372963482502,45.68214133527536,244.24889373779297,0,0,0.019675869041915206,0.0,4.304639692370924,-0.01324213975225541
2025-01-16,236.9383864807084,227.0033243432251,236.28136958651152,227.23228454589844,71759100.0,240.6240681977844,37.73295385450934,242.1199493408203,0,0,-0.04040013508725093,-0.0,4.304639692370924,-0.01324213975225541
2025-01-17,231.24413133243607,227.4512878984511,231.07489856287185,228.9445343017578,68488300.0,239.51173163625805,39.709495804887005,240.0550046648298,0,0,0.007535239806619742,0.0,4.304639692370924,-0.01324213975225541
2025-01-21,223.40955766052627,218.39225670760806,222.9914505136237,221.6375732421875,98070400.0,237.80943083682277,34.753884844779975,237.71202959333147,0,0,-0.03191585718285572,-0.0,4.304639692370924,-0.01324213975225541
2025-01-22,223.1109227348787,218.80041619812283,218.80041619812283,222.82223510742188,64126500.0,236.3820788625941,36.114511768707864,235.6947261265346,0,0,0.005345040770410758,0.0,4.304639692370924,-0.01324213975225541
2025-01-23,226.0078374632505,221.29913768199057,223.72815445577547,222.65301513671875,60234800.0,235.0745489839393,36.00162576028311,233.79190608433314,0,0,-0.0007594393379167785,-0.0,4.304639692370924,-0.01324213975225541
2025-01-24,224.614121166801,220.4131202139208,223.76794215782238,221.77694702148438,54697900.0,233.80811070180076,35.39863925850591,232.29368046351843,0,0,-0.003934678875542885,-0.0,4.304639692370924,-0.01324213975225541
2025-01-27,231.10477141655377,222.9715575076631,223.01138591977585,228.82508850097656,94863400.0,233.33353715886514,43.42345441847087,231.333735874721,0,0,0.031780316097549166,0.0,4.304639692370924,-0.01324213975225541
2025-01-28,239.1085741517517,229.77080167884077,229.81063008981926,237.187255859375,75707600.0,233.70055798748513,51.02176648178746,230.85447474888392,1,1,0.03654392712433174,0.0,4.304639692370924,-0.01324213975225541
2025-01-29,238.78005164957875,232.9563846938824,233.06589003597526,238.2823028564453,45486100.0,234.1369146416718,51.912007587962215,230.65181841169084,1,1,0.004616803685774551,0.004616803685774551,4.324513368768594,-0.008686472426096548
2025-01-30,239.70585285329432,236.14198492507634,237.59540286874542,236.520263671875,55658300.0,234.36390026359592,50.36153988101269,230.28846086774553,0,0,-0.007394754723483832,-0.007394754723483832,4.292534653108123,-0.016016992816577202
2025-01-31,246.07705979363328,232.38896748106293,246.07705979363328,234.93743896484375,100959800.0,234.41852299704811,48.97831623386695,230.22801862444197,0,0,-0.006692131500525944,-0.0,4.292534653108123,-0.016016992816577202
2025-02-03,230.78620649590428,224.6838014511222,228.95449458875606,226.9833984375,73063300.0,233.71041589613876,42.76512746812707,229.77364349365234,0,0,-0.03385599401436401,-0.0,4.292534653108123,-0.016016992816577202
2025-02-04,232.08036234711574,225.62952690670866,226.2268315478868,231.75184631347656,45067300.0,233.52388545969472,47.007336648992315,229.73951285226005,0,0,0.021007914714474385,0.0,4.292534653108123,-0.016016992816577202
2025-02-05,231.62245160759105,227.24226773608848,227.5010916736471,231.42335510253906,39620300.0,233.32383494948942,46.75603683863785,229.35553850446428,0,0,-0.0014174265109981876,-0.0,4.292534653108123,-0.016016992816577202
2025-02-06,232.74734282564026,229.39250557129796,230.24863411824003,232.16995239257812,29925300.0,233.21394137264073,47.42841964220092,229.7082290649414,0,0,0.0032261103885053988,0.0,4.292534653108123,-0.016016992816577202
2025-02-07,232.94643248808816,226.23677336593994,231.5527419594936,226.60511779785156,39707200.0,232.5845296036132,43.15281445734846,229.54112788609095,0,0,-0.023968797587195723,-0.0,4.292534653108123,-0.016016992816577202
2025-02-10,229.80417456619486,226.42572786906877,228.7876615470872,226.8741912841797,33115600.0,232.04068785890524,43.41245638442692,229.91517203194755,0,0,0.0011874113389096497,0.0,4.292534653108123,-0.016016992816577202
2025-02-11,234.42837673351212,227.3525813044295,227.42233485023965,231.8272705078125,53718400.0,232.02036239689642,48.01331360410275,230.55838884626115,0,0,0.021831831975231752,0.0,4.292534653108123,-0.016016992816577202
2025-02-12,236.15247950770552,229.89386689621963,230.41209906543347,236.06277465820312,45243300.0,232.4053540408304,51.558520187749764,231.51622881208147,1,1,0.018270085918334233,0.0,4.292534653108123,-0.016016992816577202
2025-02-13,241.5141464162941,234.76722827404518,236.10265815205582,240.7069091796875,53614100.0,233.19597833976917,55.093105793850576,232.86836896623885,1,1,0.01967330312120863,0.01967330312120863,4.376982988497011,0.0
2025-02-14,244.71319316935814,240.1687356269457,240.4278440984732,243.7664337158203,40896200.0,234.20268837558356,57.25593615223922,233.93560791015625,1,1,0.01271058045886364,0.01271058045886364,4.43261698293938,0.0
2025-02-18,244.34445851454996,241.01584434943877,243.31796980618805,243.6368865966797,48822500.0,235.1011834442594,57.13329142121106,234.39629581996374,0,0,-0.0005314395307257636,-0.0005314395307257636,4.43026131505008,-0.0005314395307256525
2025-02-19,245.17162160901916,242.33134319523683,243.8262313730556,244.03550720214844,32204200.0,235.95207142120123,57.42865309852947,234.80723898751395,1,1,0.0016361258388950528,0.0,4.43026131505008,-0.0005314395307256525
2025-02-20,245.93900803040836,243.45748811790233,244.10528213544586,244.99224853515625,32316900.0,236.81304067014932,58.15704901068849,235.4123807634626,1,1,0.00392050052050541,0.00392050052050541,4.447630156841709,0.0
2025-02-21,247.84249441981407,244.38431857946645,245.11182656230832,244.71319580078125,53197400.0,237.56543639687618,57.85313888065273,236.11064910888672,0,0,-0.0011390267898004902,-0.0011390267898004902,4.442564186941942,-0.0011390267898003792
2025-02-24,248.01191597096326,243.58704451830639,244.0953010258401,246.25791931152344,51326400.0,238.39329191255686,59.098576853475585,237.4874005998884,1,1,0.006312383382871323,0.0,4.442564186941942,-0.0011390267898003792
2025-02-25,249.14803959700342,244.0753891604379,247.15485528022737,246.1981201171875,48013300.0,239.13660888442647,59.02749934056774,238.51927730015345,0,0,-0.0002428315584860341,-0.0002428315584860341,4.4414853921567525,-0.0013815817566359412
2025-02-26,244.14512894194456,238.31507426807877,243.49735015822236,239.54087829589844,44433600.0,239.17511073313807,51.735902851439064,239.09910038539343,0,0,-0.027040181371491778,-0.0,4.4414853921567525,-0.0013815817566359412
2025-02-27,241.6337368385667,236.25213016109495,238.5941277716784,236.49131774902344,41153600.0,238.91951140131764,48.82751585541488,239.40776933942522,0,0,-0.012730856497520038,-0.0,4.4414853921567525,-0.0013815817566359412
2025-02-28,241.26498665715278,229.41550676334808,236.14250368420718,241.01583862304688,56833400.0,239.1191616129109,52.95762153016344,240.4371065412249,1,1,0.019131868844441513,0.0,4.4414853921567525,-0.0013815817566359412
2025-03-03,243.1983635012748,235.3053560708129,240.96599177281342,237.21881103515625,47184000.0,238.9381758436009,49.43317656114413,241.17600795200892,0,0,-0.015754265817481183,-0.015754265817481183,4.371513050664255,-0.017114081767874545
2025-03-04,239.25188262538288,233.88023638606123,236.89992456399492,235.1259765625,53798100.0,238.57510924540082,47.59539161696876,241.41162981305803,0,0,-0.008822379909602107,-0.0,4.371513050664255,-0.017114081767874545
2025-03-05,235.7438674276595,228.44880585950324,234.61771347352882,234.93663024902344,47227600.0,238.22858743622203,47.4274708133004,241.33119092668807,0,0,-0.000805297297409524,-0.0,4.371513050664255,-0.017114081767874545
2025-03-06,237.04940729600818,232.3654272740836,233.64106399817908,234.5280303955078,45170400.0,237.8761534323445,47.05040193870232,240.8898424421038,0,0,-0.0017391917687868963,-0.0,4.371513050664255,-0.017114081767874545
2025-03-07,240.54744460053885,233.95996981993864,234.30878315837532,238.2552947998047,46273600.0,237.91226213400736,50.80593684986389,240.4961896623884,1,1,0.015892618029543115,0.0,4.371513050664255,-0.017114081767874545
2025-03-10,235.35520052510583,223.45588808739058,234.73730306532093,226.70477294921875,72071200.0,236.84488221164656,41.259864312011345,239.28675297328405,0,0,-0.04847960193409895,-0.04847960193409895,4.159583838118333,-0.06476399983039927
2025-03-11,225.07037859810526,216.70897065581676,223.0472976504486,220.08741760253906,76137400.0,235.24893320125537,37.06052403661124,237.57617514474052,0,0,-0.029189307576519163,-0.0,4.159583838118333,-0.06476399983039927
2025-03-12,220.99430349899413,214.17761702040198,219.3897895710681,216.2405548095703,62547500.0,233.4386114496663,34.88770146608806,235.5224827357701,0,0,-0.017478794721086155,-0.0,4.159583838118333,-0.06476399983039927
2025-03-13,216.1010424274323,207.7097381833997,215.2140760046737,208.96543884277344,61368300.0,231.10783310615267,31.24139818083671,232.9690715244838,0,0,-0.03364362421842482,-0.0,4.159583838118333,-0.06476399983039927
2025-03-14,213.22089031000854,208.86578742228792,210.53009451028822,212.76246643066406,60107600.0,229.36065532753472,34.97510585185323,230.576539175851,0,0,0.018170600884615862,0.0,4.159583838118333,-0.06476399983039927
2025-03-17,214.48656508270392,209.25445626243933,212.58307041465437,213.27072143554688,48073400.0,227.82828067115491,35.4688443863581,228.2245821271624,0,0,0.0023888377184630993,0.0,4.159583838118333,-0.06476399983039927
2025-03-18,214.41678753127792,210.76927194631702,213.43017106944268,211.96517944335938,42432400.0,226.3175091256506,34.755295180375356,226.25488935198103,0,0,-0.006121524714690185,-0.0,4.159583838118333,-0.06476399983039927
2025-03-19,218.0144781615262,213.0215573102422,213.48995680484757,214.50648498535156,54385400.0,225.19264968371735,37.338278738357694,224.6845441545759,0,0,0.011989259503216054,0.0,4.159583838118333,-0.06476399983039927
2025-03-20,216.74883872802718,211.49679368091097,213.2607660976187,213.37039184570312,48862900.0,224.06672036581122,36.655393529716775,222.70986938476562,0,0,-0.005296311389961117,-0.0,4.159583838118333,-0.06476399983039927
2025-03-21,218.09421843072647,210.55998434888178,210.83902892918795,217.5261688232422,94127800.0,223.44381069509035,40.822769999762684,221.30325208391463,0,0,0.019476821228993524,0.0,4.159583838118333,-0.06476399983039927
2025-03-24,220.7252273230714,217.83511614199446,220.24686734420678,219.977783203125,44299500.0,223.1137128387127,43.14547703172611,220.22123827253068,0,0,0.01127043423393781,0.0,4.159583838118333,-0.06476399983039927
2025-03-25,223.33631640181736,219.33001153042758,220.01766257627696,222.9875030517578,34493600.0,223.10169285900272,45.890004652195955,219.36772918701172,0,0,0.013681926441879266,0.0,4.159583838118333,-0.06476399983039927
2025-03-26,224.25315146564492,219.71865451354498,222.74828771017502,220.77503967285156,34466100.0,222.88010684127403,44.237584788054626,218.38537270682198,0,0,-0.009921916468981329,-0.0,4.159583838118333,-0.06476399983039927
2025-03-27,224.22325730600966,219.8083464889556,220.63551973925667,223.08714294433594,37094800.0,222.89982456537516,46.36220238734643,217.30193328857422,1,1,0.010472666089927918,0.0,4.159583838118333,-0.06476399983039927
2025-03-28,223.04728822423488,216.93817343567548,220.91458161653458,217.1574249267578,39818600.0,222.35292936169733,42.03819464105303,216.61997985839844,0,0,-0.02658027683405173,-0.02658027683405173,4.0490209481867,-0.08962283162007867
2025-03-31,224.8511131847691,215.49311362240712,216.27045427307317,221.37301635742188,65299300.0,222.25960431367108,45.81969964523253,216.71180834089006,0,0,0.019412605542204586,0.0,4.0490209481867,-0.08962283162007867
2025-04-01,222.91771798921508,218.15400887457568,219.06091135294477,222.4293975830078,36412700.0,222.27577510122694,46.736326230273875,217.15386853899275,1,1,0.004771951175297495,0.0,4.0490209481867,-0.08962283162007867
2025-04-02,224.4225869866718,220.2667995775576,220.56578026164416,223.12701416015625,35905900.0,222.35684548779162,47.355449285648795,218.1654096330915,1,1,0.00313635061160511,0.00313635061160511,4.061720097513947,-0.086767569631239
2025-04-03,206.78290782089874,200.56416741637668,204.83954098981803,202.49755859375,103419000.0,220.46548483121623,34.773633953760964,217.4322019304548,0,0,-0.09245610910922164,-0.09245610910922164,3.6861892610070797,-0.17120148685549275
2025-04-04,199.19884701911502,186.70157274086588,193.2292544699453,187.738037109375,125910900.0,217.34858504818374,28.97575647183116,215.60843876429968,0,0,-0.07288740460316123,-0.0,3.6861892610070797,-0.17120148685549275
2025-04-07,193.48835506739644,174.02491207450518,176.59612158290105,180.84161376953125,160466300.0,213.87173064069304,26.779657053988117,213.3853269304548,0,0,-0.03673428915114274,-0.0,3.6861892610070797,-0.17120148685549275
2025-04-08,189.6913418115003,168.63336050772435,186.06374707733985,171.83241271972656,120859500.0,209.86798607679148,24.252077035412867,210.33717891148157,0,0,-0.04981818543870231,-0.0,3.6861892610070797,-0.17120148685549275
2025-04-09,199.926344669284,171.30421792842867,171.3640110222038,198.17234802246094,184395900.0,208.75411578590285,41.30217051907323,209.25160435267858,0,0,0.15328851458133852,0.0,3.6861892610070797,-0.17120148685549275
2025-04-10,194.11623030966024,182.3763752402466,188.42569728108137,189.77108764648438,121880000.0,206.94620834405347,38.40018346557128,207.26909855433874,0,0,-0.04239370658828934,-0.0,3.6861892610070797,-0.17120148685549275
2025-04-11,198.85997858079665,185.42592149027786,185.46579368960585,197.47471618652344,87435900.0,206.04416147190773,42.312479853368565,205.66173662458147,0,0,0.04059432148267916,0.0,3.6861892610070797,-0.17120148685549275
2025-04-14,212.2143377637297,200.47448329230923,210.7194495182335,201.82984924316406,101352900.0,205.6427984025036,44.41337848483134,204.15047563825334,0,0,0.02205412997037559,0.0,3.6861892610070797,-0.17120148685549275
2025-04-15,202.81646776904176,199.11911932089467,201.1720967653651,201.45114135742188,51343900.0,205.24359296963866,44.2658176735946,202.77019718715124,0,0,-0.0018763720389342042,-0.0,3.6861892610070797,-0.17120148685549275
2025-04-16,200.01603598224625,191.71442177543545,197.68401406478426,193.6079559326172,59732400.0,204.1354370613509,41.27616271853963,200.66454097202845,0,0,-0.03893343751718448,-0.0,3.6861892610070797,-0.17120148685549275
2025-04-17,198.15241736523095,193.75744237056688,196.5279673080365,196.3087158203125,52164700.0,203.39003503839487,42.679406551202504,199.17534746442522,0,0,0.013949632775603904,0.0,3.6861892610070797,-0.17120148685549275
2025-04-21,193.13954254760668,189.16313478921086,192.61134997705832,192.50172424316406,46742500.0,202.3530530578967,41.217977522702036,197.11311231340682,0,0,-0.019392881061038092,-0.0,3.6861892610070797,-0.17120148685549275
2025-04-22,200.9030125684292,195.3021694205859,195.45165216386687,199.059326171875,52976400.0,202.03936478303748,44.65421699351566,195.4438214983259,0,0,0.03406515943944233,0.0,3.6861892610070797,-0.17120148685549275
2025-04-23,207.29117840656184,202.10890198775584,205.29799399880645,203.90277099609375,52929200.0,202.2168320414238,47.0602759902046,194.07066127232142,1,1,0.024331664923032736,0.0,3.6861892610070797,-0.17120148685549275
2025-04-24,208.11833592046503,202.248408894664,204.1917605029567,207.65989685058594,47311000.0,202.7352191661059,48.87508979995625,194.43939971923828,1,1,0.018426065698558647,0.018426065698558647,3.7541112265077174,-0.15592999100142435
2025-04-25,209.0352025034097,205.49729734578435,205.66671618569228,208.56680297851562,38222300.0,203.2906081006211,49.3165580660938,195.9271687098912,1,1,0.004367266581964069,0.004367266581964069,3.7705064310122207,-0.1522437122582868
2025-04-28,210.77923983434187,206.7530142372406,209.2843516085664,209.4238739013672,38743100.0,203.87472865307313,49.748225370891525,197.96875871930803,1,1,0.004109335285442661,0.004109335285442661,3.7860007061331675,-0.14875999743161394
2025-04-29,211.51670773820763,207.65988606249564,207.97880282615472,210.49021911621094,36827600.0,204.50477536384818,50.30256318294685,200.7300306047712,1,1,0.005091803503481929,0.005091803503481929,3.8052782777928416,-0.14442565060423218
2025-04-30,212.8521544830753,205.96569903614,208.58674127234366,211.7758331298828,52286500.0,205.19725705585148,50.98869652022075,201.7017081124442,1,1,0.006107713788649161,0.006107713788649161,3.828519828399764,-0.13920004735321323
2025-05-01,213.82881264887993,208.18809734114114,208.3674918385056,212.59304809570312,57365700.0,205.9016181072659,51.43731722135706,203.33184814453125,1,1,0.0038588679064202047,0.0038588679064202047,3.8432935806946693,-0.13587833404209637
2025-05-02,206.28461806468735,201.4710760745947,205.38767599056177,204.65020751953125,101010600.0,205.78243614652928,47.03278601684689,203.8443832397461,0,0,-0.03736171359938467,-0.03736171359938467,3.6997015466544014,-0.1681634002406388
2025-05-05,203.4044712176219,197.5345438511527,202.40787903175757,198.21221923828125,69018500.0,205.0614631076485,43.83057958073897,203.58598109654017,0,0,-0.03145849867088735,-0.0,3.6997015466544014,-0.1681634002406388
2025-05-06,199.96620262041338,196.34858356859348,197.5345306234426,197.83349609375,51216500.0,204.37308529680104,43.64656731468095,203.32757786342077,0,0,-0.0019106952436467317,-0.0,3.6997015466544014,-0.1681634002406388
2025-05-07,198.7603386318323,192.59143085844198,198.49125449640593,195.58120727539062,68536700.0,203.5357635804762,42.52885037691038,203.46852438790458,0,0,-0.011384769833375663,-0.0,3.6997015466544014,-0.1681634002406388
2025-05-08,199.3682595147921,194.0165494128041,197.04619801698016,196.81698608398438,50478900.0,202.89588000938176,43.36647301368926,203.50482940673828,0,0,0.0063184946335548275,0.0,3.6997015466544014,-0.1681634002406388
2025-05-09,199.85658408831688,196.86680762308345,198.32183886048443,197.8534393310547,36453900.0,202.41564756382678,44.08593026215474,203.88709477015905,0,0,0.005266076204561099,0.0,3.6997015466544014,-0.1681634002406388
2025-05-12,210.82613996616402,206.31563192374182,210.52676720097676,210.34713745117188,63775800.0,203.17102755309773,51.847782357173756,204.69336700439453,1,1,0.0631462266329994,0.0,3.6997015466544014,-0.1681634002406388
2025-05-13,212.95164926547025,208.56089957562318,209.98788789546765,212.48263549804688,51909300.0,204.05784735737862,53.02114235024558,205.30621446881975,1,1,0.010152256278603833,0.010152256278603833,3.737261864910384,-0.15971838189795928
2025-05-14,213.49051386836734,210.13757262915965,211.98367663769176,211.88389587402344,49325800.0,204.80318531134478,52.64255408225939,205.60792868477958,0,0,-0.0028178284904083473,-0.0028178284904083473,3.726730901951323,-0.1620861513814137
2025-05-15,212.51258988469863,209.0997617101353,210.506803034962,211.00575256347656,45029500.0,205.393906002024,52.06857305287872,205.78213936941964,0,0,-0.004144455183460405,-0.0,3.726730901951323,-0.1620861513814137
2025-05-16,212.12340739052024,209.3292870180407,211.9138418912236,210.81614685058594,54737900.0,205.91030989236324,51.939859649286326,205.881587437221,0,0,-0.0008985807760553133,-0.0,3.726730901951323,-0.1620861513814137
2025-05-19,209.0398806327114,203.83084657536088,207.47318710280226,208.3413543701172,46140500.0,206.14183793786364,50.23374801235395,205.72809709821428,0,0,-0.011739103087880398,-0.0,3.726730901951323,-0.1620861513814137
2025-05-20,208.03201787298204,204.5992426766309,207.23369558110693,206.42539978027344,42496600.0,206.16884382761697,48.92410661094553,205.3459232875279,0,0,-0.009196227967492532,-0.0,3.726730901951323,-0.1620861513814137
2025-05-21,206.60500227852873,200.28831500749223,204.73893602091724,201.6654052734375,59211800.0,205.7399449176951,45.80138641415863,204.56537737165178,0,0,-0.023059151208633444,-0.0,3.726730901951323,-0.1620861513814137
2025-05-22,202.32401437172413,199.28041949489233,200.2883071907537,200.9369354248047,46742400.0,205.28251544218173,45.335234407494944,204.3001436505999,0,0,-0.003612269777481525,-0.0,3.726730901951323,-0.1620861513814137
2025-05-23,197.28464391104225,193.05356158182016,193.26311186041877,194.85975646972656,78432900.0,204.28987173051934,41.615822672650424,204.06068202427454,0,0,-0.03024421041472658,-0.0,3.726730901951323,-0.1620861513814137
2025-05-27,200.31825293342968,197.01519441683536,197.88337691051132,199.78936767578125,56288500.0,203.86125229673476,45.43804012282811,204.20038713727678,0,0,0.0252982519087801,0.0,3.726730901951323,-0.1620861513814137
2025-05-28,202.30406088976383,199.48000488022652,200.16855762950956,199.99891662597656,45339700.0,203.4934108042816,45.59740369945779,204.51593780517578,0,0,0.0010488493588676207,0.0,3.726730901951323,-0.1620861513814137
2025-05-29,203.38179807643976,198.09293019267844,203.15228556391767,199.5299072265625,51396800.0,203.11593427307025,45.28577791094352,204.7097178867885,0,0,-0.002345059699954133,-0.0,3.726730901951323,-0.1620861513814137
2025-05-30,201.53569281345096,196.36656797106642,198.95112277889336,200.4280242919922,70819900.0,202.8599428463009,46.02927508790505,204.89361681256975,0,0,0.004501165153201203,0.0,3.726730901951323,-0.1620861513814137
2025-06-02,201.70533435611304,199.69954757512772,199.85921507319503,201.27622985839844,35423300.0,202.70911303792923,46.74864835513709,204.24569484165735,0,0,0.0042319709002895944,0.0,3.726730901951323,-0.1620861513814137
2025-06-03,203.34187550579085,200.53778186221837,200.92696184786135,202.84292602539062,46381600.0,202.7218571319732,48.09381234712198,203.55714416503906,1,1,0.007783811173800226,0.0,3.726730901951323,-0.1620861513814137
2025-06-04,205.80670326672896,201.67540185470463,202.48369763994597,202.39389038085938,43604000.0,202.69062220329567,47.73005733647719,202.87928662981307,0,0,-0.002213711137626917,-0.002213711137626917,3.718480996246735,-0.16394105060047248
2025-06-05,204.3198354061699,199.7294935749724,203.07246156364138,200.20849609375,55126100.0,202.4542292404818,45.94961845149225,202.1080540248326,0,0,-0.010797728543074925,-0.0,3.718480996246735,-0.16394105060047248
2025-06-06,205.26782088834017,201.62549563553227,202.57349663849442,203.49156188964844,46607700.0,202.55302282611672,48.960330011695675,201.58486938476562,1,1,0.016398234140678536,0.0,3.718480996246735,-0.16394105060047248
2025-06-09,205.56720771427428,199.59977555964565,203.96058960802065,201.02676391601562,72862600.0,202.40766483467854,46.89597633778856,201.06239863804407,0,0,-0.012112531599563048,-0.012112531599563048,3.6734407776773215,-0.17406784104417172
2025-06-10,203.92066462184746,200.14860765917956,200.1785434107301,202.2441864013672,54672600.0,202.39209546007746,48.03513946542446,200.76374053955078,0,0,0.006056021902935083,0.0,3.6734407776773215,-0.17406784104417172
2025-06-11,204.07034932786254,197.99314795828434,203.0724503091444,198.36236572265625,60989900.0,202.00831167556117,44.8089227356036,200.5278091430664,0,0,-0.01919373183369144,-0.0,3.6734407776773215,-0.17406784104417172
2025-06-12,199.26046614106752,196.94534836583952,198.66173587371065,198.78147888183594,43904600.0,201.70099426663498,45.22701593888333,200.37384796142578,0,0,0.0021128663073402,0.0,3.6734407776773215,-0.17406784104417172
2025-06-13,199.9490243445518,195.2888376882346,199.3103695725812,196.03726196289062,51447300.0,201.1615911900879,42.982810645316,200.45795549665178,0,0,-0.013805194198080128,-0.0,3.6734407776773215,-0.17406784104417172
2025-06-16,198.27256505925683,196.1470352061455,196.8854859861783,198.0031280517578,43020700.0,200.86078517691362,45.039310618408905,200.3303669520787,0,0,0.010028022576847206,0.0,3.6734407776773215,-0.17406784104417172
2025-06-17,197.97318035709665,194.79986887227625,196.78567812068002,195.2289581298828,38856200.0,200.32442069624403,42.74894995107705,199.98965563092912,0,0,-0.014010737856372857,-0.0,3.6734407776773215,-0.17406784104417172
2025-06-18,197.15490236836843,194.66015499959357,195.52832221137376,196.16697692871094,45394700.0,199.92847367076467,43.766744791762555,199.74944632393974,0,0,0.004804711390223648,0.0,3.6734407776773215,-0.17406784104417172
2025-06-20,201.27622400422058,196.44639652864126,197.8235020126397,200.57769775390625,96813500.0,199.99030453582577,48.31471996129058,199.760137285505,1,1,0.022484522595249024,0.0,3.6734407776773215,-0.17406784104417172
2025-06-23,201.87498244787415,198.54200324907936,201.20639190632414,201.07666015625,55814300.0,200.09376697586617,48.807739143722856,199.74588230678015,1,1,0.002487626530422782,0.002487626530422782,3.6825789264138087,-0.1720132302932238
2025-06-24,203.0125832870988,199.77938491343542,202.16436301176623,199.87918090820312,54064000.0,200.0733302075173,47.65926595442395,199.53418622698103,0,0,-0.0059553368706062315,-0.0059553368706062315,3.660647928354419,-0.17694417043123267
2025-06-25,203.2421033073339,200.19850807531137,201.0267661369261,201.13653564453125,39525700.0,200.17458786818528,48.98601159789013,199.44437517438615,1,1,0.006290573788700682,0.0,3.660647928354419,-0.17694417043123267
2025-06-26,202.2142514946699,199.04094000321476,201.00678701240994,200.57769775390625,50799100.0,200.212979285873,48.41188943631331,199.47074672154017,0,0,-0.0027784006959959973,-0.0027784006959959973,3.650477181602483,-0.17923094932095018
2025-06-27,202.7930349784745,199.57979899649257,201.4658274879402,200.65753173828125,73188600.0,200.25531761467377,48.50264964155624,199.2683159964425,1,1,0.0003980202448676806,0.0,3.650477181602483,-0.17923094932095018
2025-06-30,206.95427439094752,198.84135059390303,201.58557286233471,204.7389373779297,91912800.0,200.68232902069815,52.95657683725016,199.5334712437221,1,1,0.020340156705265455,0.020340156705265455,3.724728459525273,-0.1625363782113063
2025-07-01,209.74839282792448,205.70689884063935,206.23578409144605,207.3833770751953,78788900.0,201.32052407350739,55.5769714348633,199.90055629185267,1,1,0.01291615425542747,0.01291615425542747,3.7728376268680823,-0.15171956888897453
2025-07-02,212.8917706186518,207.7026988246806,208.47108532398713,211.99366760253906,67941800.0,202.33701393341516,59.69679298970845,200.87422071184432,1,1,0.022230762139012317,0.022230762139012317,3.8567106827401023,-0.1328616483977666
2025-07-03,214.19902871499423,211.36499901814886,211.70428104663077,213.10134887695312,34955800.0,203.36218868994257,60.620435816697366,201.8970685686384,1,1,0.00522506774348952,0.00522506774348952,3.876862257324459,-0.12833079176766704
2025-07-07,215.77570049162512,208.36131809352125,212.23315593085263,209.50889587402344,50229000.0,203.94758937414073,56.221763625267776,202.85932813371932,0,0,-0.016857955249283796,-0.016857955249283796,3.811506286882846,-0.14302535227222635
2025-07-08,210.98578616820197,208.01205130024096,209.658593847986,209.5687713623047,42848900.0,204.48294003968016,56.27742355536073,203.68544551304407,1,1,0.00028578971805215403,0.0,3.811506286882846,-0.14302535227222635
2025-07-09,210.8859991217609,206.78463359109693,209.0897778625777,210.69639587402344,48749400.0,205.07469773818903,57.352332103773506,204.79026249476843,1,1,0.00538068961510163,0.00538068961510163,3.8320148191785712,-0.1384142376847921
2025-07-10,213.03147386855414,209.58872537016995,210.06771262581316,211.96372985839844,44443600.0,205.73079603535183,58.55768103681327,205.9186019897461,1,1,0.006014977043711456,0.006014977043711456,3.8550643003470926,-0.13323181910327742
2025-07-11,211.68431760849728,209.41908263784933,210.12759762046792,210.7163543701172,39765800.0,206.2056111148533,56.891778721415186,206.64279174804688,0,0,-0.005884853456365136,-0.005884853456365136,3.832377811874685,-0.1383326228284949
2025-07-14,210.46688365912564,207.10395364435493,209.48893166698292,208.1816864013672,38840100.0,206.39380876118796,53.62844752575682,207.15029362269811,0,0,-0.01202881464197092,-0.0,3.832377811874685,-0.1383326228284949
2025-07-15,211.44482767792792,208.48106630115817,208.7804390594974,208.67066955566406,42296300.0,206.61065264637614,54.162375844227476,207.77825709751673,1,1,0.0023488288655426626,0.0,3.832377811874685,-0.1383326228284949
2025-07-16,211.95375954691573,208.2016644692293,209.8581806046168,209.71847534179688,47490500.0,206.90663576022573,55.3227057155922,208.39125279017858,1,1,0.00502133715468478,0.00502133715468478,3.8516214729722407,-0.13400590041252392
2025-07-17,211.3550095983717,209.14964612579556,210.12759810142074,209.57875061035156,48068100.0,207.16112288880913,55.126825198763584,209.0341851370675,0,0,-0.0006662490332222104,-0.0006662490332222104,3.849055333889535,-0.13458286814415021
2025-07-18,211.34503189230253,209.25942654413325,210.42696659875526,210.73631286621094,48974600.0,207.50161717237123,56.47087462110645,209.75409807477678,1,1,0.005523280640275852,0.0,3.849055333889535,-0.13458286814415021
2025-07-21,215.3266389893317,211.18536434566,211.65437808070223,212.0335693359375,51377400.0,207.93323166413944,57.95642029789655,210.27514321463448,1,1,0.006155827878369324,0.006155827878369324,3.8727494560192786,-0.12925550923745344
2025-07-22,214.49840197701596,211.78411528941558,212.69220709721728,213.94955444335938,46404100.0,208.50621478596992,60.074763134932624,210.74415588378906,1,1,0.0090362347501034,0.0090362347501034,3.907744529232204,-0.12138725761156388
2025-07-23,214.69797228179937,211.9637386583707,214.54829351654996,213.7000732421875,46989300.0,209.00086797227635,59.66273976738403,210.86604200090682,0,0,-0.001166074880693091,-0.001166074880693091,3.9031878064965,-0.12241178586031998
2025-07-24,215.2368355364858,213.08137006420023,213.45058781785585,213.31088256835938,46022600.0,209.41134555285566,58.99827783021151,210.8810086931501,0,0,-0.0018212004700020046,-0.0,3.9031878064965,-0.12241178586031998
2025-07-25,214.7877920897316,212.95164630742312,214.24891808809048,213.43064880371094,40268800.0,209.7941363386514,59.14566288661173,211.1611339024135,1,1,0.0005614633154649162,0.0,3.9031878064965,-0.12241178586031998
2025-07-28,214.39861831079742,212.61237047326716,213.5803337758995,213.6002960205078,37858000.0,210.15662773692347,59.363462340567516,211.44909994942802,1,1,0.0007948587409902785,0.0007948587409902785,3.9062902894422207,-0.12171422719732095
2025-07-29,214.3586818606333,210.37707459375494,213.73000061776605,210.8261260986328,51411700.0,210.22038948565768,54.37380146227646,211.45836639404297,0,0,-0.012987668901023652,-0.012987668901023652,3.855556684531661,-0.1331211120149619
2025-07-30,211.94377315400357,207.28358653790625,211.454797150492,208.6107940673828,45512500.0,210.06709468391722,50.78561745010694,211.218870980399,0,0,-0.010507862911703691,-0.0,3.855556684531661,-0.1331211120149619
2025-07-31,209.39913099136336,206.72476887181696,208.0519764228089,207.1339111328125,80698400.0,209.7877438695263,48.537860848084,210.96298217773438,0,0,-0.007079609380583052,-0.0,3.855556684531661,-0.1331211120149619
2025-08-01,213.1312852679161,201.07666267114303,210.4269720875647,201.95481872558594,104434500.0,209.04175099867484,41.721501778321446,210.51820591517858,0,0,-0.025003594915492977,-0.0,3.855556684531661,-0.1331211120149619
2025-08-04,207.44325668811337,201.25627047720934,204.0803265791815,202.9227752685547,75109300.0,208.45899140533007,43.288335171666844,210.1076420375279,0,0,0.004792936108565904,0.0,3.855556684531661,-0.1331211120149619
2025-08-05,204.90858140720596,201.73526982787092,202.97265486934364,202.49366760253906,44155100.0,207.89086532887376,42.75197385762546,209.59158434186662,0,0,-0.0021146353111312077,-0.0,3.855556684531661,-0.1331211120149619
2025-08-06,214.9275012748427,205.15806109322384,205.19798558200998,212.80197143554688,108483100.0,208.35858971998547,56.40958871123873,209.82181440080916,1,1,0.05090679602505532,0.0,3.855556684531661,-0.1331211120149619
2025-08-07,220.38600300495352,216.12496995802366,218.42014073215765,219.56771850585938,90224800.0,209.42612579483063,62.57767026692537,210.45262908935547,1,1,0.031793629657992595,0.031793629657992595,3.9781388258850585,-0.10555988569203312
2025-08-08,230.5146761138317,218.78936250198095,220.36604479784603,228.86814880371094,113854000.0,211.27774703377162,68.9376669774091,211.65509905133928,1,1,0.04235791290787305,0.04235791290787305,4.146644483807326,-0.0676732692288683
2025-08-11,229.33767612130436,224.54232171734583,227.6992650180531,226.95997619628906,61806100.0,212.7712926682971,66.49694250023828,212.58441489083427,0,0,-0.008337431911761617,-0.008337431911761617,4.112072117761301,-0.07544647986618791
2025-08-12,230.57647717809445,226.8500938879156,227.78917070894937,229.42758178710938,55626200.0,214.3576059177078,68.03736290192488,213.7078083583287,1,1,0.010872426196794072,0.0,4.112072117761301,-0.07544647986618791
2025-08-13,234.77241529044048,230.2068337695816,230.8462285986664,233.10403442382812,69878500.0,216.14298006114782,70.18711530981959,215.1216049194336,1,1,0.016024457949132653,0.016024457949132653,4.177965844496168,-0.060631010861081025
2025-08-14,234.89229562265464,230.6264418350812,233.83332460758467,232.5545654296875,51916300.0,217.70598819148492,69.45222484436489,216.4875989641462,0,0,-0.0023571835446725142,-0.0023571835446725142,4.168117612157317,-0.06284527598465495
2025-08-15,234.0531046408583,229.11788646444978,233.77337703316005,231.36570739746094,56038700.0,219.0069138301493,67.83459316109975,217.75655691964286,0,0,-0.005112168105708581,-0.0,4.168117612157317,-0.06284527598465495
2025-08-18,232.89423321308522,229.88715369469057,231.47561022214762,230.66639709472656,37476200.0,220.11734080772808,66.8702255957205,219.17371913364954,0,0,-0.0030225322092916063,-0.0,4.168117612157317,-0.06284527598465495
2025-08-19,232.64447617946885,229.1278960385577,231.05601964615855,230.3367156982422,39402600.0,221.09061460682466,66.40176624585064,220.72557067871094,0,0,-0.001429256279357305,-0.0,4.168117612157317,-0.06284527598465495
2025-08-20,230.24679444121838,225.55134937034353,229.75726351111018,225.79110717773438,42263900.0,221.5382805659589,60.273475754421376,222.0582275390625,0,0,-0.019734624185850147,-0.0,4.168117612157317,-0.06284527598465495
2025-08-21,226.30063142153253,223.56327948127884,226.05087353353895,224.68218994140625,30621200.0,221.83770050647772,58.87808171942481,223.68161119733537,0,0,-0.004911252928377019,-0.0,4.168117612157317,-0.06284527598465495
2025-08-22,228.8681272027074,225.1916985271248,225.95095699429655,227.53941345214844,42477800.0,222.38072078701776,61.30758736318689,225.4399424961635,1,1,0.012716733406805902,0.0,4.168117612157317,-0.06284527598465495
2025-08-25,229.07792927219558,226.01089520624416,226.26065308481304,226.94000244140625,30983100.0,222.81493808743573,60.51802544728901,227.1861092703683,0,0,-0.002634317288807808,-0.002634317288807808,4.157137467869827,-0.06531403887641651
2025-08-26,229.26775474756235,224.4724002828088,226.65028173376106,229.08792114257812,54575100.0,223.41236504506836,62.34713417035062,228.3493913922991,1,1,0.00946469850209164,0.0,4.157137467869827,-0.06531403887641651
2025-08-27,230.676376013076,228.03893336267103,228.38860049855515,230.26678466796875,31259500.0,224.06516691391602,63.328633123501284,229.11361040387834,1,1,0.005145899965004919,0.005145899965004919,4.178529681420259,-0.06050423842177999
2025-08-28,233.18396075811214,229.11789497993007,230.59647266873003,232.33477783203125,38074700.0,224.85274890611748,65.01271798721689,229.36122676304407,1,1,0.008980857430412437,0.008980857430412437,4.216056460757841,-0.05206676093056939
2025-08-29,233.15398096397084,231.145917853049,232.28481317583598,231.91517639160156,39418400.0,225.52536104759216,64.38123674319232,229.71516963413782,0,0,-0.0018060207961334562,-0.0018060207961334562,4.208442175112039,-0.05377874807367489
2025-09-02,230.62643860177437,226.75019132336067,229.02798202980685,229.49752807617188,44075600.0,225.90366266936164,60.79949198530882,229.7201657976423,0,0,-0.010424709383172748,-0.0,4.208442175112039,-0.05377874807367489
2025-09-03,238.6186963224971,234.133039090421,236.98028515930878,238.2390594482422,66427800.0,227.07846236258834,67.64944826744951,230.08695329938615,1,1,0.038089871578786294,0.0,4.208442175112039,-0.05377874807367489
2025-09-04,239.66765417218173,236.51072617258424,238.21906152531412,239.5477752685547,47549400.0,228.26601597268035,68.5164384635525,230.58646828787667,1,1,0.005493288226302795,0.005493288226302795,4.231560360963658,-0.048580882010990645
2025-09-05,241.08629675958926,238.25903569310344,239.76756781945676,239.45787048339844,54870400.0,229.33190687846303,68.38391270747344,231.1644799368722,0,0,-0.00037531045761318715,-0.00037531045761318715,4.229972212108167,-0.04893795955554503
2025-09-08,239.91741830634814,236.11111057683257,239.06825064349684,237.64962768554688,48999500.0,230.12407076485198,65.693741982536,231.6632821219308,0,0,-0.007551402650500583,-0.0,4.229972212108167,-0.04893795955554503
2025-09-09,238.5487492683241,233.13400016518182,236.77047435136637,234.123046875,66313900.0,230.5049256324851,60.784732231061064,231.93373434884208,0,0,-0.014839412310012845,-0.0,4.229972212108167,-0.04893795955554503
2025-09-10,232.19491077497392,225.73117543382176,231.96513778704139,226.5703582763672,83440800.0,230.13020493190245,52.02128279448535,231.98939514160156,0,0,-0.03225948363240483,-0.0,4.229972212108167,-0.04893795955554503
2025-09-11,230.22681187017153,226.43048902665416,226.66027725307507,229.80722045898438,50208600.0,230.09944450591027,54.951247385026164,232.35546875,0,0,0.014286344459361722,0.0,4.229972212108167,-0.04893795955554503
2025-09-12,234.28288383192944,228.79821036620638,228.9980136278554,233.84332275390625,55824200.0,230.45600433905273,58.29415956717117,232.80574798583984,1,1,0.017562991653877313,0.0,4.229972212108167,-0.04893795955554503
2025-09-15,237.95932665324483,234.80238330570734,236.77047667310174,236.47076416015625,42699500.0,231.02883860772926,60.3122735348968,233.48651668003626,1,1,0.011235905200573493,0.011235905200573493,4.277499778884474,-0.03825191662924721
2025-09-16,240.98639147239973,236.09114297984144,236.9502954777413,237.9193572998047,63421100.0,231.68507848316503,61.39636710128173,234.1173335484096,1,1,0.006125886829152938,0.006125886829152938,4.303703258441647,-0.03236035671236315
2025-09-17,239.86748583209587,237.4997706474641,238.73857528095925,238.75856018066406,46508000.0,232.35874340673638,62.028867828925506,234.72388894217355,1,1,0.003527257682534257,0.003527257682534257,4.318883528823333,-0.028947242346652136
2025-09-18,240.9664044724694,236.4208079152849,239.737599946219,237.64962768554688,44249600.0,232.86263714757547,60.64671933854233,235.1035210745675,0,0,-0.004644576907642972,-0.004644576907642972,4.298824142118561,-0.033457371560951854
2025-09-19,246.06146581163878,239.9773675285625,240.99636870073516,245.26223754882812,163741300.0,234.0435514715043,66.10440988005811,236.05688258579798,1,1,0.03203291306373979,0.0,4.298824142118561,-0.033457371560951854
2025-09-22,256.3914711896616,247.8797028858207,248.05953649140056,255.8319854736328,105517400.0,236.11864042408797,71.81688594831823,237.9379152570452,1,1,0.043095700465100695,0.043095700465100695,4.484084979699446,0.0
2025-09-23,257.0907792625319,253.33442606621003,255.63220171436936,254.18359375,60275200.0,237.8391121694129,69.88345895787306,239.0768105643136,0,0,-0.00644325892472386,-0.00644325892472386,4.455192859134778,-0.006443258924723749
2025-09-24,255.4923293909784,250.79686899703333,254.9728287261993,252.06564331054688,42303700.0,239.19401989713995,67.42832419206425,239.97094399588448,0,0,-0.00833236483994404,-0.0,4.455192859134778,-0.006443258924723749
2025-09-25,256.9209435623003,251.466224879955,252.96477212582877,256.6212158203125,55202100.0,240.85375284220402,69.82828682003712,241.19689723423548,1,1,0.018072960876120314,0.0,4.455192859134778,-0.006443258924723749
2025-09-26,257.3505275669758,253.5342198150173,253.8539172209246,255.2126007080078,46076300.0,242.22126216275677,68.19286757781514,242.45139530726843,0,0,-0.0054890828406448655,-0.0054890828406448655,4.430737936459938,-0.011896974183367104
2025-09-29,254.75304905914027,252.76497075706976,254.31347273152574,254.18359375,40127700.0,243.3605318377323,66.9864789646343,243.88429151262557,0,0,-0.004031959845059219,-0.0,4.430737936459938,-0.011896974183367104
2025-09-30,255.67215158054225,252.8648753735947,254.61318058017173,254.38340759277344,37704300.0,244.4103295286886,67.10542670291572,245.87093789236886,1,1,0.0007861004710238984,0.0,4.430737936459938,-0.011896974183367104
2025-10-01,258.53938316103813,254.6831055272507,254.7929996074261,255.20260620117188,48713900.0,245.43816540225845,67.60907540139074,247.68489401681083,1,1,0.003220330351537015,0.003220330351537015,4.445006376316426,-0.008714956018884168
2025-10-02,257.9299523535748,253.9038565188199,256.33149581258533,256.8809814453125,42630200.0,246.52795740635884,68.64444222210749,249.33044106619698,1,1,0.006576638338942287,0.006576638338942287,4.4742395756677515,-0.0021956327938179587
2025-10-03,258.9889308017334,253.70406057825727,254.42336451804394,257.7701110839844,49155600.0,247.59863870898982,69.19355916162814,250.85182298932756,1,1,0.0034612513299712155,0.0034612513299712155,4.489726043349641,0.0
2025-10-06,258.819106172963,254.80299514816292,257.7401350456914,256.44140625,44664100.0,248.44080704622888,67.33851743344705,252.1748264857701,0,0,-0.0051546117135026215,-0.0051546117135026215,4.466583248896174,-0.0051546117135025105
2025-10-07,257.15072039039774,255.18262697514498,256.56129542181253,256.23162841796875,31955800.0,249.18279003401364,67.03982216775964,253.4229027884347,0,0,-0.0008180341665524615,-0.0,4.466583248896174,-0.0051546117135025105
2025-10-08,258.2696351050741,255.8619653198879,256.2715719294531,257.8100891113281,36496900.0,250.00443756518644,68.15850957647132,254.86293574741907,1,1,0.00616028826380699,0.0,4.466583248896174,-0.0051546117135025105
2025-10-09,257.75013209688524,252.8948383011137,257.5603136690899,253.79396057128906,38322000.0,250.36534451814862,62.47908793109249,255.47234453473772,0,0,-0.01557785637436715,-0.01557785637436715,4.397003456560715,-0.020652170286931115
2025-10-10,256.13171175032437,243.76369637579657,254.69310389004832,245.032470703125,61999100.0,249.85745177386065,52.44389512871305,254.7009506225586,0,0,-0.03452205816262133,-0.0,4.397003456560715,-0.020652170286931115
2025-10-13,249.44818352992385,245.32217845998096,249.13848619669534,247.42015075683594,38142900.0,249.62532786747732,54.53853344878599,254.2178475516183,0,0,0.009744341420789837,0.0,4.397003456560715,-0.020652170286931115
2025-10-14,248.60900042906025,244.46301046499008,246.36117950382103,247.53004455566406,35478000.0,249.42577707587606,54.63533758218035,253.8938762119838,0,0,0.00044415864468594357,0.0,4.397003456560715,-0.020652170286931115
2025-10-15,251.5761352503302,247.2303418581919,249.24838988167792,249.09852600097656,33893600.0,249.39461030683802,56.04162685777611,253.3565412248884,0,0,0.006336529564029414,0.0,4.397003456560715,-0.020652170286931115
2025-10-16,248.79881419551728,244.8926123625184,248.00958596667436,247.21035766601562,39777000.0,249.18658624580732,53.92340235512412,252.78495243617468,0,0,-0.007580006053321764,-0.0,4.397003456560715,-0.020652170286931115
2025-10-17,253.13461023404025,247.03052706557392,247.77980070207627,252.045654296875,49147000.0,249.45887844114708,58.183928987478396,252.63224247523718,1,1,0.019559441912186948,0.0,4.397003456560715,-0.020652170286931115
2025-10-20,264.1239650925819,255.3824390623343,255.64218177653177,261.98602294921875,90483000.0,250.6519398228682,65.15606486303497,253.17528642926897,1,1,0.03943876231500254,0.03943876231500254,4.570415830782258,0.0
2025-10-21,265.03308188579996,261.5764108568555,261.6263807259345,262.5155029296875,46695900.0,251.78180297589861,65.47878947088441,253.6976361955915,1,1,0.0020210237725979407,0.0020210237725979407,4.579652749826927,0.0
2025-10-22,262.5954395959732,255.18261234613632,262.3956210979312,258.19970703125,45015300.0,252.39303193355113,60.65838503810192,253.79183088030135,0,0,-0.016440156296572916,-0.016440156296572916,4.504362542835742,-0.016440156296573027
2025-10-23,260.36758405794774,257.76012648314656,259.68824995662277,259.3285827636719,32754900.0,253.05356058403882,61.439979944098255,253.9031502859933,1,1,0.004372103072468825,0.0,4.504362542835742,-0.016440156296573027
2025-10-24,263.87421967110856,258.9290010880386,260.93706434715574,262.56549072265625,38253700.0,253.95945869247856,63.62138495275719,254.34058489118303,1,1,0.012481878875396424,0.012481878875396424,4.560585450506291,-0.004163481460762952
2025-10-27,268.8593494221352,264.3936774471076,264.6234656652487,268.5496520996094,44888200.0,255.3490009217291,67.22913395035133,255.22044372558594,1,1,0.02279111912415832,0.02279111912415832,4.664526296784683,0.0
2025-10-28,269.6286240979669,267.8902885694659,268.7294713644567,268.7394714355469,41534800.0,256.62428382780695,67.33729126581889,256.00111389160156,1,1,0.0007068314349076843,0.0007068314349076843,4.6678233306002035,0.0
2025-10-29,271.1471476128123,266.85129379808274,269.01920560410514,269.4388122558594,51086700.0,257.84471510666907,67.75007400291669,257.1186032976423,1,1,0.0026023003490212027,0.0026023003490212027,4.6799704088825935,0.0
2025-10-30,273.87451306817263,268.2199910571769,271.72657092903916,271.13714599609375,69886500.0,259.1106609056619,68.75932748485236,258.9832229614258,1,1,0.006303226049785504,0.006303226049785504,4.709469320276088,0.0
2025-10-31,277.05143573891627,268.89933466249033,276.721738255342,270.108154296875,86167100.0,260.1580412286346,67.41382127125901,260.60379464285717,0,0,-0.0037950967413132863,-0.0037950967413132863,4.6915964286053935,-0.0037950967413131753
2025-11-03,270.5877038096653,265.9921525413924,270.15812755648943,268.7894287109375,50194600.0,260.9800781317111,65.67999276329948,262.12232208251953,0,0,-0.004882213161503057,-0.0,4.6915964286053935,-0.0037950967413131753
2025-11-04,271.22705027239556,267.36080327265466,268.0701070960229,269.7784729003906,49274800.0,261.81802049063293,66.36297965748541,263.5994611467634,1,1,0.0036796245826942187,0.0,4.6915964286053935,-0.0037950967413131753
2025-11-05,271.43687417180433,266.67147434431234,268.3498399683747,269.8783874511719,43683100.0,262.5856744868747,66.43401163051453,265.2186061314174,1,1,0.0003703577594871277,0.0003703577594871277,4.69333399774711,-0.0034261445253521705
2025-11-06,273.1352174017799,267.6305743388968,267.6305743388968,269.50872802734375,51204000.0,263.24501291930034,65.8921115419314,266.4659685407366,0,0,-0.0013697259247742455,-0.0013697259247742455,4.686905416496772,-0.004791177571147998
2025-11-07,272.02629915101613,266.51162568814635,269.5386899523433,268.2099914550781,48227400.0,263.7178680179458,63.96258639386833,266.91053771972656,0,0,-0.004818903572332056,-0.0,4.686905416496772,-0.004791177571147998
2025-11-10,273.7300109863281,267.4599914550781,268.9599914550781,269.42999267578125,41312400.0,264.2618798901206,64.97670694988496,267.4044298444475,1,1,0.004548679242277531,0.0,4.686905416496772,-0.004791177571147998
2025-11-11,275.9100036621094,269.79998779296875,269.80999755859375,275.25,46208300.0,265.30836751963295,69.31310009340763,268.62230791364397,1,1,0.021601185771556786,0.021601185771556786,4.7881481310922345,0.0
2025-11-12,275.7300109863281,271.70001220703125,275.0,273.4700012207031,48398000.0,266.0856659673539,66.65614371850805,269.63240923200334,0,0,-0.006466843884820661,-0.006466843884820661,4.757183924631065,-0.006466843884820661
2025-11-13,276.70001220703125,272.0899963378906,274.1099853515625,272.95001220703125,49602800.0,266.73941322827557,65.87959116210804,270.37416076660156,0,0,-0.0019014480979659965,-0.0,4.757183924631065,-0.006466843884820661
2025-11-14,275.9599914550781,269.6000061035156,271.04998779296875,272.4100036621094,47431300.0,267.27946946006927,65.05113712151461,270.649900163923,0,0,-0.0019784155368063328,-0.0,4.757183924631065,-0.006466843884820661
2025-11-17,270.489990234375,265.7300109863281,268.82000732421875,267.4599914550781,45018300.0,267.2966620310225,58.01202933140074,270.55850873674666,0,0,-0.018171183658773127,-0.0,4.757183924631065,-0.006466843884820661
2025-11-18,270.7099914550781,265.32000732421875,269.989990234375,267.44000244140625,45677300.0,267.3103134986781,57.98535813136572,270.41573660714283,0,0,-7.473646268785217e-05,-0.0,4.757183924631065,-0.006466843884820661
2025-11-19,272.2099914550781,265.5,265.5299987792969,268.55999755859375,40424500.0,267.4293310281939,59.09455038605349,270.23165457589283,1,1,0.004187836924032684,0.0,4.757183924631065,-0.006466843884820661
2025-11-20,275.42999267578125,265.9200134277344,270.8299865722656,266.25,45823600.0,267.3170137874135,55.8910818365391,269.95607212611606,0,0,-0.008601420835542606,-0.008601420835542606,4.716265383703235,-0.01501264067463215
2025-11-21,273.3299865722656,265.6700134277344,265.95001220703125,271.489990234375,59030800.0,267.71444011569554,60.946203807688086,270.1489693777902,1,1,0.019680714495305063,0.0,4.716265383703235,-0.01501264067463215
2025-11-24,277.0,270.8999938964844,270.8999938964844,275.9200134277344,65585800.0,268.49592328827066,64.56065856170534,270.58765084402904,1,1,0.0163174457722548,0.0163174457722548,4.793222788349375,0.0
2025-11-25,280.3800048828125,275.25,275.2699890136719,276.9700012207031,46914200.0,269.30297832945473,65.36050341326875,271.0941946847098,1,1,0.003805406428931457,0.003805406428931457,4.81146294916346,0.0
2025-11-26,279.5299987792969,276.6300048828125,276.9599914550781,277.54998779296875,33431400.0,270.08840780217037,65.80918642815902,271.6685703822545,1,1,0.0020940411225383038,0.0020940411225383038,4.821538350438578,0.0
2025-11-28,279.0,275.989990234375,277.260009765625,278.8500061035156,20135600.0,270.9228457356318,66.8231245798109,272.42857142857144,1,1,0.004683906927485104,0.004683906927485104,4.844121987319332,0.0
2025-12-01,283.4200134277344,276.1400146484375,278.010009765625,283.1000061035156,46587700.0,272.0825752944779,69.8953396606982,273.40500095912387,1,1,0.015241168753721723,0.015241168753721723,4.91795206799168,0.0
2025-12-02,287.3999938964844,282.6300048828125,283.0,286.19000244140625,53669500.0,273.4261397846616,71.88765739594356,274.18642970493863,1,1,0.010914857899228636,0.010914857899228636,4.971630815969027,0.0
2025-12-03,288.6199951171875,283.29998779296875,286.20001220703125,284.1499938964844,43538700.0,274.4474592238828,68.72682430983126,274.9492863246373,0,0,-0.00712816145749029,-0.00712816145749029,4.936192228805766,-0.00712816145749029
2025-12-04,284.7300109863281,278.5899963378906,284.1000061035156,280.70001220703125,43989100.0,275.04294046037313,63.73790783121887,275.50285775320873,0,0,-0.012141410394363561,-0.0,4.936192228805766,-0.00712816145749029
2025-12-05,281.1400146484375,278.04998779296875,280.5400085449219,278.7799987792969,47265800.0,275.39885077646113,61.13801663769879,275.95785740443637,0,0,-0.00684009028940924,-0.0,4.936192228805766,-0.00712816145749029
2025-12-08,279.6700134277344,276.1499938964844,278.1300048828125,277.8900146484375,38211800.0,275.6361044785541,59.94495091167805,276.7028590611049,0,0,-0.00319242461710445,-0.0,4.936192228805766,-0.00712816145749029
2025-12-09,280.0299987792969,276.9200134277344,278.1600036621094,277.17999267578125,32193300.0,275.7831414497186,58.97842803575335,277.39857264927457,0,0,-0.002555046727945598,-0.0,4.936192228805766,-0.00712816145749029
2025-12-10,279.75,276.44000244140625,277.75,278.7799987792969,33038300.0,276.06855643348797,60.48954407422314,278.1285727364676,1,1,0.00577244442526248,0.0,4.936192228805766,-0.00712816145749029
2025-12-11,279.5899963378906,273.80999755859375,279.1000061035156,278.0299987792969,33248000.0,276.25536046642213,59.40970526246646,278.9700012207031,0,0,-0.0026902934331158868,-0.0026902934331158868,4.922912423268012,-0.009799278044646864
2025-12-12,279.2200012207031,276.82000732421875,277.8999938964844,278.2799987792969,39532900.0,276.4481831628864,59.662369713697856,279.4550018310547,1,1,0.0008991835452922814,0.0,4.922912423268012,-0.009799278044646864
2025-12-15,280.1499938964844,272.8399963378906,280.1499938964844,274.1099853515625,50409100.0,276.22549765704605,53.78409787398881,279.3257141113281,0,0,-0.014984955605960026,-0.014984955605960026,4.849142799153312,-0.024637391904137274
2025-12-16,275.5,271.7900085449219,272.82000732421875,274.6099853515625,37648600.0,276.0716393422381,54.35174996998984,279.15714154924666,0,0,0.0018240853187405648,0.0,4.849142799153312,-0.024637391904137274
2025-12-17,276.1600036621094,271.6400146484375,275.010009765625,271.8399963378906,50138700.0,275.6686257227764,50.71891864671737,278.74928501674106,0,0,-0.010086993049891024,-0.0,4.849142799153312,-0.024637391904137274
2025-12-18,273.6300048828125,266.95001220703125,273.6099853515625,272.19000244140625,51630700.0,275.3373282674078,51.15317086412336,278.2735704694475,0,0,0.001287544541755281,0.0,4.849142799153312,-0.024637391904137274
2025-12-19,274.6000061035156,269.8999938964844,272.1499938964844,273.6700134277344,144632000.0,275.1785363779151,52.99672400268854,277.5999995640346,0,0,0.005437418615868328,0.0,4.849142799153312,-0.024637391904137274
2025-12-22,273.8800048828125,270.510009765625,272.8599853515625,270.9700012207031,36571800.0,274.7777235057997,49.41528337007589,276.51285661969865,0,0,-0.009865941003960987,-0.0,4.849142799153312,-0.024637391904137274
2025-12-23,272.5,269.55999755859375,270.8399963378906,272.3599853515625,29642000.0,274.5474627292057,51.20229999921308,275.67071315220426,0,0,0.005129660569795913,0.0,4.849142799153312,-0.024637391904137274
2025-12-24,275.42999267578125,272.20001220703125,272.3399963378906,273.80999755859375,17910600.0,274.47722795105216,53.02459230492735,275.1785692487444,0,0,0.005323881205087977,0.0,4.849142799153312,-0.024637391904137274
2025-12-26,275.3699951171875,272.8599853515625,274.1600036621094,273.3999938964844,21521800.0,274.37463423156953,52.44170053017068,274.79428318568637,0,0,-0.0014974020881820538,-0.0,4.849142799153312,-0.024637391904137274
2025-12-29,274.3599853515625,272.3500061035156,272.69000244140625,273.760009765625,23715200.0,274.31609856814623,52.920062635641465,274.49928283691406,0,0,0.0013168100847762432,0.0,4.849142799153312,-0.024637391904137274
2025-12-30,274.0799865722656,272.2799987792969,272.80999755859375,273.0799865722656,22139600.0,274.1983736161576,51.88246369919733,274.20642525809154,0,0,-0.0024840121606569676,-0.0,4.849142799153312,-0.024637391904137274
2025-12-31,273.67999267578125,271.75,273.05999755859375,271.8599853515625,27293600.0,273.97566997191046,50.029988073646905,273.7121385846819,0,0,-0.004467559984957958,-0.0,4.849142799153312,-0.024637391904137274
