date,high,low,open,close,volume
2015-01-02,24.70532612789623,23.79860610220979,24.69424086520776,24.23755645751953,212818400.0
2015-01-05,24.0867954226108,23.368515030357656,24.00698630220791,23.55473518371582,257142000.0
2015-01-06,23.816341876980253,23.195604375837014,23.619036378758544,23.556962966918945,263188400.0
2015-01-07,23.98704009408535,23.654502560296518,23.765348404892794,23.887279510498047,160423600.0
2015-01-08,24.862720720656704,24.097883456887466,24.215381460812253,24.80508041381836,237458000.0
2015-01-09,25.106581306246863,24.432638435105563,24.977999733362566,24.831684112548828,214798000.0
2015-01-12,24.969135448943987,24.120057527235872,24.962484968593877,24.219818115234375,198603200.0
2015-01-13,25.006817431812447,24.144437095686346,24.703099278993438,24.434852600097656,268367600.0
2015-01-14,24.494711474568152,24.05354553692245,24.173259238412005,24.341745376586914,195826400.0
2015-01-15,24.39938717877788,23.645636776033786,24.386086218443666,23.681106567382812,240056000.0
2015-01-16,23.84959729078428,23.321969878262774,23.72766615981325,23.497106552124023,314053200.0
2015-01-20,24.157744549135312,23.610165785646576,23.907231848461198,24.10232162475586,199599600.0
2015-01-21,24.62107869073436,24.00255866913812,24.153309086853763,24.286325454711914,194303600.0
2015-01-22,24.93365875835831,24.32400675479041,24.443720442092136,24.918140411376953,215185600.0
2015-01-23,25.217426152284684,24.72527039983578,24.89597392403558,25.046724319458008,185859200.0
2015-01-26,25.352660001314483,25.006821530740638,25.21521055439176,25.073328018188477,222460000.0
2015-01-27,24.935874012088902,24.17103691285729,24.922571364835246,24.195423126220703,382274800.0
2015-01-28,26.186221517154262,25.56326675415039,26.077591377548313,25.56326675415039,585908400.0
2015-01-29,26.42342927258917,25.61868747113395,25.787173604889798,26.35913848876953,337745600.0
2015-01-30,26.602995911280225,25.904666930334532,26.248289637404408,25.973392486572266,334982000.0
2015-02-02,26.418990030058623,25.733963734027988,26.170696497379847,26.29927635192871,250956400.0
2015-02-03,26.40125984300976,26.07315712262307,26.270462571181156,26.3037166595459,207662800.0
2015-02-04,26.71606311438626,26.22834043488918,26.2704623926231,26.505455017089844,280598800.0
2015-02-05,26.75918181333036,26.541065808392663,26.712441335234317,26.694637298583984,168984800.0
2015-02-06,26.763634579747894,26.363014006611284,26.71244351282826,26.469846725463867,174826400.0
2015-02-09,26.67237874794815,26.358560745887814,26.385269347401834,26.645671844482422,155559200.0
2015-02-10,27.1865122612424,26.743605174485186,26.74582961803202,27.157577514648438,248034000.0
2015-02-11,27.80301984182764,27.26440906617443,27.324501302281014,27.794116973876953,294247200.0
2015-02-12,28.372791824140226,27.947688789457672,28.056745951498062,28.14577293395996,297898000.0
2015-02-13,28.32828225725113,27.965499237796237,28.32828225725113,28.283769607543945,217088800.0
2015-02-17,28.684386851565183,28.248154785440164,28.37501768994175,28.45069122314453,252609600.0
2015-02-18,28.66212282958764,28.366108881718322,28.4061709325431,28.64876937866211,179566800.0
2015-02-19,28.71776739221714,28.56197145541902,28.595355086126933,28.58867835998535,149449600.0
2015-02-20,28.822378158569336,28.499657229063484,28.62651844031598,28.822378158569336,195793600.0
2015-02-23,29.601364135742188,28.857992347697483,28.938116476690762,29.601364135742188,283896400.0
2015-02-24,29.73488832829574,29.194049920583875,29.5879936105374,29.416616439819336,276912400.0
2015-02-25,29.289761601489158,28.52190422778442,29.28085703698737,28.66434669494629,298846800.0
2015-02-26,29.1272901407614,28.179157638062435,28.66435120069195,29.027135848999023,365150000.0
2015-02-27,29.060531485491563,28.541950741259203,28.933666854540842,28.59091567993164,248059200.0
2015-03-02,28.99598163064792,28.555300633699616,28.76673826279468,28.73112678527832,192386800.0
2015-03-03,28.82683691668462,28.508564803037167,28.702200121110057,28.79122543334961,151265200.0
2015-03-04,28.835728218754888,28.55974780762392,28.733349484334305,28.60870933532715,126665200.0
2015-03-05,28.65545050468917,27.989976828616363,28.617614589224313,28.134645462036133,226068400.0
2015-03-06,28.7934381705221,28.101257649630615,28.57754831021603,28.176929473876953,291368400.0
2015-03-09,28.83795583428651,27.834178300278573,28.479621776355522,28.297117233276367,354114000.0
2015-03-10,28.314928311443243,27.553750807514756,28.13464987578879,27.711772918701172,275426400.0
2015-03-11,27.769632348191667,27.1776061090033,27.765181763587254,27.206539154052734,275756000.0
2015-03-12,27.798567927648104,27.070774214428088,27.222119566256076,27.69841194152832,193450800.0
2015-03-13,27.909852398243732,27.282214644751413,27.687285794905343,27.50700569152832,207309200.0
2015-03-16,27.809696197509766,27.346758956585212,27.571550001661393,27.809696197509766,143497200.0
2015-03-17,28.33717875688107,27.965492951426334,28.021134600076984,28.274860382080078,204092400.0
2015-03-18,28.74670351988461,28.125742488103533,28.26595883797083,28.59313201904297,261083600.0
2015-03-19,28.766726879045077,28.354979096981697,28.65544360291724,28.377235412597656,183238000.0
2015-03-20,28.577548187933573,27.856434625218515,28.544164558584388,28.021133422851562,274780400.0
2015-03-23,28.455142776311558,28.159128756389002,28.29267009034257,28.312700271606445,150838800.0
2015-03-24,28.4974290763615,28.168031423359356,28.317152352132542,28.19696617126465,131369200.0
2015-03-25,28.225895749966426,27.46026611328125,28.16357737452431,27.46026611328125,206620800.0
2015-03-26,27.794111009129256,27.286659531180717,27.32227099534107,27.651668548583984,190291600.0
2015-03-27,27.754052503943598,27.35565981059288,27.725119459155888,27.431331634521484,158184800.0
2015-03-30,28.132422500558253,27.598262246500134,27.609391257270598,28.12574577331543,188398800.0
2015-03-31,28.152448749647554,27.678382503094827,28.063421770066014,27.69396209716797,168362400.0
2015-04-01,27.84753562116134,27.397950105676763,27.780764957103703,27.653902053833008,162485600.0
2015-04-02,27.945463393763433,27.640548220607812,27.8275033605238,27.892047882080078,128880400.0
2015-04-06,28.379470193137237,27.671708273578293,27.702867464536038,28.34385871887207,148776000.0
2015-04-07,28.51523008704785,28.038939423968984,28.408399076017474,28.045616149902344,140049200.0
2015-04-08,28.13241873682573,27.81414842912516,28.010006426922278,27.954364776611328,149316800.0
2015-04-09,28.172483975939894,27.745156460803337,28.01000959153403,28.168031692504883,129936000.0
2015-04-10,28.312690464019965,27.878686373156768,28.032256137128662,28.2882080078125,160752000.0
2015-04-13,28.615391006220108,28.179158951331196,28.57087496683167,28.232574462890625,145460400.0
2015-04-14,28.330503197261073,28.023361895360114,28.265958678402846,28.11016273498535,102098400.0
2015-04-15,28.294891302452985,28.045617796712808,28.1346447764979,28.21699333190918,115881600.0
2015-04-16,28.28820373916871,28.067863364598555,28.10569926464689,28.08121681213379,113476000.0
2015-04-17,28.07454992374797,27.700637979338687,27.94323644885431,27.765182495117188,207828000.0
2015-04-20,28.51522995625131,27.85865920574181,27.94768617989097,28.39949607849121,188217200.0
2015-04-21,28.533043008456154,28.19251631569665,28.510788381771672,28.245933532714844,129740400.0
2015-04-22,28.682152261593764,28.11460853736159,28.263727728987256,28.626510620117188,150618000.0
2015-04-23,29.02714112271059,28.519689449229297,28.555300927111567,28.86021614074707,183083600.0
2015-04-24,29.073878985399837,28.762283676225756,29.042719794092143,28.99597930908203,178103600.0
2015-04-27,29.63030246654164,29.1896180057875,29.44779616330242,29.523468017578125,387816800.0
2015-04-28,29.94411036493817,28.837957432112898,29.926308024614418,29.05829620361328,475696000.0
2015-04-29,29.2875467074828,28.555303872035783,28.96927800584258,28.6309757232666,253544400.0
2015-04-30,28.630970767541644,27.727350805104503,28.630970767541644,27.85421371459961,332781600.0
2015-05-01,28.96259489680037,27.88759773139169,28.065650005792723,28.69996452331543,234050400.0
2015-05-04,29.06052523824225,28.5463934927065,28.822377324431148,28.644323348999023,203953200.0
2015-05-05,28.588682495503758,27.99443001026383,28.521911828332453,27.998882293701172,197085600.0
2015-05-06,28.21031879941125,27.455818101093367,28.168030598663822,27.82305335998535,288564000.0
2015-05-07,28.17841652722197,27.718012947016163,27.885635187565743,27.995149612426758,175763600.0
2015-05-08,28.52259635925293,28.185116493194354,28.31250930678528,28.52259635925293,222201600.0
2015-05-11,28.509188703141405,28.07784075746508,28.471194739748423,28.232053756713867,168143200.0
2015-05-12,28.357213138843044,27.89681125439261,28.071138115295525,28.13148307800293,192640000.0
2015-05-13,28.426491170136035,28.131476161493442,28.19405484436593,28.162765502929688,138776800.0
2015-05-14,28.819852828979492,28.419795874407285,28.475669960314683,28.819852828979492,180814000.0
2015-05-15,28.940538742139225,28.654463734874764,28.846670700094613,28.779621124267578,152832000.0
2015-05-18,29.21543763361359,28.687986210700842,28.692457091736877,29.09698486328125,203531600.0
2015-05-19,29.25119517387914,28.974058549918123,29.208730333645796,29.07016372680664,178532800.0
2015-05-20,29.273527213989194,28.906993633825813,29.05450192359765,29.06791114807129,145819600.0
2015-05-21,29.418815580549495,29.01652160607739,29.070161939434502,29.365175247192383,158921600.0
2015-05-22,29.718305200753246,29.367414350183818,29.412116341293565,29.62220001220703,182384000.0
2015-05-26,29.704888100810432,28.857835383738582,29.635604807334932,28.96958351135254,282790400.0
2015-05-27,29.55961409108794,29.06568926672743,29.13050168154005,29.51044464111328,183332800.0
2015-05-28,29.49033504010866,29.300365238124932,29.470221192301462,29.452341079711914,122933200.0
2015-05-29,29.378582344414525,29.03216246349136,29.329412894978606,29.11709213256836,203538000.0
2015-06-01,29.36517844806299,29.06569422731027,29.117097420954007,29.17520523071289,128451200.0
2015-06-02,29.20203046948954,28.90254621423665,29.023232728495053,29.045583724975586,134670400.0
2015-06-03,29.264607494316557,29.03216942122661,29.20202880008843,29.08133888244629,123934000.0
2015-06-04,29.184153395461372,28.81091490526977,28.960657048499915,28.911487579345703,153800400.0
2015-06-05,28.985238068604655,28.68798755600468,28.942773222478493,28.75279998779297,142507200.0
2015-06-08,28.877956739709482,28.34603448543426,28.808670026111816,28.56282615661621,210699200.0
2015-06-09,28.625404100730464,28.075603453683758,28.316978141433584,28.477895736694336,224301600.0
2015-06-10,28.90700941739929,28.574000421733558,28.58964509387513,28.804203033447266,156349200.0
2015-06-11,29.09474386884714,28.714800877836893,28.871247590572576,28.7393856048584,141563600.0
2015-06-12,28.681274522788435,28.408608821628476,28.649985183816742,28.42201805114746,147544800.0
2015-06-15,28.43766864992524,28.09571958476557,28.18288300509484,28.36614990234375,175955600.0
2015-06-16,28.57399769404389,28.243224170300312,28.390730821391042,28.518123626708984,125976400.0
2015-06-17,28.5807087993593,28.325923130867128,28.544950274818408,28.451082229614258,131672400.0
2015-06-18,28.676812945454838,28.433202769415,28.435438210107023,28.58070945739746,141628800.0
2015-06-19,28.56728424365582,28.249920048580062,28.542699525220588,28.294618606567383,218867600.0
2015-06-22,28.620933592430493,28.401908188920487,28.49354077871593,28.520360946655273,136157200.0
2015-06-23,28.52036006149513,28.357207028925068,28.49130615931855,28.390731811523438,121075600.0
2015-06-24,29.009819881307813,28.41084974026708,28.430963588424255,28.632110595703125,221123600.0
2015-06-25,28.87572014313876,28.495777130126953,28.79973222259295,28.495777130126953,127752400.0
2015-06-26,28.605288521166134,28.274514980241403,28.53376977946825,28.328153610229492,176267200.0
2015-06-29,28.265576457225944,27.820819311458745,28.039844723786928,27.831993103027344,196645600.0
2015-06-30,28.187353170768603,27.90574736331223,28.06442952719678,28.033140182495117,177482800.0
2015-07-01,28.37060820131465,28.158285788023164,28.36166814868905,28.294618606567383,120955200.0
2015-07-02,28.314743239130355,28.109125373028,28.25663373098352,28.258869171142578,108844000.0
2015-07-06,28.21193498282255,27.903509038161864,27.92362458918554,28.16053009033203,112241600.0
2015-07-07,28.194053726909633,27.662131533293508,28.135944221484937,28.091245651245117,187787200.0
2015-07-08,27.856577220215424,27.387235356101556,27.820818700782862,27.393939971923828,243046400.0
2015-07-09,27.726953013346197,26.645231639120965,27.68001899059427,26.835203170776367,314380000.0
2015-07-10,27.680010823799876,27.089980847371873,27.253133863684216,27.5526180267334,245418000.0
2015-07-13,28.10688869728068,27.78505355369843,27.943735685564384,28.08453941345215,165762000.0
2015-07-14,28.243229561769542,27.945979057570536,28.16947536957432,28.07337188720703,127072400.0
2015-07-15,28.417555688730346,28.066666556024543,28.09795590249705,28.343801498413086,134596800.0
2015-07-16,28.734913035682272,28.46224564660828,28.5494090432569,28.721500396728516,144889600.0
2015-07-17,28.96958351135254,28.67680396264912,28.84889703405364,28.96958351135254,184658800.0
2015-07-20,29.718305738148107,29.21096814036975,29.271313101232632,29.517160415649414,235600800.0
2015-07-21,29.707123950305423,29.126035691518517,29.691480984672705,29.222137451171875,307025600.0
2015-07-22,28.048780920616032,27.264308562448523,27.264308562448523,27.986202239990234,461802400.0
2015-07-23,28.40414361073321,27.950446399951478,28.2052320425101,27.972797393798828,203998000.0
2015-07-24,28.102425627737915,27.691193234550635,28.008557586485367,27.82529067993164,168649200.0
2015-07-27,27.62637645681954,27.293367463201697,27.510157431504226,27.43863868713379,177822000.0
2015-07-28,27.693420874277674,27.389465840958135,27.574966430664062,27.574966430664062,134472400.0
2015-07-29,27.601787982354193,27.326886833563385,27.52356463274417,27.487804412841797,148046800.0
2015-07-30,27.39394365299356,27.201736682934268,27.33806957344473,27.349245071411133,134513200.0
2015-07-31,27.40958206462054,27.02293447736177,27.40064200931833,27.110097885131836,171540000.0
2015-08-03,27.393936617805483,26.26527981871911,27.154795686957268,26.470897674560547,279904000.0
2015-08-04,26.305514513708847,25.310956634838035,26.2429358209001,25.62161636352539,496554400.0
2015-08-05,26.247400222579298,25.05392935740774,25.243900829436356,25.791467666625977,397250400.0
2015-08-06,26.15517360004119,25.62084534827494,26.036184672313123,25.847597122192383,211612000.0
2015-08-07,26.09904357575176,25.70615474772969,25.724115790954087,25.935152053833008,154681600.0
2015-08-10,26.938706292793295,26.161909053278666,26.161909053278666,26.878089904785156,219806400.0
2015-08-11,26.5323452011804,25.443482166755924,26.449276656821382,25.479402542114258,388331200.0
2015-08-12,25.912708789014243,24.61280747215082,25.2638809102027,25.872297286987305,404870000.0
2015-08-13,26.132723845565803,25.71513895153043,26.051900852342207,25.852088928222656,194143200.0
2015-08-14,26.112516794513375,25.596149583143525,25.66574649334,26.033939361572266,171718000.0
2015-08-17,26.41335694167236,25.93066457455252,26.05189905602863,26.303348541259766,163538800.0
2015-08-18,26.366208415520436,26.045162048893072,26.13945495613372,26.155170440673828,138242800.0
2015-08-19,26.1596596092665,25.74656589772991,26.065366702875668,25.820653915405273,193146000.0
2015-08-20,25.67247809939404,25.061816335505785,25.611861719870426,25.290815353393555,274006400.0
2015-08-21,25.12244203191726,23.719267227999406,24.792415043978203,23.74396324157715,513102000.0
2015-08-24,24.426457548398684,20.6547245534877,21.29906277303558,23.15125274658203,648825200.0
2015-08-25,24.945077073193595,23.23657153175285,24.945077073193595,23.29045295715332,414406400.0
2015-08-26,24.67117691823367,23.584559331565895,24.042554013099515,24.62627601623535,387098400.0
2015-08-27,25.423275263018773,24.700359518356937,25.196523507050735,25.35143280029297,338464400.0
2015-08-28,25.438994867917884,25.04161655630055,25.183055945955594,25.434505462646484,212657600.0
2015-08-31,25.712889939424134,25.144885217060533,25.151620180114747,25.31551170349121,224917200.0
2015-09-01,25.117946383585018,24.10317130205401,24.729548627105544,24.18399429321289,307383600.0
2015-09-02,25.221220016479492,24.500549767224054,24.74750986033989,25.221220016479492,247555200.0
2015-09-03,25.320003407227208,24.704852174762614,25.254895903691754,24.778940200805664,212935600.0
2015-09-04,24.7969018657635,24.36135761675743,24.464631066021123,24.531982421875,199985200.0
2015-09-08,25.27061406277014,24.767716739169163,25.08876317312035,25.214487075805664,219374400.0
2015-09-09,25.598397969784315,24.64423909787911,25.540027130879814,24.72955322265625,340043200.0
2015-09-10,25.432256171737155,24.67342004060185,24.75648687238155,25.272855758666992,251571200.0
2015-09-11,25.64104461669922,25.091000999115515,25.09773596141797,25.64104461669922,199662000.0
2015-09-14,26.242729114504538,25.786978337312043,26.173132211443438,25.88800621032715,233453600.0
2015-09-15,26.161912359991575,25.6882004263624,26.027207926279065,26.105785369873047,173364800.0
2015-09-16,26.164157035899155,25.91719863028686,26.0990495240165,26.134971618652344,148694000.0
2015-09-17,26.152932205926074,25.531045900275366,25.966591897870483,25.575946807861328,256450400.0
2015-09-18,25.661253924694364,25.115699653449386,25.192031518078707,25.470420837402344,297141200.0
2015-09-21,25.901484535533204,25.51757612097302,25.51981996736366,25.865562438964844,200888000.0
2015-09-22,25.634310057403304,25.261626150789162,25.454703066504575,25.45919418334961,201384800.0
2015-09-23,25.755550204113632,25.436749352118696,25.510835667822036,25.665746688842773,143026800.0
2015-09-24,25.93066291809082,25.227953795035138,25.425520133972167,25.818408966064453,200878000.0
2015-09-25,26.19782802679197,25.598390617656875,26.141701050447217,25.7533016204834,224607600.0
2015-09-28,25.721874620209853,25.24367332458496,25.56022862933393,25.24367332458496,208436000.0
2015-09-29,25.483896002469564,24.215425836056493,25.3312305392274,24.484834671020508,293461600.0
2015-09-30,25.04161298237844,24.410746290912083,24.73403652296381,24.76322364807129,265892000.0
2015-10-01,24.61056018898512,24.091945699918924,24.48708014090755,24.601579666137695,255716400.0
2015-10-02,24.922630081334333,24.145832715289387,24.249106175333065,24.78118896484375,232079200.0
2015-10-05,25.003451336098365,24.48708235918129,24.668933252951508,24.870990753173828,208258800.0
2015-10-06,25.086515360355172,24.644234468750543,24.837311423591746,24.98997688293457,192787200.0
2015-10-07,25.09325314698851,24.56341595386961,25.086518182457723,24.870990753173828,187062400.0
2015-10-08,24.738527263432836,24.294000845954656,24.738527263432836,24.583616256713867,247918400.0
2015-10-09,25.20774960102577,24.581372283339036,24.69587180494445,25.171829223632812,211064400.0
2015-10-12,25.31326483228492,25.01916004177201,25.308775428101356,25.05508041381836,121868800.0
2015-10-13,25.245914507438194,24.848536249172213,24.879967220431244,25.097740173339844,132197200.0
2015-10-14,25.037129738340987,24.597094293199834,24.985493860982682,24.743024826049805,177849600.0
2015-10-15,25.16733814868498,24.80588025098785,24.904664286490533,25.11345672607422,150694000.0
2015-10-16,25.144886831908376,24.814859918182062,25.09549481585961,24.929359436035156,156930400.0
2015-10-19,25.08876560507488,24.720572671926288,24.875483719079494,25.08427619934082,119036800.0
2015-10-20,25.6320627054743,24.879961695322304,24.99670503223636,25.542259216308594,195871200.0
2015-10-21,25.94862237352125,25.526546443501925,25.593899495739684,25.54001808166504,167180800.0
2015-10-22,25.930667877197266,25.616356408841117,25.66799399030679,25.930667877197266,166616400.0
2015-10-23,26.768083960411673,26.117010554855703,26.200077401144117,26.734407424926758,237467600.0
2015-10-26,26.521120512088146,25.800450279781604,26.509896143575677,25.88127326965332,265335200.0
2015-10-27,26.164160465649932,25.59166442557826,25.908221502828706,25.717390060424805,279537600.0
2015-10-28,26.78379813945785,26.056391174832783,26.25171370081057,26.777061462402344,342205600.0
2015-10-29,27.095864338734838,26.552553811894782,26.649092296433416,27.0599422454834,204909200.0
2015-10-30,27.214851112052347,26.817471123126115,27.16321353532255,26.828697204589844,197461200.0
2015-11-02,27.246277348226286,26.853388545329153,27.120553479414163,27.20586585998535,128813200.0
2015-11-03,27.724485511182642,27.098108142190735,27.11831474782773,27.5179386138916,182076000.0
2015-11-04,27.79857132141872,27.304654569493785,27.64366030440483,27.38996696472168,179544400.0
2015-11-05,27.66278529417685,27.096857762994112,27.473390486687432,27.263704299926758,158210800.0
2015-11-06,27.464372634674213,27.196065750137105,27.306545055534738,27.295270919799805,132169200.0
2015-11-09,27.46436294988131,27.067538970779857,27.27271475130978,27.184782028198242,135485600.0
2015-11-10,26.62111704753071,26.167924007192934,26.357318806814234,26.328006744384766,236511600.0
2015-11-11,26.474561055984985,25.976274932599434,26.237819714208904,26.179197311401367,180872000.0
2015-11-12,26.33928212793578,26.075483874712667,26.213020068996485,26.091266632080078,130102400.0
2015-11-13,26.057441268759586,25.313393194562373,25.97401715468327,25.32917594909668,183249600.0
2015-11-16,25.757570936007227,25.02705206022718,25.112729637200466,25.744043350219727,152426800.0
2015-11-17,25.940203817430206,25.550141770552145,25.91089175251961,25.63356590270996,110467600.0
2015-11-18,26.49034265294842,26.041659988480127,26.100282388722487,26.445249557495117,186698800.0
2015-11-19,26.999907478817157,26.325755782085313,26.52416784408029,26.78120231628418,173183200.0
2015-11-20,27.038229018965698,26.796977374197308,26.875891142076476,26.898439407348633,137148400.0
2015-11-23,26.99539467467256,26.4565223707776,26.89167745721936,26.548965454101562,129930000.0
2015-11-24,26.90971402520276,26.406919319943405,26.454267584551374,26.803743362426758,171212800.0
2015-11-25,26.88266630724923,26.587300783992234,26.878155964498703,26.612102508544922,85553200.0
2015-11-27,26.697780847175544,26.515149816644577,26.670723952232372,26.562498092651367,52185600.0
2015-11-30,26.923242343649747,26.548963141609168,26.60307519629522,26.672971725463867,156721200.0
2015-12-01,26.787969297271918,26.348305468867878,26.774441708764662,26.45652961730957,139409600.0
2015-12-02,26.630132077162514,26.17243048263372,26.456520059808778,26.2175235748291,133546400.0
2015-12-03,26.332510695847272,25.753055743182006,26.27839864631263,25.974014282226562,166278000.0
2015-12-04,26.887171726276318,25.953730430375632,25.994314909336165,26.837568283081055,231108000.0
2015-12-07,27.024704048666933,26.562492088959715,26.826292024504085,26.6684627532959,128336800.0
2015-12-08,26.74062037297758,26.34830483399378,26.497113464563448,26.657197952270508,137238000.0
2015-12-09,26.535438566581163,25.94696452955152,26.524164432155672,26.06871795654297,185445600.0
2015-12-10,26.366340100948968,26.043919427068637,26.163417697774005,26.19272804260254,116850800.0
2015-12-11,26.01685794907438,25.44416669888514,25.97176485417718,25.518571853637695,187544800.0
2015-12-14,25.405841393006796,24.754236264142396,25.293106917837292,25.360748291015625,257274800.0
2015-12-15,25.432898038572702,24.88049808350816,25.23899460555466,24.912063598632812,213292400.0
2015-12-16,25.250267243532736,24.53102246234467,25.042836222258064,25.10371208190918,224954000.0
2015-12-17,25.30889031919613,24.57160758972168,25.257031702415023,24.57160758972168,179091200.0
2015-12-18,24.69335145505753,23.856862100612094,24.555817018191348,23.906465530395508,385813200.0
2015-12-21,24.208603926159757,23.80275909211675,24.188310824361743,24.1995849609375,190362400.0
2015-12-22,24.28751750540266,24.001170952768174,24.215367504458612,24.177038192749023,131157600.0
2015-12-23,24.542292221042683,24.170268149559448,24.186050905552488,24.48818016052246,130629600.0
2015-12-24,24.576111739027386,24.33936869016207,24.576111739027386,24.357406616210938,54281600.0
2015-12-28,24.2807494992411,23.94029093501106,24.258201230202115,24.084590911865234,106816800.0
2015-12-29,24.67306833434961,24.09361317659744,24.116159728534203,24.517494201660156,123724800.0
2015-12-30,24.508469315471615,24.16575733633558,24.481414147760834,24.197322845458984,100855200.0
2015-12-31,24.131943701849536,23.63365748213644,24.127435079311855,23.732864379882812,163649200.0
2016-01-04,23.757659374044465,22.997828537412097,23.13536470843741,23.753149032592773,270597600.0
2016-01-05,23.865885498795894,23.090273562249713,23.843338950209862,23.157913208007812,223164000.0
2016-01-06,23.08125006903562,22.517577864049613,22.673150222895835,22.704715728759766,273829600.0
2016-01-07,22.57620283984095,21.74196850545963,22.249273586684012,21.746477127075195,324377600.0
2016-01-08,22.3462298068249,21.81637807011819,22.21996773378956,21.86147117614746,283192000.0
2016-01-11,22.33495428062653,21.947147400212437,22.31466290023333,22.215456008911133,198957600.0
2016-01-12,22.70247114149596,22.285352170810707,22.670905623308887,22.537878036499023,196616800.0
2016-01-13,22.815198491300194,21.938124609843808,22.619039929462637,21.958415985107422,249758400.0
2016-01-14,22.655120911036093,21.58639684675493,22.086938192270384,22.438669204711914,252680400.0
2016-01-15,22.030567918385234,21.500716301587364,21.6901093682795,21.899795532226562,319335600.0
2016-01-19,22.242517521225672,21.532289816739834,22.18840544208343,21.793834686279297,212350800.0
2016-01-20,22.13879218491175,21.063304551920083,21.442092378604062,21.823135375976562,289337600.0
2016-01-21,22.06890139601609,21.40602381702413,21.884016915860396,21.712661743164062,208646000.0
2016-01-22,22.876084396056317,22.17938601593669,22.23800671704608,22.8670654296875,263202000.0
2016-01-25,22.891858708910625,22.36877089390849,22.889603538102705,22.420629501342773,207178000.0
2016-01-26,22.74530681313795,22.111739620884507,22.531112001008523,22.544639587402344,300308000.0
2016-01-27,21.787057914040105,21.04526506998304,21.654032096508686,21.063302993774414,533478800.0
2016-01-28,21.31132435199007,20.831076108775935,21.146732982145863,21.214372634887695,222715200.0
2016-01-29,21.947141647338867,21.272990125762874,21.372196991080568,21.947141647338867,257666000.0
2016-02-01,21.805097264768634,21.509733554168285,21.750985210044487,21.741966247558594,163774000.0
2016-02-02,21.654036201207397,21.257210403531094,21.514244845612307,21.302305221557617,149428800.0
2016-02-03,21.834409649360104,21.212116661223543,21.419547657269064,21.72393035888672,183857200.0
2016-02-04,22.06397139436163,21.578849803599578,21.73073329436067,21.89848518371582,185886800.0
2016-02-05,21.971024015774574,21.238808631526364,21.880346722156467,21.313615798950195,185672400.0
2016-02-08,21.694462466550164,21.091461568607453,21.111863054884942,21.53804588317871,216085600.0
2016-02-09,21.748872874857327,21.29322059398766,21.374830009353154,21.53351402282715,177324800.0
2016-02-10,21.841815239434162,21.331757272988767,21.74433742555467,21.37029457092285,169374400.0
2016-02-11,21.472306570299025,20.98945060270443,21.261482547855483,21.241079330444336,200298800.0
2016-02-12,21.42242969799724,21.084658539407094,21.352155614340887,21.30681610107422,161405600.0
2016-02-16,21.955152179618764,21.447361836243363,21.540304793735505,21.907546997070312,196231600.0
2016-02-17,22.26345109888969,21.79646550335846,21.9143447411389,22.24304962158203,179452800.0
2016-02-18,22.417613487779054,21.7828740139564,22.406278174861324,21.821413040161133,156084000.0
2016-02-19,21.934756581566603,21.717132090335326,21.762469877436367,21.77153778076172,141496800.0
2016-02-22,21.96649465555637,21.7443353349834,21.83274523563851,21.961959838867188,137123200.0
2016-02-23,21.875816379034177,21.433766895309585,21.853147485168304,21.465503692626953,127770400.0
2016-02-24,21.848614591431566,21.154936346840564,21.304554172668524,21.785140991210938,145022800.0
2016-02-25,21.934757232666016,21.59245122245748,21.7738058352963,21.934757232666016,110330800.0
2016-02-26,22.220386489221053,21.893950635709555,22.03449880544172,21.968759536743164,115964400.0
2016-02-29,22.267998461205245,21.90982400187246,21.957429205273503,21.91889190673828,140865200.0
2016-03-01,22.84379244112926,22.084373245235227,22.13651325835009,22.789386749267578,201628400.0
2016-03-02,22.87099499007076,22.587629503793217,22.78485250487163,22.839258193969727,132678400.0
2016-03-03,23.056882537607784,22.771249644935427,22.80072076222286,23.00927734375,147822800.0
2016-03-04,23.519331522367473,22.979804347182302,23.206496699205122,23.351579666137695,184220400.0
2016-03-07,23.3107736229704,22.886858326620168,23.211028440411454,23.093149185180664,143315600.0
2016-03-08,23.068222904039708,22.759921050947963,22.846063554493053,22.90273666381836,126247600.0
2016-03-09,23.02740830422083,22.73044016284764,22.9662004039081,22.92313003540039,108806800.0
2016-03-10,23.177033871914215,22.703247516988704,22.98888046691315,22.934473037719727,134054400.0
2016-03-11,23.186095510150654,23.009275736877065,23.177027607735916,23.181562423706055,109632800.0
2016-03-14,23.328920679183156,23.072757105768293,23.102228230937012,23.240509033203125,100304400.0
2016-03-15,23.843507929470757,23.542006606852844,23.566942910499492,23.70749282836914,160270800.0
2016-03-16,24.09966712601931,23.70975594337211,23.71429075964977,24.022592544555664,153214000.0
2016-03-17,24.135941884238964,23.793635850733928,23.920583050645355,23.984058380126953,137682800.0
2016-03-18,24.1427410887273,23.845774592163977,24.106469473820678,24.011259078979492,176820800.0
2016-03-21,24.403435505706756,23.834437137081917,24.013524328147923,24.008991241455078,142010800.0
2016-03-22,24.321820532480025,23.85030006635595,23.85936796718817,24.19260597229004,129777600.0
2016-03-23,24.271948313107668,24.006718695436863,24.13820066522291,24.058856964111328,102814000.0
2016-03-24,24.086066121263983,23.77776433654975,23.909246336109632,23.9545841217041,104532000.0
2016-03-28,24.07246801845852,23.81630448350413,24.029395906310253,23.845775604248047,77645600.0
2016-03-29,24.435166931741907,23.77549140848676,23.777758816097762,24.41023063659668,124760400.0
2016-03-30,25.031373749204025,24.618793660995017,24.63012897251382,24.83641815185547,182404400.0
2016-03-31,24.91349189158519,24.682264704883522,24.87268719566875,24.70720100402832,103553600.0
2016-04-01,24.936168241782795,24.528121160561383,24.6596031900134,24.933900833129883,103496000.0
2016-04-04,25.43262045636295,24.99736974167742,25.031373946976785,25.190059661865234,149424800.0
2016-04-05,25.1016552884373,24.804687008314083,24.82509022779292,24.893096923828125,106314800.0
2016-04-06,25.158320521597677,24.754806641567157,24.988301240461844,25.153785705566406,105616400.0
2016-04-07,25.03136937366459,24.509977995928587,24.924823690304834,24.605188369750977,127207600.0
2016-04-08,24.884027521270028,24.521319975660077,24.689073620744555,24.632400512695312,94326800.0
2016-04-11,25.07444245913687,24.67093032892686,24.702667121447277,24.714000701904297,117630000.0
2016-04-12,25.04950491834807,24.63239182046813,24.786540959621277,25.035903930664062,108929200.0
2016-04-13,25.46662156083389,25.117516811834165,25.117516811834165,25.39861488342285,133029200.0
2016-04-14,25.477962923015205,25.23766949261213,25.303410507058,25.412221908569336,101895600.0
2016-04-15,25.457554181436986,24.874954851968493,25.41448207711589,24.902156829833984,187756000.0
2016-04-18,24.698138906868433,24.24248837981555,24.6845379148746,24.36490249633789,243286000.0
2016-04-19,24.482767673918932,24.081523075809567,24.45556397609671,24.235673904418945,129539600.0
2016-04-20,24.503177446199846,24.042992211766236,24.174474201468847,24.285552978515625,122444000.0
2016-04-21,24.24021702869059,23.920579932616203,24.24021702869059,24.022592544555664,126210000.0
2016-04-22,24.13820464212083,23.716556689907346,23.80496657703028,23.956850051879883,134732400.0
2016-04-25,23.950051615428237,23.69162242631981,23.802701214386417,23.820837020874023,112126400.0
2016-04-26,23.870708532203164,23.55560625937674,23.55560625937674,23.655349731445312,224064800.0
2016-04-27,22.37680106115773,21.68992353579321,21.762465016667754,22.175045013427734,458408400.0
2016-04-28,22.188654765599246,21.365761854725648,22.12744856955328,21.497243881225586,328970800.0
2016-04-29,21.472304270094504,20.971314276778763,21.306818058140756,21.250144958496094,274126000.0
2016-05-02,21.32721749645648,20.946374265108137,21.302281198666822,21.22747230529785,192640400.0
2016-05-03,21.70353105968799,21.236545244005825,21.354424537358057,21.576583862304688,227325200.0
2016-05-04,21.739797503159874,21.26827698289035,21.58111181466173,21.352153778076172,164102000.0
2016-05-05,21.454784488368706,21.13776378633173,21.438819479635022,21.265483856201172,143562000.0
2016-05-06,21.313382655087167,20.948466862255355,21.295138170487395,21.14689064025879,174799600.0
2016-05-09,21.386371087311733,21.117245297474174,21.2107559168507,21.162860870361328,131745600.0
2016-05-10,21.34074885936699,21.00776313853493,21.28601193349123,21.306537628173828,134747200.0
2016-05-11,21.340757378294,21.087596602484133,21.320231675417837,21.099000930786133,114876400.0
2016-05-12,21.160574046794167,20.40565435122547,21.146890248583844,20.604076385498047,305258800.0
2016-05-13,20.90741591653148,20.526535072248734,20.526535072248734,20.645132064819336,177571200.0
2016-05-16,21.527774585849215,20.902856090687028,21.07162934323763,21.411457061767578,245039200.0
2016-05-17,21.59848130414702,21.21303967238762,21.56427179545269,21.322513580322266,187667600.0
2016-05-18,21.714789190328467,21.413733467399883,21.475314035757787,21.56654167175293,168249600.0
2016-05-19,21.58479044200801,21.340752832807443,21.58479044200801,21.484437942504883,121768400.0
2016-05-20,21.76496656660928,21.557419681793558,21.584789018049523,21.717071533203125,128104000.0
2016-05-23,22.166371896965245,21.819700643317958,21.865316197774433,21.9930362701416,152074400.0
2016-05-24,22.371642627703025,22.08655185057322,22.173220560456528,22.328310012817383,140560800.0
2016-05-25,22.747963915785718,22.376206150618863,22.50392626821119,22.720596313476562,152675200.0
2016-05-26,22.97374952160235,22.497076970789223,22.734272639798576,22.900766372680664,225324800.0
2016-05-27,22.914450479977724,22.636201677174352,22.67953602057815,22.887081146240234,145364800.0
2016-05-31,22.898490918229353,22.5381357685348,22.716032130013996,22.775331497192383,169228800.0
2016-06-01,22.702346810204308,22.426379173042644,22.583748083786627,22.45602798461914,116693200.0
2016-06-02,22.314616202276127,22.038648641097303,22.259879280568892,22.287248611450195,160766400.0
2016-06-03,22.412695552210707,22.225676073826534,22.303221669284163,22.332870483398438,114019600.0
2016-06-06,23.23831578213488,22.24848158842246,22.34883234360235,22.49479866027832,93170000.0
2016-06-07,22.777607092414755,22.570060228510265,22.636201479423054,22.58602523803711,89638000.0
2016-06-08,22.70691373332906,22.50621041664639,22.58375428670913,22.565509796142578,83392400.0
2016-06-09,22.804981832150826,22.45603098596103,22.465154099986027,22.72743797302246,106405600.0
2016-06-10,22.659013710439098,22.460591651142323,22.471994237737064,22.540416717529297,126851600.0
2016-06-13,22.606551186875574,22.14584367358134,22.508479923356937,22.200580596923828,152082000.0
2016-06-14,22.460587958152097,22.06602163766294,22.196022935848493,22.22795295715332,127727600.0
2016-06-15,22.444625250907382,22.129883951379572,22.310061512979562,22.154972076416016,117780800.0
2016-06-16,22.29409174974273,21.910929796359763,21.997596738890206,22.248477935791016,125307200.0
2016-06-17,22.04321075022973,21.735313177464853,22.036368852621344,21.742155075073242,244032800.0
2016-06-20,22.024964163298257,21.673732258119383,21.89496289073672,21.689697265625,137647600.0
2016-06-21,21.974801475470425,21.59392053298832,21.653219914590256,21.87445068359375,142185600.0
2016-06-22,22.097959665744902,21.746727564073847,21.95199330401879,21.792343139648438,116876400.0
2016-06-23,21.961112368926514,21.72391663985264,21.881287301463182,21.91777801513672,128960800.0
2016-06-24,21.589349066436508,21.130922739956947,21.19022209195291,21.301977157592773,301245600.0
2016-06-27,21.222159884282743,20.86864659565627,21.210755556240798,20.991806030273438,181958400.0
2016-06-28,21.36127696095166,21.01460569278681,21.187941326869236,21.34531021118164,161779600.0
2016-06-29,21.564261510143265,21.354433429911598,21.431979006097457,21.53005027770996,146124000.0
2016-06-30,21.84250956019456,21.50724433938381,21.539174360413405,21.80373764038086,143345600.0
2016-07-01,22.00216319705296,21.74216058175079,21.778651291589384,21.86988067626953,104106000.0
2016-07-05,21.758130062820936,21.543741225794154,21.75584884922002,21.66461944580078,110820800.0
2016-07-06,21.817416041369437,21.52320230950278,21.575658009726055,21.787765502929688,123796400.0
2016-07-07,22.009006725063795,21.808303455960026,21.826547942201522,21.88128662109375,100558400.0
2016-07-08,22.09795340060021,21.906373257672016,22.006724015372395,22.050058364868164,115648400.0
2016-07-11,22.271292742068407,22.061466339379432,22.066027026370026,22.118484497070312,95179600.0
2016-07-12,22.28269206483961,22.15041128082042,22.161813866654306,22.21883201599121,96670000.0
2016-07-13,22.275850361255056,22.08654968617815,22.21655273826332,22.093393325805664,103568800.0
2016-07-14,22.5769038736255,22.196023088262756,22.211988099024797,22.53129005432129,155676000.0
2016-07-15,22.6476075797629,22.465148822240202,22.560938886914567,22.529008865356445,120548000.0
2016-07-18,22.83690483966699,22.487954100767247,22.510761008789384,22.768484115600586,145975600.0
2016-07-19,22.80725768002395,22.656728944109073,22.70690518941403,22.77760887145996,95119600.0
2016-07-20,22.912175885573678,22.74796331582533,22.80726268602469,22.798139572143555,105104000.0
2016-07-21,23.03533336955051,22.608836966882272,22.768488836249336,22.67725944519043,130808000.0
2016-07-22,22.64761238282225,22.421819230989637,22.638489269005735,22.501646041870117,113254800.0
2016-07-25,22.54268941291135,22.10479054606062,22.40812744718286,22.200580596923828,161531600.0
2016-07-26,22.344274176203317,21.990760929996377,22.081990323216484,22.047779083251953,224959200.0
2016-07-27,23.799370123170547,23.434454393041815,23.781123901650247,23.48006820678711,369379200.0
2016-07-28,23.82217865167987,23.450420998188395,23.452702211047583,23.797090530395508,159479200.0
2016-07-29,23.844994023871223,23.64657021050481,23.762887738344162,23.76744842529297,110934800.0
2016-08-01,24.20990636833348,23.813060539248017,23.813060539248017,24.18709945678711,152671600.0
2016-08-02,24.19166179236429,23.719551556938992,24.187101105766413,23.82902717590332,135266400.0
2016-08-03,24.139202573487715,23.895164966905853,23.90428807949513,24.12779998779297,120810400.0
2016-08-04,24.30666489966233,24.141562744954985,24.210355892577184,24.27685546875,109634800.0
2016-08-05,24.685016196080177,24.34793302444092,24.368569912754236,24.646034240722656,162213600.0
2016-08-08,24.850128173828125,24.572665485101666,24.65521482063486,24.850128173828125,112148800.0
2016-08-09,24.98083237595988,24.767575709790048,24.818023786655544,24.951021194458008,105260800.0
2016-08-10,24.971655527966504,24.710244401598175,24.92808642374439,24.765277862548828,96034000.0
2016-08-11,24.97853181286932,24.730878640929735,24.884514650575184,24.749223709106445,109938000.0
2016-08-12,24.866169665102568,24.714825487012305,24.714825487012305,24.806549072265625,74641600.0
2016-08-15,25.118410331415113,24.783620704057384,24.797378630687337,25.104652404785156,103472800.0
2016-08-16,25.276629800218757,25.042734584719657,25.139043556051398,25.081716537475586,135177600.0
2016-08-17,25.079427158262995,24.843238349169017,25.017512992462944,25.04503059387207,101424000.0
2016-08-18,25.132175117222054,24.999175958560407,25.0473322138723,25.012935638427734,87938800.0
2016-08-19,25.152805269241206,24.847825085818176,24.941840494173615,25.077133178710938,101472400.0
2016-08-22,25.017514072372965,24.730878939212225,24.962480616661068,24.88222312927246,103280800.0
2016-08-23,25.067959174544544,24.886805581848094,24.900563506780394,24.96018409729004,85030800.0
2016-08-24,24.937255966895645,24.691896368970756,24.895980438764262,24.772153854370117,94700400.0
2016-08-25,24.73775670267158,24.462587687976196,24.625396225777187,24.666671752929688,100344800.0
2016-08-26,24.753809092571245,24.377743942492963,24.629984256127656,24.52220916748047,111065200.0
2016-08-29,24.636859667657816,24.37315503654407,24.44882711972555,24.494688034057617,99881200.0
2016-08-30,24.421311837322307,24.192003744953084,24.260796872456613,24.306657791137695,99455600.0
2016-08-31,24.437366849936303,24.224110223369593,24.228697365586857,24.329591751098633,118649600.0
2016-09-01,24.490107742203424,24.219524092542073,24.338763544324756,24.474056243896484,106806000.0
2016-09-02,24.765279662660802,24.49469598155244,24.696486519360487,24.703367233276367,107210000.0
2016-09-06,24.834067964489712,24.65291435529878,24.74234437446517,24.696481704711914,107521600.0
2016-09-07,24.939551508860745,24.552020227969834,24.726294888240826,24.847827911376953,169457200.0
2016-09-08,24.59787960656705,24.132384434223813,24.593294214247894,24.196590423583984,212008000.0
2016-09-09,24.24245321502954,23.648544311523438,23.99480004099266,23.648544311523438,186228000.0
2016-09-12,24.242453442063752,23.510960018180622,23.53847762093643,24.178247451782227,181171200.0
2016-09-13,24.946424846748226,24.590996642708312,24.652910800577267,24.75380516052246,248704800.0
2016-09-14,25.91869709905094,24.902862034921178,24.932673210851508,25.62976837158203,443554800.0
2016-09-15,26.53782691516652,26.02417551671913,26.109020142677068,26.501136779785156,359934400.0
2016-09-16,26.629547690703955,26.15029462543604,26.397947780919704,26.35208511352539,319547600.0
2016-09-19,26.64101773936924,25.969144870532038,26.414003187971904,26.044816970825195,188092000.0
2016-09-20,26.168642592880882,25.799456389475605,25.923282980942165,26.042522430419922,138057200.0
2016-09-21,26.138827715804265,25.7834012392299,26.10672472435837,26.037933349609375,144012800.0
2016-09-22,26.356678936731615,26.141128719038534,26.221386220472453,26.283300399780273,124296000.0
2016-09-23,26.32227720464952,25.57931944498042,26.237432577205176,25.84531593322754,209924800.0
2016-09-26,26.001247864236245,25.579321758686334,25.599958649955084,25.884300231933594,119477600.0
2016-09-27,25.953095612750452,25.76047586350802,25.911820077161522,25.932456970214844,98429600.0
2016-09-28,26.287878978023162,26.010416402434487,26.070036994964525,26.129655838012695,118564400.0
2016-09-29,26.095261321010998,25.63664514137623,25.948504283486425,25.72378158569336,143548000.0
2016-09-30,25.99666497425598,25.636651257335966,25.78799372298959,25.92328643798828,145516400.0
2016-10-03,25.923275380684643,25.746707205006047,25.84530973507185,25.801740646362305,86807200.0
2016-10-04,26.212212557376947,25.826974817579487,25.925577386381285,25.911819458007812,118947200.0
2016-10-05,26.063164546105195,25.84073536600183,26.00354393867447,25.92328643798828,85812400.0
2016-10-06,26.219091817299557,25.941629178584012,26.072334748053024,26.115903854370117,115117200.0
2016-10-07,26.269540317293217,26.02876781669467,26.212213281510376,26.15488624572754,97433600.0
2016-10-10,26.771726783565686,26.306231514269687,26.375022910276797,26.6112117767334,144944000.0
2016-10-11,27.21657566338203,26.645597303680738,26.989559412159313,26.668529510498047,256164000.0
2016-10-12,27.05376982245271,26.771720095782907,26.909304602909817,26.907011032104492,150347200.0
2016-10-13,26.929940579281354,26.53553041488327,26.780889982342764,26.824459075927734,140769600.0
2016-10-14,27.097341156356055,26.85886049250196,27.030841589076168,26.973514556884766,142608800.0
2016-10-17,27.021663667579364,26.778597659374086,26.904717804847675,26.95516586303711,94499600.0
2016-10-18,27.106506557309743,26.932231935460038,27.099627595174393,26.936819076538086,98214000.0
2016-10-19,27.00332252045422,26.09526264852068,26.886374898843105,26.856565475463867,80138400.0
2016-10-20,26.91618438509333,26.675411927663315,26.79694494181589,26.842805862426758,96503200.0
2016-10-21,26.808412373125577,26.663947142037795,26.785480162203534,26.73732566833496,92770800.0
2016-10-24,26.99873480459267,26.829047302958813,26.851977762723074,26.978097915649414,94154800.0
2016-10-25,27.1409104509256,26.900136214240906,27.04689327772115,27.115686416625977,192516000.0
2016-10-26,26.530947985646417,25.98290173530075,26.212209848398754,26.50572395324707,264536800.0
2016-10-27,26.5676424325276,26.164059598162606,26.459867321974247,26.251197814941406,138248000.0
2016-10-28,26.41858816289721,26.015005383864285,26.11131612338815,26.076919555664062,151446800.0
2016-10-31,26.193871534052256,25.957682662865675,26.06087238316639,26.035648345947266,105677600.0
2016-11-01,26.088381571364735,25.345423822797574,26.017296620732647,25.56555938720703,175303200.0
2016-11-02,25.762764174874157,25.50594022762899,25.544922183981285,25.588489532470703,113326800.0
2016-11-03,25.689903381308593,25.249677166144714,25.57927137013682,25.314212799072266,107730400.0
2016-11-04,25.411018161450443,24.917779491556118,25.014582948234988,25.08603286743164,123348000.0
2016-11-07,25.47094514851172,25.22893474565132,25.37183634410256,25.44789695739746,130240000.0
2016-11-08,25.74982895521074,25.284247466342794,25.424843699850676,25.597707748413086,97016800.0
2016-11-09,25.6576408937037,24.90395422624573,25.325741274327616,25.55622673034668,236705600.0
2016-11-10,25.604629452001266,24.392277172706432,25.604629452001266,24.84402847290039,228538000.0
2016-11-11,25.092951253527417,24.558225086706866,24.689601721187557,24.99153709411621,136575600.0
2016-11-14,24.848629645385405,23.98892011462399,24.825581457788626,24.36461067199707,204702000.0
2016-11-15,24.818678298222075,24.468341117763973,24.562839256793122,24.687301635742188,129058000.0
2016-11-16,25.406416798983972,24.569753329633908,24.592801527360585,25.351099014282227,235362000.0
2016-11-17,25.434061952845173,25.083724940408022,25.30959963358799,25.341867446899414,110528000.0
2016-11-18,25.477859426154385,25.275032882529526,25.288861445503144,25.367225646972656,113715600.0
2016-11-21,25.81206499593885,25.35570479069008,25.381058330811058,25.752140045166016,117058400.0
2016-11-22,25.911164572833517,25.67607027188438,25.80283616883577,25.768264770507812,103862000.0
2016-11-23,25.70142986278753,25.429456994878407,25.666856697844196,25.63689422607422,109705600.0
2016-11-25,25.784413306680204,25.572365311985205,25.613852771983705,25.765974044799805,45903600.0
2016-11-28,25.922691024081974,25.673766391130872,25.68298601736579,25.715253829956055,108776000.0
2016-11-29,25.821281788062535,25.369530567711138,25.533175007853924,25.689905166625977,114115200.0
2016-11-30,25.86046309920215,25.41562617379233,25.722172200613766,25.473247528076172,144649200.0
2016-12-01,25.57005044573814,25.12982249444099,25.43867384009575,25.2358455657959,148347600.0
2016-12-02,25.374141914853848,25.08834045408502,25.162095726491955,25.330350875854492,106112000.0
2016-12-05,25.36031393925385,24.950050117066557,25.353399657065324,25.14826774597168,137298000.0
2016-12-06,25.4363672990714,25.166699819912807,25.2381497267504,25.341867446899414,104782000.0
2016-12-07,25.627677847871382,25.159792663906146,25.182840857302892,25.59079933166504,119994800.0
2016-12-08,25.913479499111155,25.491690698936363,25.551617408966116,25.842029571533203,108273200.0
2016-12-09,26.436671324836336,25.885811429354327,25.885811429354327,26.26380729675293,137610400.0
2016-12-12,26.505828725955794,25.927309710958333,26.11169878808994,26.114004135131836,105497600.0
2016-12-13,26.717873069244042,26.217720062392935,26.23846290892882,26.549619674682617,174935200.0
2016-12-14,26.78240871419716,26.50121794096778,26.515046505325035,26.549619674682617,136127200.0
2016-12-15,26.904562973479848,26.558834854747445,26.59340625984937,26.694820404052734,186098000.0
2016-12-16,26.85155190613154,26.655639647350466,26.84463762476321,26.729394912719727,177404400.0
2016-12-19,27.05438022006357,26.67868958721731,26.69021456256297,26.883821487426758,111117600.0
2016-12-20,27.082038459129734,26.893040473838635,26.90686903715174,26.955270767211914,85700000.0
2016-12-21,27.05898920401707,26.916087607695317,26.92069830092802,26.980623245239258,95132800.0
2016-12-22,26.853855340696292,26.653332402971124,26.816976831405366,26.80314826965332,104343600.0
2016-12-23,26.856157302856445,26.64180581635568,26.64180581635568,26.856157302856445,56998000.0
2016-12-27,27.15118238115364,26.84924529407479,26.856159575117243,27.02672004699707,73187600.0
2016-12-28,27.20188840474824,26.78240501207359,27.086645695129224,26.91147804260254,83623600.0
2016-12-29,26.99214773053559,26.82850329302598,26.840026508970368,26.904563903808594,60158000.0
2016-12-30,27.012889640239454,26.604931233859443,26.886123718449394,26.694820404052734,122345200.0
2017-01-03,26.812367188106784,26.45050517796105,26.690210206622385,26.7708797454834,115127600.0
2017-01-04,26.853856325809012,26.678686917179377,26.701735107099655,26.740917205810547,84472400.0
2017-01-05,26.934528708739055,26.692518292907092,26.717871832030987,26.876907348632812,88774400.0
2017-01-06,27.23415982612011,26.844638878512438,26.91608880060783,27.176538467407227,127007600.0
2017-01-09,27.52687496730904,27.183452169077967,27.185755757283022,27.425460815429688,134247600.0
2017-01-10,27.51535148102723,27.266428539664876,27.37475522048423,27.453121185302734,97848400.0
2017-01-11,27.642117253601786,27.33557121451258,27.367839033525733,27.600629806518555,110354400.0
2017-01-12,27.496910868976478,27.245680850798962,27.40471635076029,27.48538589477539,108344800.0
2017-01-13,27.57066890013058,27.383974498419818,27.453120833640746,27.436986923217773,104447600.0
2017-01-17,27.71357064028986,27.247990794520106,27.275647923726257,27.658254623413086,137759200.0
2017-01-18,27.773494795270068,27.591411091405693,27.658252078277247,27.655946731567383,94852000.0
2017-01-19,27.67899960126102,27.513051537854732,27.519965820688586,27.6075496673584,102389200.0
2017-01-20,27.761972374865096,27.596024324234772,27.761972374865096,27.658254623413086,130391600.0
2017-01-23,27.8449386788352,27.60523366845519,27.658246080500277,27.676685333251953,88200800.0
2017-01-24,27.681299142071996,27.54300823900832,27.554533213623724,27.651336669921875,92844000.0
2017-01-25,28.142269344718223,27.72278595193256,27.75505376995729,28.091562271118164,129510400.0
2017-01-26,28.220635165146643,28.02702649947078,28.043160408405086,28.105392456054688,105350400.0
2017-01-27,28.199894880983315,28.027030790877003,28.151493146769283,28.10770034790039,82251600.0
2017-01-30,28.033939361572266,27.81036999436097,27.872600280396256,28.033939361572266,121510000.0
2017-01-31,27.978625755996777,27.801152751481993,27.923309746058493,27.969406127929688,196804000.0
2017-02-01,30.07604128678682,29.273951316403803,29.27856025070639,29.67499542236328,447940000.0
2017-02-02,29.8225080662792,29.45142640297126,29.497524541606396,29.624290466308594,134841600.0
2017-02-03,29.776410206516037,29.539010519350114,29.573581923528376,29.751056671142578,98029200.0
2017-02-06,30.078348861680695,29.70957076388482,29.762584945408168,30.029945373535156,107383600.0
2017-02-07,30.444819492337015,30.06682352920845,30.087566373769082,30.31574821472168,152735200.0
2017-02-08,30.474775862217303,30.244290492523888,30.274254716000875,30.433286666870117,92016400.0
2017-02-09,30.66014822275311,30.352273143732877,30.474959753816158,30.6532039642334,113399600.0
2017-02-10,30.77358422649791,30.56756293361468,30.662472531910023,30.583765029907227,80262000.0
2017-02-13,30.977281499338815,30.72959119688372,30.805981564963073,30.854591369628906,92141600.0
2017-02-14,31.271268010618112,30.84533700032468,30.896263918096317,31.25506591796875,132904800.0
2017-02-15,31.544426604690024,31.162474663222973,31.37081304916232,31.36849594116211,142492400.0
2017-02-16,31.45877090374158,31.21339767451446,31.405530409065754,31.331457138061523,90338400.0
2017-02-17,31.442571997919064,31.273589130276395,31.273589130276395,31.4171085357666,88792800.0
2017-02-21,31.655547343631174,31.477303053308063,31.535174255033166,31.643972396850586,98028800.0
2017-02-22,31.741172751455913,31.507374536307914,31.581447784481664,31.738859176635742,83347600.0
2017-02-23,31.824524075169403,31.55137375158817,31.80137771828703,31.6046142578125,83152800.0
2017-02-24,31.634702682495117,31.315252638602946,31.46108914249746,31.634702682495117,87106400.0
2017-02-27,31.815254498690994,31.546731426267762,31.745808389315904,31.697195053100586,81029600.0
2017-02-28,31.815257495677873,31.643957547373027,31.731922863012837,31.711090087890625,93931600.0
2017-03-01,32.44258758427442,31.852304274142256,31.919433300142533,32.3592529296875,145658400.0
2017-03-02,32.47268376640284,32.1208259214305,32.40786831235232,32.1671257019043,104844000.0
2017-03-03,32.36850472002137,32.08146243200919,32.12544508838435,32.356929779052734,84432400.0
2017-03-06,32.35462144660669,32.0837847384983,32.262025436029056,32.25508117675781,87000000.0
2017-03-07,32.403226280869475,32.127758931529584,32.190260787540375,32.29674530029297,69785200.0
2017-03-08,32.36156866337355,32.134714598035465,32.1648052135686,32.1763801574707,74828800.0
2017-03-09,32.12776983207906,31.724988590892487,32.116198419264,32.1023063659668,88623600.0
2017-03-10,32.25972057667035,32.09305124477441,32.23425710840353,32.20879364013672,78451200.0
2017-03-13,32.275927288044,32.134724936412354,32.141669198552336,32.222686767578125,69686800.0
2017-03-14,32.32684570991051,32.139343617203835,32.24582816224242,32.174068450927734,61236400.0
2017-03-15,32.58148756239281,32.18333339983765,32.2712987594327,32.51435852050781,102767200.0
2017-03-16,32.64397154732326,32.468040924623686,32.574525434793216,32.56758117675781,76928000.0
2017-03-17,32.63934639760594,32.38239821021006,32.63934639760594,32.405548095703125,175540000.0
2017-03-20,32.75508837066969,32.46110178285636,32.500453761984666,32.74583053588867,86168000.0
2017-03-21,33.05603092896467,32.34537088069604,32.89630584803509,32.37083435058594,158119600.0
2017-03-22,32.77823371741696,32.35229920075717,32.373135507438455,32.73656463623047,103440800.0
2017-03-23,32.773607485999605,32.54906702225389,32.69953067924052,32.620826721191406,81385200.0
2017-03-24,32.81065734092904,32.48889360514271,32.75509971646905,32.55602264404297,89582400.0
2017-03-27,32.69026476011868,32.08840321666056,32.266647398189995,32.6115608215332,94300400.0
2017-03-28,33.343052538036424,32.55137533765912,32.61850787445812,33.287498474121094,133499200.0
2017-03-29,33.447224002478976,33.146293200188246,33.2597184372642,33.361572265625,116760000.0
2017-03-30,33.449548260627296,33.21806349757797,33.37778854923035,33.31760025024414,84829200.0
2017-03-31,33.39630608995485,33.104633042453756,33.268988770186674,33.25510025024414,78646800.0
2017-04-03,33.36158169355204,33.11389484292969,33.26667562864649,33.26435852050781,79942800.0
2017-04-04,33.53981621676254,33.141662271852574,33.160181470706064,33.51203918457031,79565600.0
2017-04-05,33.67177474628232,33.2898227729474,33.38473237227703,33.338436126708984,110871600.0
2017-04-06,33.45417727783338,33.206486898268295,33.4009332418177,33.25510025024414,84596000.0
2017-04-07,33.375468982961245,33.1648205485549,33.27130155369623,33.18102264404297,66688800.0
2017-04-10,33.30601828148667,33.079160742433295,33.241202850950295,33.14166259765625,75733600.0
2017-04-11,33.18332924308847,32.42174269191748,33.088419679563074,32.78517532348633,121517600.0
2017-04-12,32.905556730054954,32.6416642488803,32.778242939696646,32.82453918457031,81400000.0
2017-04-13,32.9587998238717,32.65092468261719,32.85000170883526,32.65092468261719,71291600.0
2017-04-17,32.843049245239364,32.609247445627126,32.75045324909429,32.83147430419922,66328400.0
2017-04-18,32.880088562393745,32.66480946504497,32.73425558851045,32.68564224243164,58790000.0
2017-04-19,32.87083100315372,32.512028972388194,32.84305396640531,32.565269470214844,69313600.0
2017-04-20,33.08379462566669,32.67638280400104,32.69027132157722,32.97268295288086,93278400.0
2017-04-21,33.02823275642698,32.83610357854154,32.972678693299024,32.933326721191406,69283600.0
2017-04-24,33.32222509188119,33.143980866576484,33.218057673208875,33.250465393066406,68537200.0
2017-04-25,33.5421377874475,33.303708785160865,33.31297015288324,33.45648956298828,75486000.0
2017-04-26,33.47268887997508,33.19027726469098,33.44259473881616,33.25971984863281,80164800.0
2017-04-27,33.37083851697221,33.174075089542335,33.31528091186604,33.285186767578125,56985200.0
2017-04-28,33.40325960789196,33.16483053032413,33.35464624244255,33.25279235839844,83441600.0
2017-05-01,34.07454583698274,33.55602238930603,33.58843010478582,33.931026458740234,134411600.0
2017-05-02,34.280566627243395,33.99121076699823,34.15324934230031,34.146305084228516,181408800.0
2017-05-03,34.141681222939226,33.39630017256143,33.701858153687134,34.04214096069336,182788000.0
2017-05-04,34.06066230551336,33.75278719730906,33.91714290626646,33.919456481933594,93487600.0
2017-05-05,34.48659507759118,33.97269867964683,33.97269867964683,34.48196792602539,109310800.0
2017-05-08,35.579192912756085,34.49815993257278,34.49815993257278,35.41946792602539,195009600.0
2017-05-09,35.852356874597746,35.52133186693124,35.61855503173614,35.64633560180664,156521600.0
2017-05-10,35.6347674434794,35.21114987405915,35.563007727139656,35.47735595703125,103222800.0
2017-05-11,35.812071114671106,35.402974003664674,35.43551549688048,35.784175872802734,109020400.0
2017-05-12,36.35829549273668,35.95152514458997,35.958498066817725,36.28391647338867,130108000.0
2017-05-15,36.41174300049635,36.039840940418216,36.26298146711415,36.19092559814453,104038800.0
2017-05-16,36.27462056955836,35.963151522512334,36.24672887780986,36.137481689453125,80194000.0
2017-05-17,35.92828824630351,34.79862858057247,35.70282093825333,34.92414474487305,203070800.0
2017-05-18,35.642377572865925,35.128686743624414,35.161228228070684,35.456424713134766,134272800.0
2017-05-19,35.791134098435336,35.4773420170226,35.65167213339255,35.57728958129883,107843200.0
2017-05-22,35.930607345187425,35.54243262811674,35.7957916005616,35.7934684753418,91865600.0
2017-05-23,36.00499935911829,35.635420150709734,36.00499935911829,35.74931716918945,79675600.0
2017-05-24,35.83530938956026,35.48664904887947,35.75860368899971,35.64238357543945,76712000.0
2017-05-25,35.87714544126716,35.570322682071584,35.733030108877166,35.76557159423828,76942400.0
2017-05-26,35.851581451035386,35.635410198254704,35.79579452040507,35.705142974853516,87710400.0
2017-05-30,35.895738971420265,35.64005687528656,35.660975642407706,35.719085693359375,80507600.0
2017-05-31,35.83530223601727,35.419235873100675,35.78881490922437,35.50756072998047,97804800.0
2017-06-01,35.64005461881937,35.382045867058956,35.602863337343535,35.605186462402344,65616400.0
2017-06-02,36.13282775878906,35.53778142451099,35.698165727231675,36.13282775878906,111082800.0
2017-06-05,35.90039567917375,35.67028210303369,35.87482710996299,35.77952575683594,101326800.0
2017-06-06,36.21652485354329,35.74467129860424,35.77256300139623,35.90040588378906,106499600.0
2017-06-07,36.256015937417885,35.907355689977415,36.032875365239036,36.114227294921875,84278400.0
2017-06-08,36.15374870192001,35.888767004396904,36.0863426015944,36.025909423828125,85003200.0
2017-06-09,36.07239580899807,33.940919564947656,36.07239580899807,34.62894058227539,259530800.0
2017-06-12,33.957194805868006,33.12505829666229,33.875842847537044,33.80146026611328,289229200.0
2017-06-13,34.27330875959209,33.738695559372296,34.20590265827269,34.07341003417969,136661600.0
2017-06-14,34.284937170497514,33.43420499694354,34.284937170497514,33.74102783203125,126124800.0
2017-06-15,33.58296731686889,33.055330487480035,33.31333931445591,33.53880310058594,128661600.0
2017-06-16,33.58760791058845,33.0529947569857,33.42025068777792,33.06926727294922,201444400.0
2017-06-19,34.10827514113461,33.39235892227018,33.39235892227018,34.015296936035156,130165600.0
2017-06-20,34.13849280587483,33.689884899100015,34.13849280587483,33.706153869628906,99600400.0
2017-06-21,33.952546334167245,33.61318203543929,33.82470349742875,33.90605545043945,85063200.0
2017-06-22,34.098978500955376,33.73172253920091,33.882810805541595,33.85026931762695,76425200.0
2017-06-23,34.20591041608749,33.729407161153226,33.734056959567944,34.00136184692383,141757600.0
2017-06-26,34.46623298045986,33.79215781117885,34.208224213533896,33.894432067871094,102769600.0
2017-06-27,33.97344252942667,33.38304274724928,33.70613431263627,33.40861129760742,99047600.0
2017-06-28,33.96183819158504,33.27614030230056,33.58528619780466,33.89675521850586,88329600.0
2017-06-29,33.734040417159235,33.07158456481652,33.63641597886493,33.39699935913086,125997600.0
2017-06-30,33.69454192956196,33.42026057617408,33.57599512605458,33.47604751586914,92096400.0
2017-07-03,33.77356430436874,33.26219653533707,33.67593983865184,33.35517120361328,57111200.0
2017-07-05,33.65500934423604,33.17386005537008,33.399327295237754,33.49230194091797,86278400.0
2017-07-06,33.355165538035095,33.10180659527416,33.24359524570328,33.176185607910156,96515200.0
2017-07-07,33.645710509229566,33.21569482840612,33.21569482840612,33.51321792602539,76806800.0
2017-07-10,33.92463738879332,33.32494140790206,33.49694838663608,33.71776580810547,84362400.0
2017-07-11,33.90139747392816,33.55971016789646,33.641062092769815,33.8270149230957,79127200.0
2017-07-12,33.97810995181003,33.661994654754764,33.90605405046618,33.87583923339844,99538000.0
2017-07-13,34.51504781603423,33.8061044711886,33.82005031620915,34.34769058227539,100797600.0
2017-07-14,34.71030058424937,34.245420116042865,34.394181723998685,34.64289093017578,80528400.0
2017-07-17,35.07522481560062,34.53364226990741,34.591752319997376,34.763755798339844,95174000.0
2017-07-18,34.89623575226105,34.5568716223074,34.68006460005486,34.884613037109375,71475200.0
2017-07-19,35.196097379667826,34.854409975508894,34.97760300729341,35.10312271118164,83692000.0
2017-07-20,35.27046760518788,34.91018468410002,35.21468069557101,34.94504928588867,68974800.0
2017-07-21,34.96829399885,34.605687960687774,34.86369664888089,34.92877960205078,105010400.0
2017-07-24,35.433185018344126,34.842784918114624,35.0008461000464,35.351829528808594,85972800.0
2017-07-25,35.75860034124977,35.28442388288951,35.28442388288951,35.5029182434082,75415600.0
2017-07-26,35.779516452542396,35.577294623853,35.644704264586665,35.67027282714844,63124000.0
2017-07-27,35.79346849541717,34.2384429542864,35.737681569306076,34.99619674682617,129905200.0
2017-07-28,34.919485781620956,34.677749565146854,34.84045697496168,34.74980545043945,68854800.0
2017-07-31,34.94273319627466,34.43136550214373,34.84278207309928,34.57082748413086,79383600.0
2017-08-01,34.91715416422679,34.496438125904845,34.65682237184076,34.87763977050781,141474400.0
2017-08-02,37.13232291881002,36.29786343025978,37.0230757382192,36.52565383911133,279747200.0
2017-08-03,36.54191487207745,36.03287041329078,36.50472359957364,36.16071319580078,108389200.0
2017-08-04,36.58608549561025,36.18861474593922,36.27694315553541,36.351322174072266,82239600.0
2017-08-07,36.939402186206614,36.41641165086437,36.507063201786764,36.91383361816406,87481200.0
2017-08-08,37.615796672404265,36.788310156905624,36.865015845826235,37.20902633666992,144823600.0
2017-08-09,37.485623531278215,36.983551962115115,37.01841656549234,37.43680953979492,104526000.0
2017-08-10,37.33647887838671,36.08337444544976,37.31314215481408,36.244388580322266,163217200.0
2017-08-11,37.00277044884059,36.41938820850962,36.54306495860518,36.7484130859375,105028400.0
2017-08-14,37.38548274068739,37.04478582092473,37.177798729536015,37.301475524902344,88490800.0
2017-08-15,37.84984467460095,37.36913820672284,37.49048272776531,37.709835052490234,117862000.0
2017-08-16,37.922192780612306,37.37147958675794,37.7891834290691,37.558162689208984,110686400.0
2017-08-17,37.50215450585416,36.83242911193449,37.457816875237334,36.83709716796875,111762400.0
2017-08-18,37.21979967147585,36.57107868305969,36.837100933268594,36.75309371948242,109712400.0
2017-08-21,36.84410312737541,36.19538210568727,36.753095604496394,36.6854248046875,105474000.0
2017-08-22,37.33647893460074,36.87444100477661,36.923443139395175,37.28514099121094,86418400.0
2017-08-23,37.446150417064786,37.07512005887749,37.11945769174584,37.33180618286133,77596400.0
2017-08-24,37.5091630807643,36.99811943316736,37.436820658673035,37.166133880615234,79275600.0
2017-08-25,37.4671450106492,37.16612130456286,37.254792994661955,37.30379867553711,101920400.0
2017-08-28,37.80318118392024,37.32013882633084,37.36914451678862,37.67950439453125,103864000.0
2017-08-29,38.0645393969194,37.33647919209252,37.359815915861226,38.01553726196289,118067600.0
2017-08-30,38.244218878495545,37.945527355755026,38.22321796533812,38.11820983886719,109078400.0
2017-08-31,38.391226728073406,38.14853767622348,38.18587500122859,38.26988220214844,107140400.0
2017-09-01,38.48924301060967,38.18355116127232,38.4565737342076,38.281558990478516,66364400.0
2017-09-05,38.32822920662865,37.46715609035932,38.21155270980482,37.82185363769531,117874000.0
2017-09-06,38.03421010502825,37.45782785935835,37.96887154412259,37.782188415527344,86606800.0
2017-09-07,37.859177767072694,37.42047315260347,37.82417269382382,37.630489349365234,87714000.0
2017-09-08,37.604843244711375,36.99345938237606,37.5371724257224,37.01679611206055,114446000.0
2017-09-11,37.81485686403658,37.31081349612394,37.453158977969146,37.6865119934082,126323200.0
2017-09-12,38.26056626331219,37.049463407829194,37.94553823291222,37.53717041015625,286856000.0
2017-09-13,37.32713747611398,36.84876324175742,37.306133005604565,37.25479507446289,179629600.0
2017-09-14,37.19646237447088,36.89077055035121,37.10079036191123,36.93510818481445,95042800.0
2017-09-15,37.562825546720234,36.86976698375322,36.979443157736796,37.3084716796875,196458400.0
2017-09-18,37.4531517809566,36.86976935446195,37.362144264850784,37.02611541748047,113077600.0
2017-09-19,37.28281595453716,36.97245598607995,37.222141885694754,37.04012680053711,83242400.0
2017-09-20,36.93043926812725,35.89668733365387,36.84643205759684,36.41939926147461,211805600.0
2017-09-21,36.35640327080678,35.64467580768176,36.35640327080678,35.79402160644531,150046800.0
2017-09-22,35.53266025966119,35.133625085951856,35.36231001578385,35.44398498535156,186581600.0
2017-09-25,35.42997810617242,34.80692616960909,35.00060954145725,35.13128662109375,177549200.0
2017-09-26,35.91769085435358,35.39731469725175,35.41831561123845,35.73567581176758,146640000.0
2017-09-27,36.10437262108391,35.829014258691,35.88968831110297,35.990028381347656,102016800.0
2017-09-28,36.00170170127656,35.63300352225677,35.91069417080666,35.768348693847656,88022000.0
2017-09-29,35.966702721919496,35.46965964147191,35.752018367161156,35.9643669128418,105199200.0
2017-10-02,36.041366943535415,35.63766728630668,35.99702930775556,35.89202117919922,74795200.0
2017-10-03,36.190712003672466,35.91535720256329,35.93869036363075,36.04836654663086,64921200.0
2017-10-04,35.90369298025103,35.57700020217874,35.8500227868572,35.81501770019531,80655200.0
2017-10-05,36.272383844489624,35.948023379917835,35.97835684276088,36.26071548461914,85135200.0
2017-10-06,36.28404938913225,36.067029306566766,36.16270486512448,36.23971176147461,69630400.0
2017-10-09,36.573402801599386,36.28404745451774,36.35871853868354,36.365718841552734,65051600.0
2017-10-10,36.86976133647814,36.19303929318306,36.417056102257675,36.37971878051758,62468000.0
2017-10-11,36.63175029089218,36.34472711866406,36.39606505980196,36.531410217285156,67622400.0
2017-10-12,36.72275332142957,36.34005461836037,36.484735871459215,36.40306091308594,64500400.0
2017-10-13,36.70174976473956,36.49873384831418,36.57340493683945,36.63407897949219,65576800.0
2017-10-16,37.33647289493997,36.78809202502214,36.84643026392048,37.3084716796875,96486000.0
2017-10-17,37.539491498003954,37.156792766027294,37.28513761287271,37.44615173339844,75989200.0
2017-10-18,37.50217149938836,37.243149462708686,37.43449711861808,37.28048324584961,65496800.0
2017-10-19,36.655077548342234,36.17437109698337,36.578070656520225,36.39838790893555,170336800.0
2017-10-20,36.811432360839845,36.393732095997784,36.54541010775939,36.461402893066406,95896400.0
2017-10-23,36.797431284478705,36.28638769831077,36.61074819190047,36.44273376464844,87937200.0
2017-10-24,36.73442681112196,36.44973588193455,36.4707367962146,36.65975570678711,71028800.0
2017-10-25,36.764763409729866,36.23271889007482,36.6154176421194,36.498741149902344,84828400.0
2017-10-26,36.83009398660165,36.58507269385749,36.69008080198122,36.732086181640625,68002000.0
2017-10-27,38.176555015563785,37.0331230955509,37.17080052105302,38.04821014404297,177816800.0
2017-10-30,39.21962994088949,38.20454323781472,38.24421280993417,38.90460205078125,178803200.0
2017-10-31,39.58833699562369,38.95595232813968,39.1799692253035,39.44599151611328,144187200.0
2017-11-01,39.656009903089014,38.64559097272621,39.63967348374911,38.94428253173828,134551200.0
2017-11-02,39.319973270116144,38.56857646342304,38.87660407591348,39.228965759277344,165573600.0
2017-11-03,40.66408354419493,39.93135542796412,40.603413059400474,40.25338363647461,237594400.0
2017-11-06,40.83443325514327,40.07136812561474,40.2230461160659,40.66175079345703,140105200.0
2017-11-07,40.89511439967605,40.51008336312544,40.58242222544961,40.79243850708008,97446000.0
2017-11-08,41.12613296508789,40.680427891759564,40.75743480710038,41.12613296508789,97638000.0
2017-11-09,41.09346746488013,40.40274097211313,40.862446697626574,41.04212951660156,117930400.0
2017-11-10,41.072565925229945,40.81261284063416,41.00933312803533,40.906288146972656,100582000.0
2017-11-13,40.86647291168076,40.60886047825952,40.63228108983731,40.74235153198242,67928400.0
2017-11-14,40.627597062571766,40.08895514689948,40.524552087149495,40.126426696777344,99130000.0
2017-11-15,39.887555691162326,39.43322295223002,39.8055871182063,39.5971565246582,116632400.0
2017-11-16,40.25055756737149,39.88287817128605,40.08896459722849,40.07023239135742,94550000.0
2017-11-17,40.13812781409574,39.72829221152376,40.056159264188196,39.84772872924805,87598000.0
2017-11-20,39.943761695620736,39.709569843677855,39.880528895020625,39.80792999267578,65049600.0
2017-11-21,40.679131968027136,39.99529205468322,39.99529205468322,40.5479850769043,100525200.0
2017-11-22,40.98358256486315,40.52690907383735,40.599507991194685,40.97421646118164,102355600.0
2017-11-24,41.10067245893679,40.901607943559625,41.00699714198535,40.9765510559082,56106800.0
2017-11-27,41.00231711167358,40.59482193083841,40.99529164075268,40.77046585083008,82867200.0
2017-11-28,40.95313587850049,40.24821955509472,40.81964835544334,40.531593322753906,105715200.0
2017-11-29,40.496462371670276,39.14751833236251,40.428548293921786,39.69084167480469,166665600.0
2017-11-30,40.313790385637134,39.44728113777023,39.9133206954704,40.24587631225586,166108800.0
2017-12-01,40.203722919483724,39.461335027604534,39.80091256685432,40.05852508544922,159037200.0
2017-12-04,40.426192880970966,39.72596159058653,40.39340616744277,39.76577377319336,130169600.0
2017-12-05,40.168591500963004,39.437910419167515,39.592477914690065,39.728309631347656,109400800.0
2017-12-06,39.85946517891541,38.98358966076315,39.2271476920099,39.58077621459961,114240000.0
2017-12-07,39.9156636594759,39.557350377388154,39.58545225881169,39.65336990356445,102693200.0
2017-12-08,40.04680341107865,39.53626693081782,39.92736686279802,39.665069580078125,93420800.0
2017-12-11,40.48943448741607,39.52924633823246,39.62526586784773,40.43791198730469,141095200.0
2017-12-12,40.37233208080657,40.15453537988255,40.316124751462965,40.21073913574219,77636800.0
2017-12-13,40.64165172587985,40.28099785232571,40.39809377631504,40.34423065185547,95273600.0
2017-12-14,40.54565030566407,40.19904367360847,40.374687622500126,40.33253479003906,81906000.0
2017-12-15,40.789189181654386,40.38872316745292,40.662727170191715,40.74235153198242,160677200.0
2017-12-18,41.49879714319126,40.950789044916306,40.9554738827219,41.31612777709961,117684400.0
2017-12-19,41.07490371243593,40.770453627695375,40.99059451317676,40.87583923339844,109745600.0
2017-12-20,41.08193182784955,40.57373596777827,40.953125602143956,40.83134841918945,93902400.0
2017-12-21,41.22244836664475,40.77280046605222,40.789192036517036,40.98591232299805,83799600.0
2017-12-22,41.081931834310396,40.86647577195255,40.90862858756254,40.98591232299805,65397600.0
2017-12-26,40.156877194680966,39.7376717779659,39.9999690824779,39.94610595703125,132742000.0
2017-12-27,39.99528926752172,39.74470581233551,39.83604050325153,39.9531364440918,85992800.0
2017-12-28,40.24587669436901,39.925031383322896,40.046812163577286,40.065547943115234,65920800.0
2017-12-29,39.95078713310234,39.629945439714064,39.93439556169126,39.632286071777344,103999600.0
2018-01-02,40.351258103264755,39.63931284929152,39.85008766691489,40.341888427734375,102223600.0
2018-01-03,40.878196300607264,40.271640145539465,40.40512766850166,40.334869384765625,118071600.0
2018-01-04,40.62525796148265,40.29973145330602,40.407457696409296,40.522212982177734,89738400.0
2018-01-05,41.070223754905165,40.526900518948345,40.61823519787352,40.98357391357422,94640000.0
2018-01-08,41.126428848864556,40.73298470248056,40.83134841918945,40.83134841918945,82271200.0
2018-01-09,40.997619183214475,40.61120411200408,40.8781826422092,40.82666015625,86336000.0
2018-01-10,40.81963927994158,40.515189166880944,40.552660719700334,40.81729507446289,95839600.0
2018-01-11,41.0983266027859,40.86413476669079,40.887551806210006,41.04914474487305,74670800.0
2018-01-12,41.536259064148354,41.13578950154014,41.25991087346616,41.473026275634766,101672400.0
2018-01-16,42.01167748658843,41.25055394405002,41.66273032986267,41.262264251708984,118263600.0
2018-01-17,41.97889108266515,40.99997081899453,41.252894884198874,41.943763732910156,137547200.0
2018-01-18,42.1779517358419,41.74469540324496,42.00698912004785,41.98122787475586,124773600.0
2018-01-19,42.056170360899095,41.547974505316795,41.829003993975064,41.79387664794922,129700400.0
2018-01-22,41.63463089237908,41.358286197536025,41.52221979392465,41.451961517333984,108434400.0
2018-01-23,42.023393090934235,41.40981148589692,41.522222591926244,41.46133041381836,130756400.0
2018-01-24,41.52221074603233,40.56202284665312,41.510500440238225,40.800899505615234,204420400.0
2018-01-25,40.97187451966688,39.93674669163519,40.86882950605092,40.07257843017578,166116000.0
2018-01-26,40.28100362995669,39.82667080795431,40.28100362995669,40.1662483215332,156572000.0
2018-01-29,39.850083072126374,39.126431167404846,39.850083072126374,39.334861755371094,202561600.0
2018-01-30,39.196672096881386,38.57138055251498,38.76576013404561,39.102996826171875,184192800.0
2018-01-31,39.44726367455829,38.99293105329121,39.07958086767287,39.21072769165039,129915600.0
2018-02-01,39.48943348596959,39.05383644817289,39.149855976180945,39.2927131652832,188923200.0
2018-02-02,39.063200793643205,37.49411613346626,38.875846601349544,37.587791442871094,346375200.0
2018-02-05,38.37936715250379,36.533933960228474,37.259930231139656,36.64868927001953,290954000.0
2018-02-06,38.34187931081366,36.06553487564129,36.259914485931866,38.1802864074707,272975200.0
2018-02-07,38.266949183640655,37.252901556247814,38.19435027749091,37.36296844482422,206434400.0
2018-02-08,37.7048933359953,36.30676750219174,37.5386155259692,36.334869384765625,217562000.0
2018-02-09,37.12730914186198,35.32843847604352,36.93449073015276,36.779293060302734,282690400.0
2018-02-12,38.538202196818276,37.03796472591591,37.270761309072945,38.2607307434082,243278000.0
2018-02-13,38.74041964665234,38.01146342597023,38.0820081550772,38.64400863647461,130196800.0
2018-02-14,39.39646940475881,38.300688708120006,38.33830944638612,39.35649490356445,162579600.0
2018-02-15,40.70153298957986,39.73978404743447,39.925548323114,40.67802047729492,204588800.0
2018-02-16,41.108352696021626,40.39115445827603,40.52989016661168,40.546348571777344,160704400.0
2018-02-20,40.97665865050468,40.30884294882415,40.456986503540875,40.40995788574219,135722000.0
2018-02-21,40.94373014961663,40.21242398532644,40.64039257505093,40.22653579711914,149886400.0
2018-02-22,40.90376716834371,40.377040864154694,40.39820320572218,40.56280517578125,123967600.0
2018-02-23,41.30352008462674,40.80736036008049,40.83793058197022,41.26824951171875,135249600.0
2018-02-26,42.1829706355602,41.43520577620251,41.46812617400968,42.08420944213867,152648800.0
2018-02-27,42.43927448726959,41.89373602093621,42.11477448821193,41.947818756103516,155712400.0
2018-02-28,42.4721897868067,41.867864719237645,42.15239017660547,41.88432312011719,151128400.0
2018-03-01,42.274669943930185,40.600426726524184,41.983086768337195,41.15066909790039,195208000.0
2018-03-02,41.4563582618264,40.55104215533317,40.63334492430652,41.43519592285156,153816000.0
2018-03-05,41.79496300751792,41.037790577315505,41.200042324937854,41.57862854003906,113605600.0
2018-03-06,41.914882285700465,41.41637263193792,41.834933301239005,41.54335021972656,95154000.0
2018-03-07,41.350544470010895,40.97901229082367,41.136560133406576,41.15772247314453,126814000.0
2018-03-08,41.64918198316011,41.16713412291643,41.26354154213285,41.60685729980469,95096400.0
2018-03-09,42.326393542983574,41.712660693088196,41.84669599490634,42.32168960571289,128740800.0
2018-03-12,42.88840570474543,42.37578763015166,42.39459620832886,42.730857849121094,128828400.0
2018-03-13,43.14940318863499,42.1476799158457,42.93541891114457,42.3193359375,126774000.0
2018-03-14,42.44868119552501,41.811432091203834,42.401652575454754,41.95957565307617,117473600.0
2018-03-15,42.38284289256637,41.87257497940292,41.973686339074305,42.00895690917969,90975200.0
2018-03-16,42.119472337041785,41.766752315671596,42.008953109968175,41.86081314086914,157618800.0
2018-03-19,41.73147830463949,40.835570098387464,41.696207740634804,41.22121047973633,133787200.0
2018-03-20,41.57394350620936,41.13657043516007,41.207115173339844,41.207115173339844,78597600.0
2018-03-21,41.171833324202176,40.271221065833835,41.16007527202482,40.27357482910156,148219600.0
2018-03-22,40.60512206776271,39.64572688691664,39.974930763868414,39.70451354980469,165963200.0
2018-03-23,39.956136503695376,38.78510665893555,39.596362252666424,38.78510665893555,164115200.0
2018-03-26,40.703884373895896,39.13780690749702,39.52109707468055,40.626285552978516,150164800.0
2018-03-27,41.18593921489509,39.2506830596845,40.8402733112041,39.584590911865234,163690400.0
2018-03-28,39.97964191762341,38.84388295506285,39.3282845706032,39.147220611572266,166674000.0
2018-03-29,40.386444023671224,39.24598114149307,39.45996549061165,39.452911376953125,153594000.0
2018-04-02,39.7256781438141,38.674572264626626,39.184840096912744,39.194244384765625,150347200.0
2018-04-03,39.6810007539685,38.77098428485459,39.41998780548692,39.59634780883789,121112000.0
2018-04-04,40.44758814151123,38.745128095581016,38.770994379662774,40.35353088378906,138422000.0
2018-04-05,40.9696122764427,40.46404826051155,40.581621621244764,40.63335418701172,107732800.0
2018-04-06,40.558093254386755,39.551665877767405,40.20302310399896,39.593994140625,140021200.0
2018-04-09,40.70153479373485,39.9396619065326,39.94671601933608,39.986690521240234,116070800.0
2018-04-10,40.91552628686418,40.33471364390863,40.68037958406611,40.739166259765625,113634400.0
2018-04-11,40.89670684951467,40.374680975063676,40.499308418346246,40.54869079589844,89726400.0
2018-04-12,41.15066682941306,40.68977778218014,40.77678448906721,40.94844055175781,91557200.0
2018-04-13,41.3481902278494,40.880250643703896,41.09893532790292,41.08717727661133,100497200.0
2018-04-16,41.43049754589345,41.11069789115241,41.157726513426766,41.3434944152832,86313600.0
2018-04-17,42.07714620383334,41.482225408708985,41.50103757309891,41.91254425048828,106421600.0
2018-04-18,42.04893926427621,41.59275404176173,41.81143877466886,41.8184928894043,83018000.0
2018-04-19,41.242383334476784,40.60043378952859,40.85909303030914,40.63335418701172,139235200.0
2018-04-20,40.26182434902752,38.90032274084493,40.11603452115991,38.9685173034668,261964400.0
2018-04-23,39.2506812754814,38.58521577645036,39.229518936557035,38.85563659667969,146062000.0
2018-04-24,39.11194735682978,37.91034768951034,38.95674968831802,38.31480026245117,134768000.0
2018-04-25,38.89796494806505,38.19017470434135,38.23955349982821,38.481754302978516,113528400.0
2018-04-26,38.97085769595813,38.41591139583521,38.592271403229525,38.615787506103516,111852000.0
2018-04-27,38.64165368931231,37.77161170591066,38.56405485568262,38.169010162353516,142623200.0
2018-04-30,39.3306219088077,38.056127673902616,38.12432220221333,38.860328674316406,169709600.0
2018-05-01,39.786814362656344,38.86268970628452,39.1307567565656,39.763301849365234,214277600.0
2018-05-02,41.797323049213546,40.86849436573064,41.204752401329166,41.51985168457031,266157600.0
2018-05-03,41.73854003605556,41.01899169459304,41.357603523058685,41.59510040283203,136272800.0
2018-05-04,43.32577762819836,41.89608532257385,41.91489748833844,43.22701644897461,224805200.0
2018-05-07,44.12997747093147,43.4433495886489,43.544460939850644,43.53976058959961,169805600.0
2018-05-08,43.78901319964565,43.18938847318987,43.49978380003416,43.74903869628906,113611200.0
2018-05-09,44.06647597202267,43.55385805315783,43.86660349413843,44.057071685791016,92844800.0
2018-05-10,44.76486994901451,44.12527072629571,44.146436653293755,44.68727111816406,111957200.0
2018-05-11,44.86430604769044,44.24820656504485,44.729757490410215,44.51730728149414,104848800.0
2018-05-14,44.739210882507365,44.34500204625422,44.61646207780481,44.413455963134766,83115200.0
2018-05-15,44.15851859124368,43.69349302796125,44.090061076831134,44.009803771972656,94780800.0
2018-05-16,44.48663432032754,43.905941254389596,43.92246672462898,44.420536041259766,76732400.0
2018-05-17,44.592859196283385,43.990922163660606,44.37804968706794,44.1396369934082,69176000.0
2018-05-18,44.33319852743315,43.936630454443275,44.18684653886162,43.97911834716797,73190800.0
2018-05-21,44.67781872707835,44.120732674957296,44.378029962948865,44.29069137573242,73603200.0
2018-05-22,44.58577600899714,44.09006233190905,44.46774928606091,44.17976379394531,60962800.0
2018-05-23,44.49606765793709,43.84928001970395,43.98855426864203,44.46302032470703,80233600.0
2018-05-24,44.576333422821065,43.955515287613835,44.55981155401122,44.413455963134766,92936000.0
2018-05-25,44.76752505903052,44.295418267574824,44.43232966932365,44.514949798583984,69844000.0
2018-05-29,44.55508564127601,44.11130403301255,44.2836256330916,44.35443878173828,90056400.0
2018-05-30,44.37804410807291,44.0900586400715,44.311949436914176,44.26001739501953,74762000.0
2018-05-31,44.432338059704065,43.93898723392432,44.19392538167832,44.111305236816406,109931200.0
2018-06-01,44.91151779096248,44.319025064148434,44.37567917582391,44.90679931640625,93770000.0
2018-06-04,45.657451448657845,45.16882274882759,45.23727665487343,45.282127380371094,105064800.0
2018-06-05,45.780207443365335,45.40724255383238,45.574842090997706,45.631492614746094,86264000.0
2018-06-06,45.81324530055612,45.303369081014154,45.70702198862382,45.78963851928711,83734400.0
2018-06-07,45.8415702186734,45.4025107442856,45.827407590772026,45.666893005371094,85388800.0
2018-06-08,45.32226634650537,44.79586811569759,45.12634153371815,45.25144958496094,106627200.0
2018-06-11,45.315164642500335,44.89971201792346,45.168812709207394,45.14048385620117,73234000.0
2018-06-12,45.46625332272547,45.12161371473412,45.17826783713931,45.38835525512695,67644400.0
2018-06-13,45.52997912377757,44.954008274509455,45.42139297928895,45.015380859375,86553600.0
2018-06-14,45.22076363989936,44.90209002406459,45.21604156210974,45.03900146484375,86440400.0
2018-06-15,44.88793205413344,44.43942826668247,44.85724394814895,44.57633972167969,246876800.0
2018-06-18,44.66602373740214,44.189194870467745,44.34971305222017,44.55271911621094,73939600.0
2018-06-19,43.98383390094082,43.30399890306228,43.70292975662603,43.832759857177734,134314000.0
2018-06-20,44.18921209301209,43.84221317860187,43.98856878998295,44.02397537231445,82514800.0
2018-06-21,44.460674951389024,43.655731710130155,44.20101467940542,43.778480529785156,102847600.0
2018-06-22,43.941345694470854,43.599068932463176,43.93426437953818,43.6510009765625,108801600.0
2018-06-25,43.65100476323305,42.661940203754284,43.292202500663755,43.00185775756836,126652400.0
2018-06-26,44.0310453625436,43.08919089400755,43.19541781745774,43.53533172607422,98276800.0
2018-06-27,44.20810062898348,43.44092672904388,43.72419021787421,43.471614837646484,101141200.0
2018-06-28,43.95550614918332,43.38661657843012,43.45743332033904,43.787906646728516,69460800.0
2018-06-29,44.186841936704425,43.176533549058156,43.97439168953857,43.69585037231445,90950800.0
2018-07-02,44.21280762030508,43.296919170467575,43.39134270245,44.184478759765625,70925200.0
2018-07-03,44.36623867025453,43.325242244680126,44.32846925936588,43.41494369506836,55819200.0
2018-07-05,44.002725223185244,43.499930213576576,43.73126158996001,43.76430892944336,66416800.0
2018-07-06,44.47955426038454,43.717102549891266,43.76903460218643,44.3709716796875,69940800.0
2018-07-09,45.010667544089124,44.684916250995535,44.732126217918854,44.987064361572266,79026400.0
2018-07-10,45.15229389295575,44.892633713182896,45.01774532844729,44.93276596069336,63756400.0
2018-07-11,44.79822008171447,44.28598456598775,44.49607197660276,44.3497200012207,75326000.0
2018-07-12,45.18299370385362,44.68727999643058,44.739212045851666,45.093292236328125,72164400.0
2018-07-13,45.28447894307208,45.06258819256705,45.10507967337524,45.164093017578125,50055600.0
2018-07-16,45.47570268468771,44.94930441888667,45.20896469451428,45.064971923828125,60172400.0
2018-07-17,45.29156677447239,44.6613045999065,44.7911346962154,45.19242477416992,62138000.0
2018-07-18,45.27504557512844,44.83362324118064,45.270323498314276,44.9445686340332,65573600.0
2018-07-19,45.452089236262694,44.77697627392988,44.77697627392988,45.2939338684082,81147200.0
2018-07-20,45.42375787179969,44.89027843939604,45.27032458958884,45.190067291259766,82704800.0
2018-07-23,45.31281804782322,44.74628765418702,45.01066634341688,45.23019790649414,63957600.0
2018-07-24,45.71410758885159,45.33406142687722,45.42848135702797,45.558311462402344,74791600.0
2018-07-25,45.99501542778287,45.42376291837853,45.57247774207294,45.98793411254883,66839600.0
2018-07-26,46.25703810904912,45.70231103126561,45.93836449383051,45.84394454956055,76304000.0
2018-07-27,46.075272332840846,44.873761166756026,46.028062364396064,45.081485748291016,96096000.0
2018-07-30,45.36946391315494,44.63061920165413,45.298647170976594,44.82890319824219,84118000.0
2018-07-31,45.3553137961586,44.694363356655685,44.92097627375873,44.91861343383789,157492000.0
2018-08-01,47.62615380349578,46.57571642813746,47.005335535525944,47.564781188964844,271742800.0
2018-08-02,49.18882194191955,47.29331291565383,47.34760420380157,48.95512771606445,249616000.0
2018-08-03,49.27380754571905,48.50427085145164,48.870154486872416,49.09676742553711,133789600.0
2018-08-06,49.394176270098725,48.87958156283439,49.09910950623912,49.351688385009766,101701600.0
2018-08-07,49.45319034379685,48.80640269130763,49.4107024580885,48.88902282714844,102349600.0
2018-08-08,49.054255058737276,48.27764098003306,48.638802383434864,48.92206573486328,90102000.0
2018-08-09,49.51928179307227,48.9102635909459,49.46026844327579,49.30683517456055,93970400.0
2018-08-10,49.531886186769725,48.95626269114678,49.11971138267579,49.15998077392578,98444800.0
2018-08-13,49.970103770435536,49.20023963389439,49.581618627654095,49.47739028930664,103563600.0
2018-08-14,49.87773681133297,49.33290897978384,49.78298571650816,49.68586349487305,82992000.0
2018-08-15,49.92037395635234,49.34948907017642,49.56031331424059,49.80193328857422,115230400.0
2018-08-16,50.64758654419464,50.093285209412876,50.15961167949677,50.531517028808594,114001600.0
2018-08-17,51.628275259237334,50.49361549631433,50.55994196684519,51.54063034057617,141708000.0
2018-08-20,51.91964735679999,50.95554223843427,51.66381870520836,51.0384521484375,121150800.0
2018-08-21,51.44824651291401,50.699700789987496,51.35586295698155,50.93894958496094,104639200.0
2018-08-22,51.25163623938956,50.65469437430576,50.71628582322843,50.941322326660156,76072400.0
2018-08-23,51.41509322466389,50.834734691040765,50.84657586588272,51.04555892944336,75532800.0
2018-08-24,51.379551625424924,50.955535696231685,51.308490128285406,51.204261779785156,73905600.0
2018-08-27,51.81542130649859,51.2445364570589,51.43877726016409,51.62591552734375,82100400.0
2018-08-28,52.24179939784103,51.85805285520017,51.87937130434206,52.04281997680664,91107200.0
2018-08-29,52.940609306467366,51.97413305429266,52.14942292375327,52.81979751586914,109019200.0
2018-08-30,54.070526466879734,52.682401847046464,52.883752406159765,53.30540084838867,195175200.0
2018-08-31,54.21502568482457,53.53517746394279,53.65598563398304,53.921295166015625,173360400.0
2018-09-04,54.28846001358529,53.68441552995728,54.10606399684939,54.09421920776367,109560400.0
2018-09-05,54.40452118215833,53.321975651143546,54.24344365253671,53.74125289916992,133332000.0
2018-09-06,53.85495860116818,52.421826183564434,53.58964911882037,52.84821319580078,137160000.0
2018-09-07,53.38593806128113,52.28207393714789,52.552118477788824,52.42183303833008,150479200.0
2018-09-10,52.55211150907524,51.27768911221937,52.33891619608954,51.71828842163086,158066000.0
2018-09-11,53.13247858760648,51.299015945884626,51.642493122685174,53.025882720947266,142996000.0
2018-09-12,53.29829332034055,52.07598492604216,53.284081020445285,52.36735153198242,197114800.0
2018-09-13,54.09184782917725,52.722674165652904,52.947710684106966,53.63229751586914,166825600.0
2018-09-14,53.734150022199586,52.71082474673653,53.47595028807236,53.02350616455078,127997200.0
2018-09-17,52.812680543493926,51.46719661085651,52.62317479698291,51.6116943359375,148780400.0
2018-09-18,52.55211733723163,51.43166619672579,51.59037623243215,51.69697570800781,126286800.0
2018-09-19,52.023865730627165,51.00054047716211,51.75855985278835,51.72776412963867,108495200.0
2018-09-20,52.6539775175976,51.912537857553254,52.17074123356856,52.120994567871094,106435200.0
2018-09-21,52.43604179491919,51.47193322259395,52.29865021482136,51.5595817565918,384986800.0
2018-09-24,52.41236372372445,51.31560558291246,51.360613615609815,52.301029205322266,110773600.0
2018-09-25,52.78187716950789,52.042805277311224,52.05465006166284,52.63264083862305,98217600.0
2018-09-26,53.00218637259011,52.057028764651164,52.350762852927,52.21337127685547,95938800.0
2018-09-27,53.63940004203078,52.95244213031854,53.018772217071486,53.28644561767578,120724800.0
2018-09-28,53.497269181508,53.06614711716459,53.24854310635677,53.47358322143555,91717600.0
2018-10-01,54.34530550981975,53.618081823828625,53.99708972184782,53.833641052246094,94403200.0
2018-10-02,54.482696234962994,53.684407451123704,53.831272693023216,54.31214141845703,99152800.0
2018-10-03,55.30467388755188,54.430581367745326,54.49454032674915,54.97304153442383,114619200.0
2018-10-04,55.03937929696,53.708103744514275,54.66747386831033,54.00657653808594,128168000.0
2018-10-05,54.10605745821215,52.25127648462719,53.99946159836693,53.130104064941406,134322000.0
2018-10-08,53.250922595273806,52.16126705421183,52.63740083086662,53.006935119628906,118655600.0
2018-10-09,53.83600757646618,52.64686258167794,52.97612740442457,53.74125289916992,107564000.0
2018-10-10,53.618089896183506,51.178211501360096,53.40726565940441,51.251644134521484,167962400.0
2018-10-11,51.99544563029046,50.294639622092426,50.81577776199736,50.7991943359375,212497600.0
2018-10-12,52.79610046305243,51.365335518018185,52.21337092805712,52.61370086669922,161351600.0
2018-10-15,52.54737742537575,51.46719931244083,52.38866739351679,51.48851776123047,123164000.0
2018-10-16,52.822167261495906,51.346394023888315,51.86042605856927,52.62318420410156,116736000.0
2018-10-17,52.7392520002313,51.95754299454812,52.65871322646053,52.395774841308594,91541600.0
2018-10-18,52.05229548152065,50.45571430054784,51.60695750381726,51.17109680175781,130325200.0
2018-10-19,52.412364981377124,51.505108998224785,51.6543454019028,51.95044708251953,132314800.0
2018-10-22,52.909802639899496,51.862787820108274,52.06413473861343,52.267852783203125,115168400.0
2018-10-23,52.88374981323003,50.858413991095595,51.12609101465835,52.76057052612305,155071200.0
2018-10-24,53.11590490610076,50.82052401137417,52.729790757604945,50.950809478759766,163702000.0
2018-10-25,52.44078212582718,51.344020575796435,51.571428208874636,52.06650924682617,119423200.0
2018-10-26,52.15889100212485,50.37754271730806,51.142668259894265,51.237422943115234,189033600.0
2018-10-29,52.04044522779363,48.81885860636133,51.922004596336876,50.27568054199219,183742000.0
2018-10-30,50.9721173842347,49.57215162121228,50.017486015945025,50.52678298950195,146640000.0
2018-10-31,52.22048963772543,51.31323368989243,51.37482515035734,51.843849182128906,153435600.0
2018-11-01,52.67292611590215,51.35823417541894,51.888849589687624,52.63976287841797,233292800.0
2018-11-02,50.60968169125089,48.66251737032402,49.63847065677181,49.14812469482422,365314800.0
2018-11-05,48.41618685415698,46.94278432842705,48.39486839667612,47.7529182434082,264654800.0
2018-11-06,48.49433887492205,47.77658884210814,47.83107052774979,48.26930236816406,127531600.0
2018-11-07,49.75928004625563,48.35457582053014,48.79043649902817,49.73322296142578,133697600.0
2018-11-08,49.947168944767455,49.146094704463344,49.9138899930759,49.55970764160156,101450400.0
2018-11-09,48.97017910793809,48.07639914893464,48.86083555886795,48.60411071777344,137463200.0
2018-11-12,47.50590970224583,46.06539725338494,47.3038566025874,46.15572738647461,204542000.0
2018-11-13,46.871229325293164,45.50916444166148,45.55195373821801,45.694576263427734,187531600.0
2018-11-14,46.2294142942447,44.19701177480759,46.09154332793302,44.4038200378418,243204000.0
2018-11-15,45.632772481899075,44.427592041015245,44.7817780140005,45.499656677246094,185915200.0
2018-11-16,46.345889437901874,45.03612078314254,45.28333529590603,46.00358963012695,147713200.0
2018-11-19,45.330879086693024,43.97356950945979,45.1644843434858,44.18037414550781,167701200.0
2018-11-20,43.13685167759719,41.72011103790935,42.39995575767947,42.069541931152344,271300800.0
2018-11-21,42.85158172835993,41.96730851284689,42.72321749832553,42.02198028564453,124496800.0
2018-11-23,41.97920130450926,40.90951614402539,41.58460546368542,40.95467758178711,94496000.0
2018-11-26,41.58698512821086,40.47213479849216,41.41821459606718,41.508541107177734,179994000.0
2018-11-27,41.544190095580014,40.61950696824367,40.76926040452482,41.41820526123047,165549600.0
2018-11-28,43.09405601720492,41.582233893965245,42.01010876415271,43.010860443115234,184250000.0
2018-11-29,43.45298939568039,42.2406780858648,43.41971044659814,42.68043899536133,167080000.0
2018-11-30,42.86586368000539,42.081426927807165,42.85635333333405,42.44987487792969,158126000.0
2018-12-03,43.961675016479376,43.07502606102216,43.847576303897945,43.93315124511719,163210000.0
2018-12-04,43.355536810303946,41.900765855372065,43.01323690864135,42.00060272216797,165377200.0
2018-12-06,41.54657237465909,40.510166137236766,40.828693744644816,41.532310485839844,172393600.0
2018-12-07,41.47763851102162,40.00622653575494,41.23993069277843,40.0513916015625,169126400.0
2018-12-10,40.431721089169876,38.824817577209345,39.221789190120006,40.31524658203125,248104000.0
2018-12-11,40.83582109215089,39.697202333726885,40.80492154480871,40.08466720581055,189126800.0
2018-12-12,40.86671843974817,40.17736737351472,40.505401622091895,40.19638442993164,142510800.0
2018-12-13,41.02123948791272,40.30336086904943,40.52680679610269,40.63615036010742,127594400.0
2018-12-14,40.19162969185467,39.28833945155307,40.17261263523296,39.335880279541016,162814800.0
2018-12-17,40.018110405344245,38.68219007536979,39.3287555948616,38.969818115234375,177151600.0
2018-12-18,39.82319045162126,39.07678804833182,39.31212009387407,39.476139068603516,135366000.0
2018-12-19,39.80415889028995,37.816922111060805,39.45948340524884,38.24479675292969,196189200.0
2018-12-20,38.53481344553812,36.91602383048075,38.12833149216453,37.27971649169922,259092000.0
2018-12-21,37.59587154627308,35.56822403128292,37.28685063952054,35.8297004699707,382978400.0
2018-12-24,36.02463042466466,34.84559772804441,35.21642144549776,34.90264892578125,148676800.0
2018-12-26,37.37480037184857,34.876492432675754,35.252071232061816,37.360538482666016,234330000.0
2018-12-27,37.265446156461685,35.672804906741206,37.044376055892066,37.118064880371094,212468400.0
2018-12-28,37.68144941294603,36.73774895789092,37.43898639024977,37.1370964050293,169165600.0
2018-12-31,37.881129782975,37.19652989389635,37.68383179752151,37.49604415893555,140014000.0
2019-01-02,37.759888517261295,36.66167592649953,36.81856395762742,37.538818359375,148158800.0
2019-01-03,34.63877937995314,33.75450611274441,34.225166520409374,33.7996711730957,365248800.0
2019-01-04,35.311490997459316,34.18237905675144,34.35590471835777,35.2425537109375,234428400.0
2019-01-07,35.378062794844915,34.68157684830646,35.34715961100301,35.16412353515625,219111200.0
2019-01-08,36.088798847410885,35.304362405668385,35.55157691426575,35.834449768066406,164101200.0
2019-01-09,36.73298552202173,35.56821876942101,35.96281095519444,36.4429817199707,180396400.0
2019-01-10,36.59986575735891,35.86059444514393,36.25043504413987,36.55945587158203,143122800.0
2019-01-11,36.5356922830337,36.015111561582835,36.34077375101084,36.200523376464844,108092800.0
2019-01-14,35.95804442405429,35.470742918649535,35.858207626338896,35.65615463256836,129756800.0
2019-01-15,36.46200517390876,35.66806186445189,35.72035787905168,36.38594055175781,114843600.0
2019-01-16,37.053897907115854,36.369298192226466,36.388315253988246,36.83045196533203,122278800.0
2019-01-17,37.47701187238664,36.43109539692976,36.65454130482251,37.049137115478516,119284800.0
2019-01-18,37.52930962970912,37.077662621334206,37.43897950260748,37.277339935302734,135004000.0
2019-01-22,37.255952847568416,36.27897337256783,37.17988821650718,36.440616607666016,121576000.0
2019-01-23,36.87798212341248,36.060266840198814,36.64265013280645,36.58797836303711,92522400.0
2019-01-24,36.72109700768508,36.06978000885468,36.63314628936311,36.297977447509766,101766000.0
2019-01-25,37.588744014533056,36.683077673523904,36.95881602681458,37.500789642333984,134142000.0
2019-01-28,37.16085942867184,36.526180061507155,37.032495190246195,37.15372848510742,104768400.0
2019-01-29,37.58873727432573,36.633150859519866,37.14184542943609,36.76864242553711,166348800.0
2019-01-30,39.49515508169959,38.08792514275934,38.80580381546367,39.281219482421875,244439200.0
2019-01-31,40.17260280980273,39.11718000179582,39.485627676069484,39.56407165527344,162958400.0
2019-02-01,40.1678700686223,39.44286042612328,39.68770283999932,39.58311080932617,130672400.0
2019-02-04,40.80493103070049,39.76376947096352,39.794672652622886,40.70746994018555,125982000.0
2019-02-05,41.61788513494221,40.9689438085808,41.09017348977209,41.40394592285156,144406400.0
2019-02-06,41.73435704669742,41.08779158917797,41.51566269527601,41.41820526123047,112958400.0
2019-02-07,41.34689723690451,40.491147666218886,40.980825176670464,40.63377380371094,126966800.0
2019-02-08,40.74118891658765,40.206438623532,40.34251488968405,40.6815071105957,95280000.0
2019-02-11,40.872504955475414,40.40459781813627,40.83430771106207,40.447566986083984,83973600.0
2019-02-12,40.82236839461806,40.51202217536083,40.60751528119588,40.79610824584961,89134000.0
2019-02-13,41.17568331587446,40.5645420161693,40.91547143544663,40.626609802246094,89960800.0
2019-02-14,40.88444403969935,40.43563910542421,40.514419566871766,40.77463150024414,87342800.0
2019-02-15,40.989473368364685,40.52395589952944,40.882046820585664,40.683902740478516,98507200.0
2019-02-19,40.927405863712345,40.46188839172686,40.51440868525233,40.8056526184082,75891200.0
2019-02-20,41.37622047276301,40.819985385123545,40.86773012014925,41.068260192871094,104457600.0
2019-02-21,41.149425001369984,40.65526136696296,41.01335232972067,40.836692810058594,68998800.0
2019-02-22,41.299832732903184,40.91309558048721,40.960840323316646,41.29267120361328,75652800.0
2019-02-25,41.98496119159878,41.52660529889863,41.57673962525608,41.593448638916016,87493600.0
2019-02-26,41.84889440507273,41.34040411487695,41.469318890580624,41.61732864379883,68280800.0
2019-02-27,41.777266785802794,41.23535493382843,41.3499466311767,41.74623107910156,111341600.0
2019-02-28,41.75580242864179,41.280733682059456,41.614954163803986,41.33563995361328,112861600.0
2019-03-01,41.81308024446465,41.273557920974135,41.60538868343181,41.770111083984375,103544800.0
2019-03-04,42.4337783274615,41.53138940887495,41.94200066357132,41.98019790649414,109744800.0
2019-03-05,42.01600308218327,41.66745963565002,42.001680027599186,41.90380096435547,78949600.0
2019-03-06,41.89425498024918,41.524226938549475,41.698496846730684,41.662689208984375,83241600.0
2019-03-07,41.64359345799312,41.065873792169924,41.507517139799894,41.18046188354492,99185600.0
2019-03-08,41.31652899276633,40.46427091873069,40.66002902210845,41.2783317565918,95997600.0
2019-03-11,42.76082946689261,41.860830238999526,41.894251912678726,42.708309173583984,128044000.0
2019-03-12,43.60831100701947,42.82051026881575,42.970909618139764,43.18815231323242,129870400.0
2019-03-13,43.75872217247237,43.19054993732673,43.508057736808695,43.379146575927734,124130000.0
2019-03-14,43.94970167331341,43.58205955555263,43.9019532945051,43.86137008666992,94318000.0
2019-03-15,44.72077302340217,43.86374313063335,44.12873050513911,44.43191146850586,156171600.0
2019-03-18,44.97383360710313,44.35314120168987,44.35553080588926,44.88550567626953,104879200.0
2019-03-19,45.117067277020425,44.384172822489425,44.96428197260884,44.5297966003418,126585600.0
2019-03-20,45.2364339610808,44.10008976785335,44.45818069072299,44.91892623901367,124140800.0
2019-03-21,46.8693301940771,45.31282721306185,45.362961547719905,46.573307037353516,204136800.0
2019-03-22,47.19400944183324,45.54440261273044,46.63299872369865,45.60886001586914,169630800.0
2019-03-25,45.830858484229445,44.54650829883213,45.71865638029758,45.0573844909668,175381200.0
2019-03-26,46.045721333722135,44.064284077836106,45.75447374551605,44.59186935424805,199202000.0
2019-03-27,45.3008917993861,44.53457919508104,45.05977853422682,44.99293518066406,119393600.0
2019-03-28,45.25314234444775,44.768526260349205,45.107518558807506,45.0526123046875,83121600.0
2019-03-29,45.377284340493745,45.00964226896314,45.317602517178074,45.346248626708984,94256000.0
2019-04-01,45.7592613806373,44.9714639591986,45.749713888444326,45.65422439575195,111448000.0
2019-04-02,46.42291933375251,45.608858244230724,45.61840573488142,46.31787872314453,91062800.0
2019-04-03,46.90992240513501,46.11018435743706,46.13405854856153,46.6353874206543,93087200.0
2019-04-04,46.87887026175252,46.10778224208354,46.50168075880864,46.71653747558594,76457200.0
2019-04-05,47.05315580507173,46.773841637621636,46.897980862856144,47.02928161621094,74106400.0
2019-04-08,47.80038022556947,46.87173090294026,46.89082952964332,47.76934814453125,103526800.0
2019-04-09,48.42583270446762,47.56163742923543,47.821852946309676,47.626094818115234,143072800.0
2019-04-10,47.92212051778951,47.310975557121054,47.43033920962285,47.893470764160156,86781200.0
2019-04-11,47.984184604276585,47.373043333440464,47.948376968364045,47.49479293823242,83603200.0
2019-04-12,47.77888125198127,46.8406847198041,47.55447700914382,47.4756965637207,111042800.0
2019-04-15,47.70965127808389,47.27039028762013,47.40646659401936,47.56163787841797,70146400.0
2019-04-16,48.07250687229438,47.40168385882599,47.61654057706165,47.56640625,102785600.0
2019-04-17,48.552365242777874,47.4136348657205,47.63564953276536,48.49268341064453,115627200.0
2019-04-18,48.73618718413793,48.347064079559786,48.4902983043533,48.66695785522461,96783200.0
2019-04-22,48.92477573931631,48.30408327313111,48.42106096698539,48.82689666748047,77758000.0
2019-04-23,49.59559294531774,48.676491450506916,48.80301661883193,49.53113555908203,93292000.0
2019-04-24,49.7698605357806,49.428482286071535,49.50248715739649,49.454742431640625,70162400.0
2019-04-25,49.597986024015086,48.9677460534086,49.37597136789553,49.005943298339844,74172800.0
2019-04-26,48.93909629580391,48.25156050901197,48.91522210882772,48.77198791503906,74596400.0
2019-04-29,49.17066231598747,48.66694756683353,48.795858706164374,48.84599304199219,88818800.0
2019-04-30,48.55711986250299,47.532981590846504,48.475953473972176,47.9053955078125,186139600.0
2019-05-01,51.40036458672304,49.9489024421512,50.10407734319902,50.25686264038086,259309200.0
2019-05-02,50.765358935797714,49.68631416151659,50.09453580499543,49.929813385009766,127985200.0
2019-05-03,50.57198735857998,50.18763628266637,50.34519716556769,50.55050277709961,83569600.0
2019-05-06,49.85580891786009,48.581005998340764,48.76959896429785,49.769866943359375,129772400.0
2019-05-07,49.51681471565359,47.943602727798975,49.149176286929475,48.428218841552734,155054800.0
2019-05-08,49.02026221541199,48.163232094761824,48.19903973218028,48.437767028808594,105358000.0
2019-05-09,48.14652313682094,46.94811463835433,47.840952465060795,47.9173469543457,139634400.0
2019-05-10,47.65374175144033,46.196689560280035,47.31104511214,47.2535285949707,164834800.0
2019-05-13,45.40824941119822,43.819394496538976,44.98407744370745,44.507179260253906,229722400.0
2019-05-14,45.46095415453445,44.432871965596114,44.67251853853168,45.21172332763672,146118800.0
2019-05-15,45.95224884917704,44.57907445764329,44.6389861249825,45.75334167480469,106178800.0
2019-05-16,46.12478777769744,45.25486932916094,45.51129298187126,45.552032470703125,132125600.0
2019-05-17,45.74854387618077,44.75640689461861,44.79714638618235,45.293216705322266,131516400.0
2019-05-20,44.17886448911291,43.20350079997155,43.979957316854446,43.87690734863281,154449200.0
2019-05-21,45.05356717931072,44.26273255598997,44.387349829515756,44.71806335449219,113459200.0
2019-05-22,44.50477885718109,43.74749460169806,44.253149155342534,43.8026123046875,118994400.0
2019-05-23,43.265802939260645,42.611568633482584,43.08846676529334,43.05491638183594,146118800.0
2019-05-24,43.64924013152873,42.805682910338874,43.18432505134615,42.88956069946289,94858800.0
2019-05-28,43.27778931506044,42.63553802351406,42.87757983293096,42.712223052978516,111792800.0
2019-05-29,42.98062234841405,42.17780471640916,42.27845585703999,42.50851821899414,113924800.0
2019-05-30,42.9518658949195,42.33837108685627,42.64511849088788,42.72899627685547,84873600.0
2019-05-31,42.65470469718947,41.935764812126756,42.23292429098691,41.95493698120117,108174400.0
2019-06-03,42.637920146638415,40.80462522623916,42.081941968554716,41.53075408935547,161584400.0
2019-06-04,43.09566239050077,41.82313911991477,42.04361362408563,43.05012893676758,123872000.0
2019-06-05,44.33223146910396,43.40959047948128,44.16208075258354,43.745094299316406,119093600.0
2019-06-06,44.4472560114527,43.651627529605385,43.87450077319446,44.38734436035156,90105200.0
2019-06-07,45.99297355745612,44.519148477432275,44.69648461544341,45.56879806518555,122737600.0
2019-06-10,46.8197661273768,45.921091165173166,45.96662461499967,46.151153564453125,104883600.0
2019-06-11,46.9707383872319,46.395587951299646,46.697541381656485,46.6855583190918,107731600.0
2019-06-12,46.96355423391582,46.34526543888805,46.47946697764428,46.536983489990234,73012800.0
2019-06-13,47.16005645303748,46.39558681154533,46.659195897906244,46.52738952636719,86698400.0
2019-06-14,46.393192538300454,45.604756695226875,45.90431499766962,46.18949508666992,75046000.0
2019-06-17,46.7215115562083,46.05289536835188,46.22783639546343,46.465087890625,58676400.0
2019-06-18,47.998825541831906,46.78142378732344,46.98272609412711,47.55787658691406,106204000.0
2019-06-19,47.9005725592601,47.284678926559096,47.852640304899516,47.418880462646484,84496800.0
2019-06-20,48.07551129426495,47.457222541008775,48.0179947858048,47.79991912841797,86056000.0
2019-06-21,48.13304094202168,47.4859919295461,47.641764477879214,47.63697052001953,191202400.0
2019-06-24,47.967673357520425,47.49077521738597,47.57944330591722,47.58903121948242,72881600.0
2019-06-25,47.75196844594866,46.80057138558746,47.55306137810147,46.86767578125,84281200.0
2019-06-26,48.16657348373054,47.294259969175215,47.39491110661809,47.88139343261719,104270000.0
2019-06-27,48.30557342924731,47.8262801646343,47.99882237571496,47.86701965332031,83598800.0
2019-06-28,47.80949686547988,47.222363424791055,47.612984897575586,47.43085479736328,124442400.0
2019-07-01,49.00533908963892,48.08509328129439,48.68900379311359,48.300777435302734,109012000.0
2019-07-02,48.679417968727066,48.25524243722315,48.2672254992904,48.58355712890625,67740800.0
2019-07-03,48.9933646445024,48.57398298189236,48.71537363624573,48.986175537109375,45448000.0
2019-07-05,49.14673241375876,48.62430084723059,48.732144758506294,48.943031311035156,69062000.0
2019-07-08,48.264837724616385,47.54829652385314,48.123447067370165,47.93412780761719,101354400.0
2019-07-09,48.29119197920028,47.64414679769493,47.73760883883773,48.22649002075195,82312000.0
2019-07-10,48.82321154048537,48.303178742828166,48.37267831988703,48.70338821411133,71588400.0
2019-07-11,48.98137221844201,48.33912103596176,48.72255343160577,48.34870529174805,80767200.0
2019-07-12,48.887917178326454,48.45655247188003,48.51646413508877,48.72016525268555,70380800.0
2019-07-15,49.33605478787525,48.88791672141196,48.909484042353284,49.17789077758789,67789600.0
2019-07-16,49.393567429544646,48.768089574240236,49.02930352530581,49.00773620605469,67467200.0
2019-07-17,49.149130043019106,48.71297504619667,48.89989913865166,48.732147216796875,56430000.0
2019-07-18,49.33845100749355,48.816019435097935,48.88791415785004,49.285728454589844,74162400.0
2019-07-19,49.487041562218636,48.49490441033925,49.31689080309709,48.55002212524414,83717200.0
2019-07-22,49.66197156596754,48.79445191010135,48.804036166626496,49.659576416015625,89111600.0
2019-07-23,50.064586622926434,49.67635653161258,49.956746352951804,50.04780960083008,73420800.0
2019-07-24,50.12209036122868,49.64759106566724,49.76741437865772,50.00706100463867,59966400.0
2019-07-25,50.14366439422553,49.542148986036345,50.05978660733076,49.61164855957031,55638400.0
2019-07-26,50.26108942568483,49.640405497764334,49.72188447879348,49.78419494628906,70475600.0
2019-07-29,50.47916591954553,49.95194406569725,49.95673802217077,50.24910354614258,86693600.0
2019-07-30,50.36413790530998,49.681143529942474,50.028630420839946,50.033424377441406,135742800.0
2019-07-31,53.05057041741711,50.63733088652627,51.86432039500686,51.05431365966797,277125600.0
2019-08-01,52.250159983136925,49.54455085268824,51.26041812620774,49.94955062866211,216071600.0
2019-08-02,49.470253439827765,48.31995250948189,49.25457292956728,48.89270782470703,163448400.0
2019-08-05,47.6058016786869,46.151148533272625,47.44763768168687,46.33327865600586,209572000.0
2019-08-06,47.46681951501449,46.50104003344121,47.04503901922829,47.21039581298828,143299200.0
2019-08-07,47.823889449526476,46.44831988764817,46.82935721987256,47.69927215576172,133457600.0
2019-08-08,48.775286014725964,47.78314895610071,47.977262171983355,48.751319885253906,108038000.0
2019-08-09,48.7753700310641,47.940636364989096,48.42415862155094,48.349586486816406,98478800.0
2019-08-12,48.604586228476926,47.906968099687525,48.020030284860084,48.22690963745117,89927600.0
2019-08-13,51.031795643671664,48.22689828437496,48.356801205981334,50.269229888916016,188874000.0
2019-08-14,49.66062099046996,48.73447445076552,48.87159379466716,48.77296447753906,146189600.0
2019-08-15,49.34790322459332,48.03205506391868,48.94376889570016,48.53001022338867,108909600.0
2019-08-16,49.83382507339097,49.03517349339124,49.141019237305535,49.67505645751953,110481600.0
2019-08-19,51.17372364887826,50.5242200506216,50.66614789415775,50.601200103759766,97654400.0
2019-08-20,51.32287444811057,50.59398650586073,50.728697935758746,50.603607177734375,107537200.0
2019-08-21,51.395041975423894,50.90190267433042,51.23627702030587,51.15208053588867,86141600.0
2019-08-22,51.585082094265125,50.69742551573104,51.2843856202691,51.10877990722656,89014800.0
2019-08-23,51.01014164863292,48.35198454994893,50.37987945350891,48.746498107910156,187272000.0
2019-08-26,49.84104248936947,49.32865452365744,49.52110100092201,49.67265319824219,104174400.0
2019-08-27,50.16819791599971,48.96059990979167,50.00221288345861,49.112152099609375,103493200.0
2019-08-28,49.487433145102614,48.91009726722895,49.09773161106849,49.44172668457031,63755200.0
2019-08-29,50.35342635813325,49.713543433301666,50.15616772556869,50.27885055541992,83962000.0
2019-08-30,50.625259888422256,49.843449021122325,50.55549991840913,50.21390914916992,84573600.0
2019-09-03,49.790537030742364,49.12660036278457,49.65822981322933,49.48262405395508,80092000.0
2019-09-04,50.391918783022454,49.87231804590024,50.129712328692484,50.32215881347656,76752400.0
2019-09-05,51.472007645383236,50.88023551068451,50.99810982178668,51.30602264404297,95654800.0
2019-09-06,51.58026329846532,51.120798264261694,51.491258328188984,51.30121612548828,77449200.0
2019-09-09,52.06618441164169,50.77439383269457,51.68129154569401,51.520118713378906,109237600.0
2019-09-10,52.14798341754074,50.92836046503641,51.445556916245124,52.12873840332031,127111600.0
2019-09-11,53.81503649603039,52.376502233736424,52.458294446580055,53.78616714477539,177158400.0
2019-09-12,54.46694543066619,53.61056262735679,54.077244051108906,53.665889739990234,128906800.0
2019-09-13,53.11260687614232,52.205709143005315,52.922568359375,52.62187194824219,159053200.0
2019-09-16,52.953852216544,52.33561851362574,52.37651279298673,52.898521423339844,84632400.0
2019-09-17,53.11983080987123,52.71088072465714,52.91295151722097,53.09096145629883,73274800.0
2019-09-18,53.60816179083854,52.787861036882994,53.177562441253684,53.58891677856445,101360000.0
2019-09-19,53.82706815074794,53.01157953501138,53.40609312582707,53.15351104736328,88242400.0
2019-09-20,53.53839827071438,52.313963268360816,53.254542597972154,52.37650680541992,221652400.0
2019-09-23,52.88407734574111,52.35725665602148,52.66998165185523,52.614654541015625,76662000.0
2019-09-24,53.52156984690006,52.24661602191957,53.170354738877656,52.36448669433594,124763200.0
2019-09-25,53.2834074578566,52.23457816197458,52.573764616354914,53.170345306396484,87613600.0
2019-09-26,53.14870393718803,52.641128140556994,52.92257960068729,52.8961181640625,75334000.0
2019-09-27,53.153513660739534,52.26826137037772,53.05247641965326,52.63872146606445,101408000.0
2019-09-30,54.0243263762996,53.11261270219493,53.139074136101655,53.877586364746094,103909600.0
2019-10-01,54.899945462491516,53.93290482566469,54.1421920131918,54.0267219543457,139223200.0
2019-10-02,53.783762732923655,52.424612767106524,53.65867199949,52.67238998413086,138449200.0
2019-10-03,53.15350893903849,51.75106032831382,52.544895978759946,53.11983108520508,114426000.0
2019-10-04,54.72434916797866,53.85834193135936,54.27931695765273,54.60887908935547,138478800.0
2019-10-07,55.311308550510645,54.327430602345274,54.43087209456384,54.62091064453125,122306000.0
2019-10-08,54.86146578985083,53.96418860317499,54.32262009604962,53.98102569580078,111820000.0
2019-10-09,54.79651153502603,54.27931513122723,54.61368942260742,54.61368942260742,74770400.0
2019-10-10,55.433988949262805,54.67863966258363,54.830188167557914,55.34979248046875,113013600.0
2019-10-11,57.165997351667045,55.883827383054744,56.0377838024609,56.82200241088867,166795600.0
2019-10-14,57.283876824130715,56.45154744797599,56.506874566173074,56.74021530151367,96427600.0
2019-10-15,57.16841664159402,56.50207584591443,56.86531589350693,56.6079216003418,87360000.0
2019-10-16,56.58866266457872,56.09792404578203,56.13881831891331,56.37937545776367,73903200.0
2019-10-17,56.80757687751156,56.174913986911356,56.552586852713226,56.59829330444336,67585200.0
2019-10-18,57.15157244845404,56.36013730971351,56.432305194279344,56.870121002197266,97433600.0
2019-10-21,57.97186196777041,57.0890177733123,57.137128463437165,57.85639190673828,87247200.0
2019-10-22,58.26295159984093,57.642313599410386,58.01277373337686,57.72410583496094,82293600.0
2019-10-23,58.5131204412516,58.02719398747313,58.23888544666587,58.49868392944336,75828800.0
2019-10-24,58.88839351156194,58.16912628162669,58.818629879608615,58.594913482666016,69275200.0
2019-10-25,59.35267528091994,58.426532288991595,58.493888009473245,59.316593170166016,73477200.0
2019-10-28,59.95887730359158,59.35026792992619,59.51865722233358,59.9107666015625,96572800.0
2019-10-29,60.07915117989535,58.351952519479724,59.89151688727669,58.525150299072266,142839600.0
2019-10-30,59.00867154935717,58.024793654786826,58.87876862858786,58.5179328918457,124522000.0
2019-10-31,59.93962128082073,57.074584903222856,59.47534776911709,59.84099197387695,139162000.0
2019-11-01,61.565794923188214,59.93722552071114,60.02863474954351,61.539337158203125,151125200.0
2019-11-04,62.027666477233765,61.43348998590327,61.90257205302393,61.9434700012207,103272000.0
2019-11-05,62.109455494173645,61.65961476677508,61.8352168001874,61.85446548461914,79897600.0
2019-11-06,61.94105969910756,61.43107970339588,61.7678582532789,61.88092041015625,75864400.0
2019-11-07,62.81707681785857,62.27660609632884,62.42861325665717,62.595096588134766,94940400.0
2019-11-08,62.83880696047028,61.97261480584435,62.41656801426399,62.76642608642578,69986400.0
2019-11-11,63.328612491580756,62.31765108754787,62.322474025388495,63.26346969604492,81821200.0
2019-11-12,63.40580569755852,62.95461446805824,63.10661428120815,63.20553970336914,87388800.0
2019-11-13,63.88596088282233,62.99081634748193,63.005292522793724,63.81116485595703,102734400.0
2019-11-14,63.91008089634329,63.23932454025214,63.63743402929962,63.3696174621582,89182800.0
2019-11-15,64.12725183226068,63.45891040751774,63.62056351535216,64.12242889404297,100206400.0
2019-11-18,64.52535108245131,63.75326138561724,64.132064464607,64.44573211669922,86703200.0
2019-11-19,64.66287560634905,64.03313994171292,64.63874619503746,64.25028991699219,76167200.0
2019-11-20,64.19959747489756,62.8291327205088,64.0693119451689,63.50230407714844,106234400.0
2019-11-21,63.70017582792511,63.01735101238453,63.62296465385995,63.21761703491211,121395200.0
2019-11-22,63.49991434036952,62.93532139581433,63.35756036985573,63.16212463378906,65325200.0
2019-11-25,64.28648361025664,63.340665127052524,63.386508801889065,64.26959228515625,84020400.0
2019-11-26,64.4601859451166,63.33582339665518,64.4071041985966,63.76771545410156,105207600.0
2019-11-27,64.65805022533677,64.01383104765496,64.0789738287976,64.624267578125,65235600.0
2019-11-29,64.66287788127046,64.15618967895124,64.3250882008119,64.48191833496094,46617600.0
2019-12-02,64.7231903726839,63.56505235325846,64.48673394161051,63.736358642578125,94487200.0
2019-12-03,62.619240365203154,61.83749749069341,62.32487921217893,62.59994125366211,114430400.0
2019-12-04,63.531264720884785,62.89669885564452,62.99080133600854,63.1524543762207,67181600.0
2019-12-05,64.15378288001588,63.39133909623157,63.64709466989342,64.0789794921875,74424400.0
2019-12-06,65.38669975339957,64.49396326902664,64.53739914538396,65.31672668457031,106075600.0
2019-12-09,65.33842485985353,63.91729375605857,65.14540438475791,64.40226745605469,128042400.0
2019-12-10,65.16233517909905,64.1465435122952,64.80765413470544,64.77870178222656,90420400.0
2019-12-11,65.41084122340847,64.78351336435996,64.85830938290775,65.33121490478516,78756800.0
2019-12-12,65.76311236364234,64.49881066987119,64.60979713163219,65.4977035522461,137310400.0
2019-12-13,66.42419854558163,65.36980902077869,65.49768677488672,66.38800811767578,133587600.0
2019-12-16,67.74882469281124,66.82955104053698,66.8343739763318,67.52442932128906,128186000.0
2019-12-17,67.98527135062471,67.2686714756416,67.45446126454198,67.65713500976562,114158400.0
2019-12-18,68.01666305761623,67.34590660367515,67.50997483252102,67.49549865722656,116028400.0
2019-12-19,67.84292661971328,67.30487837572159,67.43757907439164,67.56304168701172,98369200.0
2019-12-20,68.19762343192532,67.21079153341988,68.09629020364594,67.4231185913086,275978000.0
2019-12-23,68.58366579405019,67.64750059383174,67.68610617936537,68.52334594726562,98572000.0
2019-12-24,68.73808511636746,68.26276445005648,68.68982629575491,68.58848571777344,48478800.0
2019-12-26,69.96620925880787,68.6922542085201,68.72120656096197,69.9493179321289,93121200.0
2019-12-27,70.9289137228552,69.51742759681707,70.24126588060444,69.92277526855469,146266000.0
2019-12-30,70.62006103458498,68.81770380429288,69.84072600060978,70.33776092529297,144114400.0
2019-12-31,70.8589226567842,69.85519960755771,69.9541250315122,70.8516845703125,100805600.0
2020-01-02,72.52858156247073,71.22325926076245,71.4765996590847,72.46826171875,135480400.0
2020-01-03,72.52375386627762,71.53933722124737,71.69616734789946,71.76372528076172,146322800.0
2020-01-06,72.37418451551846,70.63456167650634,70.8854943757732,72.33557891845703,118387200.0
2020-01-07,72.60095990158051,71.77578859164102,72.34520436217124,71.99535369873047,108872000.0
2020-01-08,73.45508735263148,71.6985739444987,71.6985739444987,73.15348815917969,132079200.0
2020-01-09,74.90035698659045,73.87974991049977,74.13067516689924,74.70733642578125,170108400.0
2020-01-10,75.44082088635776,74.3743628731269,74.94137084294664,74.876220703125,140644800.0
2020-01-13,76.5024661955154,75.07408881301154,75.19232073386635,76.47592163085938,121532000.0
2020-01-14,76.62309704687446,75.3201898237738,76.41318515734736,75.4432373046875,161954400.0
2020-01-15,76.12364962606802,74.68803427101611,75.24298130114484,75.11992645263672,121923600.0
2020-01-16,76.17189926714461,75.3008769215495,75.66279597280943,76.06090545654297,108829200.0
2020-01-17,76.90536951718424,76.00298720000536,76.309409291276,76.90296173095703,137816400.0
2020-01-21,76.97295847341564,76.24429727052916,76.53142037146344,76.38182830810547,110843200.0
2020-01-22,77.20696616699412,76.56033936565174,76.86676144697746,76.6544418334961,101832400.0
2020-01-23,77.1032395625604,76.15983628507468,76.70754520066748,77.02362060546875,104472000.0
2020-01-24,78.01287877901022,76.61104580938674,77.26974133713415,76.8016586303711,146537600.0
2020-01-27,75.22368393993314,73.56127252486844,74.81109818347939,74.54328155517578,161940000.0
2020-01-28,76.82335250031947,75.32500962430629,75.42393505290065,76.65204620361328,162234000.0
2020-01-29,79.1034389225781,77.54236118317645,78.28309057876027,78.25654602050781,216229200.0
2020-01-30,78.19623972141919,76.9078086113338,77.33970079826872,78.14315795898438,126743200.0
2020-01-31,77.85602816826189,74.38402173692818,77.43378925544725,74.67838287353516,199588400.0
2020-02-03,75.63867332859459,72.91945726436026,73.42131515382538,74.47329711914062,173788400.0
2020-02-04,77.12254331082424,75.67245190422207,76.07779948888638,76.93193054199219,136616400.0
2020-02-05,78.35789935199301,76.95606664401838,78.0587078925949,77.55926513671875,118826800.0
2020-02-06,78.4688763315637,77.27213272836197,77.82948747921107,78.46646118164062,105425600.0
2020-02-07,78.2149347676415,76.90893545307632,77.96582750464246,77.39989471435547,117684000.0
2020-02-10,77.76753234863281,75.90527578557558,75.98508372340018,77.76753234863281,109348800.0
2020-02-11,78.33587187126635,77.08065923180118,78.26331921379253,77.29832458496094,94323200.0
2020-02-12,79.13881418044723,77.74816513747918,77.74816513747918,79.13397979736328,113730400.0
2020-02-13,78.89694380995043,78.20282989097468,78.4059846442796,78.57044219970703,94747600.0
2020-02-14,78.8389051991665,78.08190737748309,78.53900374750255,78.58979797363281,80113600.0
2020-02-18,77.3321687046637,76.08904601525819,76.2704349958008,77.1507797241211,152531200.0
2020-02-19,78.49788974785425,77.39262455702266,77.39262455702266,78.26812744140625,93984000.0
2020-02-20,78.51723694017812,76.95970973520781,78.02869864051748,77.46517944335938,100566000.0
2020-02-21,77.50146427081181,75.09503429364842,77.05887104659352,75.71175384521484,129554000.0
2020-02-24,73.56653705998549,69.95085421270655,71.89292541072396,72.11542510986328,222195200.0
2020-02-25,73.16750228692123,69.20113004030677,72.78537928554614,69.67273712158203,230673600.0
2020-02-26,72.04288097148186,69.29060380017634,69.29785906555418,70.77799224853516,198054800.0
2020-02-27,69.16965936503753,66.01590779451507,67.98458625765787,66.1513442993164,320605600.0
2020-02-28,67.33401260273769,62.0035927413547,62.21884455259078,66.11265563964844,426510000.0
2020-03-02,72.90387135222704,67.16714131154524,68.26998589980724,72.2677993774414,341397200.0
2020-03-03,73.52300347304629,69.12129439177312,73.44319556548463,69.97261810302734,319475600.0
2020-03-04,73.37789254779408,70.89407525882817,71.69460475808327,73.21826934814453,219178400.0
2020-03-05,72.44677262458974,70.4781009386349,71.47210923904862,70.84329986572266,187572800.0
2020-03-06,70.33539821217181,68.01603849038064,68.2022618674925,69.90248107910156,226176800.0
2020-03-09,67.2566283985615,63.60708224588359,63.788471263695044,64.3737564086914,286744800.0
2020-03-10,69.27608658534605,65.14767122671621,67.02686596637837,69.01004791259766,285290000.0
2020-03-11,68.0136294855381,65.74989060302927,67.08733944027128,66.6133041381836,255598800.0
2020-03-12,65.30004285714023,59.9792986243362,61.8996041788163,60.0349235534668,418474000.0
2020-03-13,67.69922212839465,61.176469024415624,64.06418648557232,67.22760772705078,370732000.0
2020-03-16,62.65900596438449,58.044473563602175,58.51608417323279,58.5789680480957,322423600.0
2020-03-17,62.30348685183075,57.6575122464136,59.860783996429895,61.154693603515625,324056000.0
2020-03-18,60.46300623570861,57.347950973526814,57.98886105384675,59.65763854980469,300233600.0
2020-03-19,61.149861434253346,58.67571640074359,59.83176871542281,59.20053482055664,271857200.0
2020-03-20,60.90559811822868,55.14226370959631,59.78098394677199,55.442161560058594,401693200.0
2020-03-23,55.26318175410043,51.42015363881515,55.16160435739665,54.26433181762695,336752800.0
2020-03-24,59.904323146252956,56.66592497733461,57.16413951249609,59.70842361450195,287531200.0
2020-03-25,62.45828816535252,59.08445300833761,60.64439789917577,59.379512786865234,303602000.0
2020-03-26,62.56227261652978,59.582657941818766,59.62135514690596,62.50423049926758,252087200.0
2020-03-27,61.882670430565696,59.74953769675213,61.12809336695391,59.91641616821289,204216800.0
2020-03-30,61.79802498746447,60.31788821611853,60.6419727055928,61.62630844116211,167976400.0
2020-03-31,63.483727291886396,60.946702246706586,61.81737089780695,61.50054168701172,197002000.0
2020-04-01,60.15343586559381,57.83407583491139,59.6165240756465,58.26457214355469,176218400.0
2020-04-02,59.290012694130326,57.29473381628088,58.12670523580675,59.2368049621582,165934000.0
2020-04-03,59.423041606914005,57.795378517377415,58.721672212892855,58.385498046875,129880000.0
2020-04-06,63.63368236649505,60.31305880719071,60.68067122588063,63.47890090942383,201820400.0
2020-04-07,65.71118861311454,62.639665388856514,65.49351591759843,62.74365997314453,202887200.0
2020-04-08,64.66396058058191,63.17899331030437,63.54418476916798,64.34955596923828,168895200.0
2020-04-09,65.31697539124775,64.0182312530311,64.98563931197687,64.81391906738281,161834800.0
2020-04-13,66.19488828158737,64.29150704508059,64.89130259807796,66.08605194091797,131022800.0
2020-04-14,69.71385518039764,67.24696125554331,67.71857571729868,69.42362976074219,194994800.0
2020-04-15,69.24947241325025,67.87092059097999,68.29899592755704,68.78995513916016,131154400.0
2020-04-16,69.70174671960459,68.28691109689659,69.50342631571836,69.3365478515625,157125200.0
2020-04-17,69.39944379426973,66.95915028721262,68.85285583806908,68.395751953125,215250000.0
2020-04-20,68.12487900696708,66.95673693299449,67.22277564592211,66.97608184814453,130015200.0
2020-04-21,67.05345402031033,64.19476216229687,66.81885733049225,64.90580749511719,180991600.0
2020-04-22,67.21067553657838,65.8321234375921,66.1731282940646,66.77534484863281,116862400.0
2020-04-23,68.14183279733668,66.477889079965,66.71974119282156,66.51658630371094,124814400.0
2020-04-24,68.44652764676574,66.99299496104605,67.04136830681426,68.43685150146484,126161200.0
2020-04-27,68.81656552903699,67.7064658092128,68.1538860746012,68.4852294921875,117087600.0
2020-04-28,69.12854111634766,67.28321689774812,68.9471521499239,67.37511444091797,112004800.0
2020-04-29,70.05727484881541,68.65937052894684,68.86252533126566,69.58808135986328,137280800.0
2020-04-30,71.2326764610738,69.7380327214539,70.12741093803704,71.05612182617188,183064000.0
2020-05-01,72.31375937660403,69.13340655240944,69.23014589148127,69.91217041015625,240616800.0
2020-05-04,71.02952558414289,69.24707724616884,69.93635703016494,70.9013442993164,133568000.0
2020-05-05,72.79743298409119,71.21571925065486,71.36083188889647,71.96546173095703,147751200.0
2020-05-06,73.33920755337681,72.28231535832381,72.66685920210755,72.70797729492188,142333600.0
2020-05-07,73.80599810613609,73.03206854392603,73.33438362592382,73.46014404296875,115215200.0
2020-05-08,75.26195467448645,73.79236468701193,74.11975020715006,75.20860290527344,133838400.0
2020-05-11,76.8867601253796,74.50776956187678,74.71632920982042,76.39205169677734,145946400.0
2020-05-12,77.52696763422976,75.39775910098548,77.07590132316346,75.51901245117188,162301200.0
2020-05-13,76.61997192440934,73.53043245735147,75.69844229941425,74.60716247558594,200622400.0
2020-05-14,75.12614027584165,73.12303289595279,73.84570540703209,75.06551361083984,158929200.0
2020-05-15,74.6678114842192,72.80293436830361,72.83688885866347,74.62173461914062,166348400.0
2020-05-18,76.7533757455592,75.2546860142826,75.9458316362108,76.37991333007812,135178400.0
2020-05-19,77.24322494712233,75.90701817457786,76.39687900327164,75.93854522705078,101729600.0
2020-05-20,77.48573451404336,76.75821444789756,76.79701640617802,77.41541290283203,111504800.0
2020-05-21,77.81795516457375,76.60056715941539,77.27716272159071,76.83822631835938,102688800.0
2020-05-22,77.41540578523484,76.47447873541405,76.57632739090906,77.33295440673828,81803200.0
2020-05-26,78.6303710026143,76.75337148985957,78.45091841064635,76.80915069580078,125522000.0
2020-05-27,77.28928903323622,75.92640290282476,76.66605259401979,77.14378356933594,112945200.0
2020-05-28,78.43637538186252,76.54239845998111,76.81885227689466,77.17776489257812,133560800.0
2020-05-29,77.88100619527637,76.74607689275909,77.42024505800298,77.1025619506836,153532400.0
2020-06-01,78.1720345974753,76.92554663308496,77.05650232055906,78.05078125,80791200.0
2020-06-02,78.43636152325215,77.34265402331467,77.78401795906733,78.412109375,87642800.0
2020-06-03,79.1056842545279,78.15990225471617,78.73222188437157,78.8437728881836,104491200.0
2020-06-04,78.965033585586,77.79130199936047,78.6667550692759,78.16476440429688,87560400.0
2020-06-05,80.45161026599361,78.38545552417453,78.41455514859591,80.39098358154297,137250400.0
2020-06-08,80.90024172394006,79.3772998475136,80.08784274734353,80.86628723144531,95654400.0
2020-06-09,83.8127127665815,80.5146285221196,80.54615556810563,83.41985321044922,147712400.0
2020-06-10,86.0340914097843,83.92913522287401,84.36807171758845,85.56605529785156,166651600.0
2020-06-11,85.13439472060976,81.35614389223483,84.71000802945393,81.45799255371094,201662400.0
2020-06-12,84.34384618919259,81.05060772196103,83.59692864222997,82.16128540039062,200146000.0
2020-06-15,83.82971944873768,80.65288000271148,80.81536275804567,83.17737579345703,138808800.0
2020-06-16,85.653358069437,83.59689886122223,85.23139143477016,85.38174438476562,165428800.0
2020-06-17,86.18687406891311,85.14167085225792,86.12624739787411,85.26292419433594,114406400.0
2020-06-18,85.71399444147255,84.6881884557675,85.21927871070163,85.29688262939453,96820400.0
2020-06-19,86.4681854978016,83.70118325430472,86.0025767936151,84.80944061279297,264476000.0
2020-06-22,87.1714364918586,85.1562068650672,85.20228371964926,87.02835845947266,135445200.0
2020-06-23,90.30463659467983,87.85289026819137,88.27242947914962,88.88597106933594,212155600.0
2020-06-24,89.43404157028371,86.94349320290961,88.51493917080266,87.31695556640625,192623200.0
2020-06-25,88.51494484309887,86.71312185164297,87.47216900112456,88.47614288330078,137522400.0
2020-06-26,88.59254854021978,85.60971171941675,88.37186655732566,85.75764465332031,205256800.0
2020-06-29,87.82865862307958,85.1877569926391,85.66549550848868,87.73407745361328,130646000.0
2020-06-30,88.75260181460118,87.302409131984,87.32180641103123,88.46643829345703,140223200.0
2020-07-01,89.087249484998,88.25060588813794,88.5440368956825,88.29910278320312,110737200.0
2020-07-02,89.84144910031887,88.18513174947753,89.20608278944812,88.29910278320312,114041600.0
2020-07-06,91.12917664404557,89.69596101404703,89.72748807234947,90.66114044189453,118655600.0
2020-07-07,91.81790022041915,90.26828600853445,91.03945566141076,90.37983703613281,112424400.0
2020-07-08,92.51630641314865,91.26981841791165,91.35712467862727,92.48477935791016,117092000.0
2020-07-09,93.43055216626935,91.83486136183558,93.37720039708492,92.88249206542969,125642800.0
2020-07-10,93.10315902275178,91.86637359176252,92.47748770321701,93.04495239257812,90257200.0
2020-07-13,96.95902596441493,92.40232321566707,94.34965162813619,92.61573028564453,191649200.0
2020-07-14,94.33995142456507,91.0636910214966,91.99733587271359,94.14837646484375,170989200.0
2020-07-15,96.27272509234513,93.59787669220981,96.02294350650172,94.79586029052734,153198000.0
2020-07-16,94.4854427364264,93.0304027910354,93.66819648454633,93.62939453125,110577600.0
2020-07-17,94.23566818195913,92.9673556043315,94.0804677579499,93.44024658203125,92186800.0
2020-07-20,95.54764680403545,93.18320630571225,93.527569101271,95.40941619873047,90318000.0
2020-07-21,96.27514261068757,93.84280114252175,96.1999661392453,94.09258270263672,103433200.0
2020-07-22,95.03837684731691,93.70701739615949,93.79431625820118,94.35693359375,89001600.0
2020-07-23,94.16777018673336,89.25216234988122,94.09016627142198,90.0621337890625,197004400.0
2020-07-24,90.18340548239307,86.47304800936116,88.26032885670101,89.83904266357422,185438800.0
2020-07-27,92.06037728689391,90.67809376229332,90.90119574558146,91.96822357177734,121214000.0
2020-07-28,91.71603836365466,90.45257310797918,91.53900580557185,90.45742797851562,103625600.0
2020-07-29,92.37563738029081,90.90362022258871,90.9399947403417,92.19132995605469,90329200.0
2020-07-30,93.41115323756709,90.95698669984957,91.36439616603701,93.30687713623047,158130000.0
2020-07-31,103.22541096516197,97.80295687640107,99.80121727475651,103.07505798339844,374336800.0
2020-08-03,108.29134838170961,104.6586032735747,104.95688173530395,105.67227935791016,308151200.0
2020-08-04,107.46926317333123,105.13877008729901,105.86144267124749,106.37798309326172,173071600.0
2020-08-05,107.08367565483033,105.63348305512756,106.09909913352544,106.76356506347656,121776800.0
2020-08-06,110.98318005233068,106.506508834704,107.095798287908,110.48846435546875,202428800.0
2020-08-07,110.46660028081871,107.17956943228634,110.00986453782278,107.97642517089844,198045600.0
2020-08-10,110.56379606115887,106.8953408360196,109.42195650024055,109.54586029052734,212403600.0
2020-08-11,109.30777067354109,106.02802731765381,108.80973853697522,106.28797912597656,187902400.0
2020-08-12,110.07790114888351,107.18443792191327,107.37879010908718,109.82038116455078,165598000.0
2020-08-13,112.7672832263659,110.71197231378294,111.20029196815734,111.76392364501953,210082000.0
2020-08-14,111.75420233347295,109.8543791144295,111.58900224852829,111.66431427001953,165565200.0
2020-08-17,112.8110188476026,110.74599537909668,112.78672297104335,111.37278747558594,119561600.0
2020-08-18,112.72598654466942,110.78972307405309,111.12498689269856,112.30083465576172,105633600.0
2020-08-19,113.8556697465018,112.34699003787868,112.70897411610314,112.44173431396484,145538000.0
2020-08-20,115.05095151464681,112.46602470234885,112.48303255575973,114.936767578125,126907200.0
2020-08-21,121.34321254794537,115.88426180533297,115.89640603696287,120.85975646972656,338054800.0
2020-08-24,125.15016185576894,120.43947465882543,125.06512256831381,122.30528259277344,345937600.0
2020-08-25,121.64690937129124,119.57945373903362,121.17802927154358,121.30192565917969,211495600.0
2020-08-26,123.40822042524167,121.55212536151603,122.6186527038837,122.95148468017578,163022400.0
2020-08-27,123.88684074922567,120.33742571871558,123.55400871781482,121.48169708251953,155552400.0
2020-08-28,122.87375249170243,121.06139279549139,122.45588862300937,121.28490447998047,187630000.0
2020-08-31,127.30262091946506,122.44374225841678,123.97914969468255,125.39793395996094,225702700.0
2020-09-01,130.99536378403553,126.84587750534726,129.01293310588505,130.39285278320312,151948100.0
2020-09-02,134.08557623024728,123.41548563943502,133.70658438715637,127.69129180908203,200119000.0
2020-09-03,125.20358030775732,117.0989743551227,123.32806028413174,117.46824645996094,257599600.0
2020-09-04,120.20866118452791,107.76021579822826,116.68111776737273,117.5459976196289,332607200.0
2020-09-08,115.63158886854931,109.49968655275791,110.73383843385653,109.63573455810547,231366600.0
2020-09-09,115.77735955442189,112.00687240165654,113.95042385620658,114.00872802734375,176940500.0
2020-09-10,117.09897712734502,109.32477117698187,116.9629291163385,110.28682708740234,182274400.0
2020-09-11,111.97773703500987,106.89534596034459,111.33636140049826,108.83889770507812,180860300.0
2020-09-14,112.6579692235783,109.61631362694925,111.4821213907461,112.10405731201172,140150100.0
2020-09-15,115.47611185461919,110.40344135428404,114.99022398928534,112.27896881103516,184642000.0
2020-09-16,112.72599259867744,108.8777613272375,111.97772849620063,108.96521759033203,154679000.0
2020-09-17,109.03322659577087,105.64173160246284,106.6232270995851,107.22572326660156,178011000.0
2020-09-18,107.7504832499777,103.09567691699868,107.28403508185545,103.82450866699219,287104900.0
2020-09-21,107.07998706588857,100.19009219073692,101.58945183665963,106.97309112548828,195713800.0
2020-09-22,109.67461866621314,106.07905112970725,109.49969872360111,108.65425109863281,183055400.0
2020-09-23,108.94577745912319,103.75649121629566,108.46960942834048,104.09661865234375,150718700.0
2020-09-24,107.13825339388909,102.03643180370389,102.20163186629765,105.1655502319336,167743300.0
2020-09-25,109.26647248780473,104.63109780542541,105.36964948370711,109.1109848022461,149981400.0
2020-09-28,112.06517952480382,109.59686822281799,111.76393141391246,111.71533966064453,137672400.0
2020-09-29,112.0554635809669,110.36457578821059,111.31691932127065,110.8698959350586,99382200.0
2020-09-30,113.95043065542163,110.41316739020328,110.57836749432273,112.54135131835938,142675200.0
2020-10-01,114.39743454271479,112.56077909571286,114.31969070873184,113.49368286132812,116120400.0
2020-10-02,112.11376456822066,109.0526696470594,109.70375758314337,109.83008575439453,144712000.0
2020-10-05,113.35763612296132,110.34513295609943,110.6949727988638,113.21186828613281,106243800.0
2020-10-06,112.84260373156758,109.08182887759448,112.43445227836398,109.96614837646484,161498200.0
2020-10-07,112.28869840481383,110.90877111263151,111.3849466001731,111.83196258544922,96849000.0
2020-10-08,113.11468368405912,111.3557647697816,112.96891585820435,111.72504425048828,83477200.0
2020-10-09,113.69775407377182,111.67645888864146,112.02629872507018,113.6686019897461,100506900.0
2020-10-12,121.64688463034302,115.91340641347355,116.67139028698064,120.88890075683594,240226800.0
2020-10-13,121.85096395135838,116.2729730734288,121.7343481891843,117.68204498291016,262330500.0
2020-10-14,119.55755673583052,116.24380563288516,117.58485335748753,117.76949310302734,150712000.0
2020-10-15,117.77923053145645,114.81531862538753,115.36923056556877,117.30306243896484,112559200.0
2020-10-16,118.11935811253977,115.45668693235429,117.85697447987833,115.66075897216797,115393800.0
2020-10-19,117.02124557068035,112.39559788284319,116.57422957130423,112.7065658569336,120639300.0
2020-10-20,115.62190167444083,112.36644642665874,112.9203584018645,114.19338989257812,124423700.0
2020-10-21,115.35949783357893,113.16328257328865,113.37707442350195,113.5714340209961,89946000.0
2020-10-22,114.70840714970598,111.35577645934274,114.13505561823894,112.48303985595703,101988000.0
2020-10-23,113.2604666496336,111.05453154484074,113.10497897085499,111.79308319091797,82572600.0
2020-10-26,113.26044347843033,109.6940215701976,110.79213268824965,111.80278015136719,111850700.0
2020-10-27,113.96984397564445,111.3071808423077,112.23036471931515,113.30903625488281,92276800.0
2020-10-28,112.17209300111841,107.96430155345347,111.80282082631223,108.06147766113281,143937800.0
2020-10-29,113.62973745029149,109.0332349429399,109.19844245324492,112.06517791748047,146129200.0
2020-10-30,108.8291614562022,104.67968236923052,107.92540973464747,105.78750610351562,190272600.0
2020-11-02,107.5561534514894,104.29098593931357,106.03046563409058,105.70005798339844,122866900.0
2020-11-03,108.34327419283329,105.6611785129121,106.56493023946784,107.32291412353516,107624400.0
2020-11-04,112.32755570064144,109.17900433769593,110.9184838247905,111.70561981201172,138235500.0
2020-11-05,116.2438304304953,113.57144682955949,114.62095911814943,115.67047882080078,126387100.0
2020-11-06,116.0355331785365,113.04703434827603,115.17889766586664,115.53907775878906,114457900.0
2020-11-09,118.7514525250263,112.96915049805817,117.3010105733885,113.23197937011719,154515300.0
2020-11-10,114.46822291832773,111.1000797187943,112.4823872732789,112.8912353515625,138023400.0
2020-11-11,116.45408514437595,113.34877764644807,114.07886680354521,116.31780242919922,112295000.0
2020-11-12,117.33021441554035,115.42224863802025,116.44437660987315,116.04525756835938,103162300.0
2020-11-13,116.49303706432583,114.74082734876326,116.26914719031565,116.09392547607422,81581900.0
2020-11-16,117.77797730868681,115.01337667932356,115.7629315909366,117.1063003540039,91183000.0
2020-11-17,117.4664766273085,115.80187423618474,116.37621490316717,116.220458984375,74271000.0
2020-11-18,116.63906421361688,114.86738117394037,115.46118772161485,114.8965835571289,76322100.0
2020-11-19,115.89922751370858,113.70895985661822,114.4682514561133,115.4903793334961,74113000.0
2020-11-20,115.6169210548832,114.17621587656545,115.49037493540368,114.22488403320312,73604300.0
2020-11-23,114.49746457209459,110.73020141936897,114.06914317462709,110.82754516601562,127959300.0
2020-11-24,112.77445860760254,109.60100171666315,110.885966009348,112.11251068115234,113874200.0
2020-11-25,113.6505557267342,112.11249931432629,112.48241594054053,112.94966888427734,76499200.0
2020-11-27,114.37089759423498,113.1346165605287,113.47532334723114,113.49478912353516,46691300.0
2020-11-30,117.7585146753094,113.70894992908693,113.86470584710362,115.88948822021484,169410200.0
2020-12-01,120.1921788986028,116.82403420889328,117.7974866889314,119.46208953857422,127728200.0
2020-12-02,120.0948173273605,117.68065226704212,118.78065073270163,119.81251525878906,89004200.0
2020-12-03,120.49390472899617,118.96558516591388,120.24080509301905,119.67620849609375,78967600.0
2020-12-04,119.5983613009378,118.29393123559595,119.34526159986807,119.00455474853516,78260400.0
2020-12-07,121.2629445857138,119.00453569816821,119.06294045566084,120.46471405029297,86712000.0
2020-12-08,121.66209562471133,119.82226358353684,121.06828901089827,121.07801818847656,82225500.0
2020-12-09,122.6063142688594,117.78772835245422,121.22401378468822,118.5470199584961,115089200.0
2020-12-10,120.58154910132534,116.96030505591354,117.30101190387383,119.96826934814453,81312200.0
2020-12-11,119.50099273028479,117.3496642850928,119.17975172566112,119.16028594970703,86939800.0
2020-12-14,120.07533977310263,118.31339348591051,119.3452505477775,118.5470199584961,79184500.0
2020-12-15,124.50455773983639,120.83463820097641,121.0390623043862,124.4850845336914,157243700.0
2020-12-16,124.9620697049553,123.20012338037756,124.0275637947843,124.41693878173828,98208600.0
2020-12-17,126.13995272668132,124.64082784390504,125.47799742873109,125.28330993652344,94359800.0
2020-12-18,125.67269604688084,122.7718049671832,125.53641332100761,123.29747009277344,192541500.0
2020-12-21,124.90367600970008,120.17269671586064,121.70101669831642,124.82579803466797,121251600.0
2020-12-22,130.84172406271304,126.20808171972651,128.11605471749206,128.37889099121094,168904800.0
2020-12-23,128.91427567105393,127.30808538342248,128.65145425550145,127.48331451416016,88223700.0
2020-12-24,129.91695629713385,127.61960817236115,127.83376887622417,128.4665069580078,54930100.0
2020-12-28,133.6939410837403,129.96561683148184,130.43288465030292,133.0612030029297,124486200.0
2020-12-29,135.1054204796811,130.77356128298763,134.38507537843176,131.28948974609375,121047300.0
2020-12-30,132.37976932791838,129.85851685438772,131.98065036313264,130.17002868652344,96452100.0
2020-12-31,131.16300010398734,128.22316928497395,130.5205178650633,129.16741943359375,99116600.0
2021-01-04,130.06294530983888,123.39479941625174,129.97533817923727,125.97444915771484,143301900.0
2021-01-05,128.24255960303788,125.02042131307051,125.46821572601345,127.53192901611328,97664900.0
2021-01-06,127.57091083555537,123.02488352210123,124.32931330194879,123.23904418945312,155088000.0
2021-01-07,128.13553942794485,124.46561985658641,124.95234603859188,127.44438171386719,109578200.0
2021-01-08,129.10902262336003,126.77272747960087,128.91432022109925,128.54441833496094,105158200.0
2021-01-11,126.71428063801753,125.08861712398671,125.76030156918269,125.55587005615234,100384500.0
2021-01-12,126.24702529391881,123.4921536305582,125.08861473418492,125.38065338134766,91951100.0
2021-01-13,127.9603226503501,125.07891169236268,125.34173316138947,127.41519165039062,88636800.0
2021-01-14,127.52224355209353,125.34170518524395,127.32755607466288,125.48773193359375,90221800.0
2021-01-15,126.7629517813355,123.62843438270613,125.3611781802463,123.76471710205078,111598500.0
2021-01-19,125.29306713557054,123.57005219833488,124.38774866377702,124.4364242553711,90757300.0
2021-01-20,128.9726816127556,125.13727773804456,125.24435806944973,128.52488708496094,104319500.0
2021-01-21,135.96204254195973,130.04345244783565,130.2478839087022,133.2363739013672,120150900.0
2021-01-22,136.13731286135894,131.43553637442392,132.66208095000118,135.37802124023438,114459400.0
2021-01-25,141.2382295234723,132.91520709649336,139.27186603082004,139.12583923339844,157611700.0
2021-01-26,140.469201833175,137.61697822104978,139.7877880388179,139.35946655273438,98390600.0
2021-01-27,140.46918931400648,136.68245993673887,139.62227559520105,138.2886505126953,140843800.0
2021-01-28,138.22048632254183,133.07091575107856,135.81605814636788,133.4505615234375,142621100.0
2021-01-29,133.10985683778753,126.7532152717128,132.22401178645546,128.45675659179688,177523800.0
2021-02-01,131.78598951100426,127.45411448597895,130.19925735971532,130.5789031982422,106239800.0
2021-02-02,132.6912909648265,131.03642489675576,132.12668680443446,131.40634155273438,83305400.0
2021-02-03,132.16565144314657,130.0629904566346,132.1559074116743,130.3842315673828,89880900.0
2021-02-04,133.75232866214105,131.01693030921246,132.68154013575978,133.7425994873047,84183100.0
2021-02-05,133.97170445351236,132.45085206919504,133.90346870595903,133.32826232910156,75693800.0
2021-02-08,133.52325088194496,131.53443254526087,132.6165797613071,133.47450256347656,71297200.0
2021-02-09,134.4201468877061,132.44108738356064,133.1917548672735,132.59706115722656,76774200.0
2021-02-10,133.55253314014962,131.02751236689184,133.05532098310047,131.99267578125,73046600.0
2021-02-11,132.96758972800347,130.4133376758695,132.4898798543245,131.7392120361328,64280000.0
2021-02-12,132.12911793128706,130.33529298247856,130.97873504321333,131.97312927246094,60145100.0
2021-02-16,132.59706880200096,129.45786770907952,132.0901279755408,129.84783935546875,80576300.0
2021-02-17,128.90222323204904,126.22122859723254,127.95656211624156,127.55684661865234,97918500.0
2021-02-18,126.73788610904428,124.21288102524102,125.95795768088605,126.45516967773438,96856700.0
2021-02-19,127.43008573965325,125.56801001534814,126.97187831271118,126.61115264892578,87668800.0
2021-02-22,126.46493488700048,122.44831544375612,124.79783740249141,122.8382797241211,103916400.0
2021-02-23,123.53044391763328,115.41921936454152,120.65447173544518,122.70177459716797,158273000.0
2021-02-24,122.40930413496974,119.16286991288813,121.80486663626253,122.20457458496094,111039900.0
2021-02-25,123.28672920715788,117.51528197921584,121.5513960656033,117.95398712158203,148199500.0
2021-02-26,121.71711309193381,118.15870176681696,119.51382163045578,118.21720123291016,164560400.0
2021-03-01,124.71986041672858,119.70883872604007,120.6447486105863,124.5833740234375,116307900.0
2021-03-02,125.49002551913253,121.87312157746639,125.18780674062197,121.98036193847656,102260900.0
2021-03-03,122.55554294590044,118.78265064406548,121.6781252666424,118.99713134765625,112966300.0
2021-03-04,120.49851409881295,115.64348098558409,118.69493748094318,117.11558532714844,178155000.0
2021-03-05,118.88015523948293,114.61980921267136,117.9442454649468,118.37319946289062,153766600.0
2021-03-08,117.96372988743823,113.29392514231552,117.89548670485603,113.4401626586914,154376600.0
2021-03-09,118.99712873808402,115.80918658429786,116.04316214765258,118.05146789550781,129525800.0
2021-03-10,119.10437859558475,116.45263053937967,118.63642743151894,116.9693374633789,111943300.0
2021-03-11,120.1182765520443,118.21721109919896,119.46509072342045,118.89964294433594,103026500.0
2021-03-12,118.12946732804168,116.16990981369923,117.37879228748427,117.99298095703125,88105100.0
2021-03-15,120.88846666765528,117.39829786101335,118.36346113570012,120.87871551513672,92403800.0
2021-03-16,124.02765763412758,121.59039037182497,122.54579497339591,122.41905975341797,115227900.0
2021-03-17,122.7017830040472,119.27010655149442,120.93720389555035,121.62938690185547,111932600.0
2021-03-18,120.08903616814248,117.3008017478915,119.79656111339463,117.50553131103516,121229700.0
2021-03-19,118.38294083560933,116.67685382299581,116.8913345232248,116.97907257080078,185549500.0
2021-03-22,120.76171313425421,117.24229884140365,117.31054202279068,120.29375457763672,111912300.0
2021-03-23,121.1224343178664,119.07513126230569,120.23527288356823,119.46509552001953,95467100.0
2021-03-24,119.8160777258849,117.05708899403655,119.73808337691133,117.07658386230469,88530500.0
2021-03-25,118.60720655020415,116.01394998042512,116.5404007300333,117.56404876708984,98844700.0
2021-03-26,118.43167075018232,115.93590450747188,117.3300214043708,118.16844177246094,94071200.0
2021-03-29,119.50409766319855,117.70052126390267,118.59743388740822,118.34395599365234,80819200.0
2021-03-30,117.3788109495409,115.87745319177584,117.09608701094061,116.891357421875,85671900.0
2021-03-31,120.42050239594532,118.10997769999379,118.59743117177423,119.08488464355469,118323800.0
2021-04-01,121.06394949790783,119.41635431579364,120.5570011392304,119.91355895996094,75089100.0
2021-04-05,122.9942462849466,119.98178038496441,120.7617088053863,122.74076843261719,88651200.0
2021-04-06,123.93991951774667,122.49706137788411,123.32573080877205,123.04300689697266,80171300.0
2021-04-07,124.71010003062226,121.99985979599343,122.67254799737614,124.69060516357422,83466700.0
2021-04-08,127.1181055739932,125.29503449613289,125.71423730778919,127.08885955810547,88844600.0
2021-04-09,129.70158738082736,126.22117802130997,126.54289903368493,129.66259765625,106686700.0
2021-04-12,129.51640109938154,127.35210636598374,129.19468000377913,127.9468002319336,91420000.0
2021-04-13,131.28098676840776,128.6194798143975,129.11669192988782,131.05674743652344,91266500.0
2021-04-14,131.61243958256816,128.35625390681537,131.55394754511985,128.7169647216797,87222800.0
2021-04-15,131.61243821608534,130.286564169391,130.46205515581354,131.12498474121094,89347100.0
2021-04-16,131.29068461471235,129.93556488528282,130.9299738929471,130.79348754882812,84922400.0
2021-04-19,132.07069355368424,129.9941362375927,130.15986869402698,131.4564971923828,94264200.0
2021-04-20,132.12915555406386,128.502500021129,131.6319582978669,129.76988220214844,94812300.0
2021-04-21,130.39379691363274,128.00527800142257,129.0386769276597,130.1500701904297,68847100.0
2021-04-22,130.78371619258036,128.11248159334917,129.7015692570402,128.62918090820312,84566500.0
2021-04-23,131.72942232628785,128.84370608473515,128.84370608473515,130.9495086669922,78657500.0
2021-04-26,131.67094236224486,130.20858180313348,131.44671790843336,131.3394775390625,66905100.0
2021-04-27,132.01212448854008,130.74474275851392,131.6221528692033,131.01771545410156,66015800.0
2021-04-28,131.63195694182536,129.74063484322053,130.93976637575503,130.22808837890625,107760100.0
2021-04-29,133.63052788949472,129.12644681845208,133.04557765920794,130.13059997558594,151101000.0
2021-04-30,130.2085812488916,127.78107225167611,128.4732479162047,128.16128540039062,109839500.0
2021-05-03,130.70577838338053,128.5219815192614,128.7267036427075,129.2141571044922,75135100.0
2021-05-04,128.19052935599137,123.52071640184118,127.89805427494618,124.64186096191406,137564700.0
2021-05-05,127.17660429874773,124.75883931076572,125.9579706529646,124.88558197021484,84000900.0
2021-05-06,126.49415685961574,123.93989837484678,124.68082962289287,126.48441314697266,78128300.0
2021-05-07,128.18364330353234,126.44536250089044,127.78326383187955,127.15826416015625,78973300.0
2021-05-10,126.50394796231055,123.83793549239249,126.3770049216638,123.87699890136719,88071200.0
2021-05-11,123.3105935686965,119.89262343355486,120.60551762571262,122.95903778076172,126142800.0
2021-05-12,121.7187992057643,119.38481447185008,120.50786329646682,119.89262390136719,112172300.0
2021-05-13,123.19341357180042,121.34771025318693,121.66021008886267,122.04106903076172,105861300.0
2021-05-14,124.89264176534579,122.90045234662759,123.29107903765586,124.46295166015625,81918000.0
2021-05-17,123.95512773405065,122.23637496414497,123.84770522027007,123.31059265136719,74244600.0
2021-05-18,124.01372562566158,121.85552242300645,123.59380326356951,121.92388153076172,63342900.0
2021-05-19,121.99225211448245,119.9805346536535,120.27350654335572,121.76764678955078,92612000.0
2021-05-20,124.7266043537825,122.16800708745404,122.29496502221474,124.32621002197266,76857100.0
2021-05-21,125.00005419589023,122.27544274551913,124.8242725716539,122.49028778076172,79295400.0
2021-05-24,124.94145621305331,122.98833046928489,123.05668957229345,124.12113952636719,63092900.0
2021-05-25,125.31255193436976,123.35941878581565,124.8242630592938,123.92582702636719,72009500.0
2021-05-26,124.40434374665045,123.45707656811848,123.98442141340175,123.87699890136719,56575900.0
2021-05-27,124.6485003034277,122.14850141604893,123.476627687615,122.34381103515625,94625600.0
2021-05-28,122.85163419877819,121.63093039096276,122.62702141988285,121.68952178955078,71311100.0
2021-06-01,122.41214756264262,121.03519786563034,122.14847888043448,121.36722564697266,67637100.0
2021-06-02,122.30472600333286,121.14262130905783,121.36722658627286,122.12894439697266,59278900.0
2021-06-03,121.92389512399187,120.24420548835592,121.75788119387512,120.64459991455078,76229200.0
2021-06-04,123.20319033966574,120.94732476737572,121.16216981717328,122.93951416015625,75169300.0
2021-06-07,123.35942679081123,121.90435013756394,123.21294086384106,122.94927215576172,71057600.0
2021-06-08,125.44926608565649,123.25199229581943,123.63285119857683,123.76956939697266,74403800.0
2021-06-09,124.75592340310972,123.5547476333784,124.22857848839239,124.15045166015625,56877900.0
2021-06-10,125.1855951846905,122.98832875360279,124.04301097808155,123.15434265136719,71186400.0
2021-06-11,124.45317468407444,123.14457656242446,123.5644988950441,124.36528015136719,53522400.0
2021-06-14,127.4805045322462,124.0918377902917,124.82425990854335,127.42191314697266,96906500.0
2021-06-15,127.53910749038236,126.35745994725994,126.89457246686105,126.60160064697266,62746300.0
2021-06-16,127.82234007827095,125.44929896252637,127.31452310778732,127.09967803955078,91815000.0
2021-06-17,129.44339964312107,126.61135863661735,126.75785199451342,128.70120239257812,96721700.0
2021-06-18,128.42779161848907,127.18756736772201,127.64655315856818,127.40241241455078,108953300.0
2021-06-21,129.3066870329964,126.18168897810015,127.24613887941126,129.1992645263672,79663300.0
2021-06-22,130.93756704429327,128.53521554050778,129.03327220047046,130.83990478515625,74783600.0
2021-06-23,131.17194646480604,130.10748149302736,130.63483384623305,130.56646728515625,60214200.0
2021-06-24,131.4844477920528,129.8145184284701,131.29889842930257,130.2832794189453,68711000.0
2021-06-25,130.7519826258196,129.6972930949088,130.33206780671978,129.99026489257812,70783700.0
2021-06-28,132.08012525724726,130.22466180559726,130.28325319231956,131.6211395263672,62111300.0
2021-06-29,133.2910497525751,131.2012061476498,131.64065638724745,133.13479614257812,64556100.0
2021-06-30,134.18952666784298,132.6856112890496,132.9785831720377,133.7500762939453,63261400.0
2021-07-01,134.11135626990725,132.57814569102956,133.3984696771295,134.05276489257812,52485800.0
2021-07-02,136.71878923106325,134.521522975564,134.66800143213112,136.6797332763672,78852600.0
2021-07-06,139.79495784960233,136.78715756035768,136.78715756035768,138.6914520263672,108181800.0
2021-07-07,141.4941787382535,139.3164479398055,140.17581304211686,141.1816864013672,104911600.0
2021-07-08,140.6836320091057,137.37308477373998,138.26176048175577,139.8828582763672,105575500.0
2021-07-09,142.2363828285555,139.30669407903906,139.4043563311566,141.70904541015625,99890800.0
2021-07-12,142.89069395646402,140.62506082396192,142.78327143895456,141.11334228515625,76299700.0
2021-07-13,144.00399065736747,140.26375247219565,140.65437172290618,142.2266387939453,100827100.0
2021-07-14,146.0645121600824,144.2187940743634,144.62896358307862,145.6543426513672,127050800.0
2021-07-15,146.48444087501676,143.64263914576114,145.74225840567044,145.00006103515625,106820300.0
2021-07-16,146.2500420755194,142.46098847923267,144.9805223346472,142.9590301513672,93251400.0
2021-07-19,140.69343127095988,138.34967125172668,140.38092397459488,139.11138916015625,121434600.0
2021-07-20,143.65240178359875,139.60943216409294,140.09771359109203,142.7246551513672,96350000.0
2021-07-21,142.7051502253578,141.24030578420624,142.11920648842988,141.99224853515625,74993500.0
2021-07-22,144.72657191542203,142.39258793656558,142.51954584081096,143.35939025878906,77338200.0
2021-07-23,145.23443967973952,143.47662343109712,144.09186284341388,145.07818603515625,71447400.0
2021-07-26,146.31843249256286,144.23834858516193,144.79499663408214,145.4981231689453,72434100.0
2021-07-27,145.71297050212902,142.13874637735347,145.62506850801552,143.3301544189453,104818600.0
2021-07-28,143.5254579196167,139.19927630353345,141.4160783718357,141.58209228515625,118931200.0
2021-07-29,143.1153147256564,141.1914843685101,141.29890689763087,142.2266387939453,56699500.0
2021-07-30,142.90046835495775,140.7324972607366,140.9961734481876,142.4414825439453,70440600.0
2021-08-02,143.50592922511103,141.84577511280253,142.9297606339798,142.1094512939453,62880000.0
2021-08-03,144.57033600309364,141.77736607632247,142.3926053476169,143.90628051757812,64786600.0
2021-08-04,144.3262450458141,142.851640220645,143.818442994135,143.5059356689453,56368300.0
2021-08-05,144.37507551915724,142.74421703883584,143.53523071300444,143.6133575439453,46397700.0
2021-08-06,143.87742801771682,142.42995348932268,143.1341335136214,142.92874145507812,54126800.0
2021-08-09,143.47638761858664,142.32232429166498,142.98737469901172,142.87979125976562,48908700.0
2021-08-10,144.46423988872255,142.10719343722454,143.22214257955443,142.40060424804688,69023100.0
2021-08-11,143.49599503680233,142.33214155394316,142.84071932029642,142.65489196777344,48493500.0
2021-08-12,145.77478914489808,142.63531888467134,142.97763397957073,145.61830139160156,72282600.0
2021-08-13,146.15620995558572,145.01192130974562,145.69653653501413,145.8236846923828,59375000.0
2021-08-16,147.8677854043792,143.25150048909967,145.27600698805517,147.79931640625,103296000.0
2021-08-17,148.3470047149868,145.8139204751284,146.92886973012176,146.88975524902344,92229700.0
2021-08-18,147.4080844695857,142.938498348175,146.50830231259667,143.14389038085938,86326000.0
2021-08-19,144.74787747327346,141.32478577627037,141.8431384679369,143.4764404296875,86960300.0
2021-08-20,145.23684041442456,143.55463473897757,144.2001353891238,144.93365478515625,60549600.0
2021-08-23,146.8897517241176,144.64028856581433,145.05105776321832,146.42030334472656,60131800.0
2021-08-24,147.54501786684636,145.87258667150505,146.16599748585364,146.33226013183594,48606400.0
2021-08-25,147.01689814902136,144.55226807046895,146.51809526108525,145.09996032714844,58991300.0
2021-08-26,145.84325676235127,144.2686340417797,145.09018736118287,144.2979736328125,48597200.0
2021-08-27,145.48136895257556,143.60356080464544,144.23927174159581,145.3346710205078,55802400.0
2021-08-30,150.11722035437248,145.344448563989,145.7258781178275,149.75534057617188,90956700.0
2021-08-31,149.4423845898935,147.9655556918431,149.30546153876566,148.4936981201172,86453100.0
2021-09-01,151.57449356451917,148.9925050400125,149.47174324183015,149.1587677001953,80313700.0
2021-09-02,151.32019193818465,149.05116433458483,150.48886382470346,150.27369689941406,71115500.0
2021-09-03,151.23217421828528,149.72600573087058,150.38128139931968,150.909423828125,57808700.0
2021-09-07,153.8043695479327,150.99743959102315,151.56469648456283,153.2469024658203,82278300.0
2021-09-08,153.58919740809037,150.59644021764143,153.53051823549217,151.7016143798828,74420200.0
2021-09-09,152.67964530991367,150.56710548729126,152.073273942186,150.68447875976562,57305700.0
2021-09-10,152.0635088889551,145.4324924690074,151.5940604931036,145.69656372070312,140893200.0
2021-09-13,148.09271327265083,145.48138532354497,147.32007920432878,146.26380920410156,102404300.0
2021-09-14,147.75036132130518,143.6817705066142,147.0461815678591,144.86517333984375,109296300.0
2021-09-15,146.1562127610325,143.15366567640987,145.29554507646444,145.75521850585938,83281300.0
2021-09-16,145.69652972947753,143.98498428450677,145.1781771600229,145.52047729492188,68034100.0
2021-09-17,145.54987160597395,142.5570987880531,145.54987160597395,142.8505096435547,129868800.0
2021-09-20,141.65730067907975,138.16575516526504,140.6401600731503,139.79905700683594,123478900.0
2021-09-21,141.42257819093177,139.64256354879453,140.76728757977574,140.2782745361328,75834000.0
2021-09-22,143.21233776359767,140.54233100418216,141.27585049264187,142.6450958251953,76404300.0
2021-09-23,143.84809847436335,142.4397383273961,143.4275394388265,143.6035919189453,64838200.0
2021-09-24,144.22949136628228,142.36145817706782,142.45926674371992,143.6915740966797,53477900.0
2021-09-27,142.7526753188713,140.65970036682202,142.27343722725323,142.17562866210938,74150700.0
2021-09-28,141.56929310981445,138.57653531162535,140.102253802977,138.7917022705078,108972300.0
2021-09-29,141.27583390106034,138.909013087078,139.33934685752757,139.69143676757812,74602000.0
2021-09-30,141.20740583386313,138.17551911033874,140.5032258841864,138.39068603515625,89056700.0
2021-10-01,139.77949787918857,136.05322057381363,138.7819070111095,139.5154266357422,94639600.0
2021-10-04,139.08509731906585,135.23167212302508,138.6449736382081,136.08255004882812,98322000.0
2021-10-05,139.11442096062234,136.2977013587978,136.42484951189164,138.00924682617188,80861100.0
2021-10-06,139.02638237086833,135.32944548577333,136.40527999667046,138.8796844482422,83221100.0
2021-10-07,141.0509141240026,139.5838750906148,139.91640035654444,140.14134216308594,61732700.0
2021-10-08,141.0117595867435,139.4273624886646,140.86506167895476,139.7598876953125,58773200.0
2021-10-11,141.62795772548145,138.69387941362646,139.1437779877816,139.67190551757812,64452200.0
2021-10-12,140.1022376916366,137.94079346178435,140.08267299121655,138.4004669189453,73035900.0
2021-10-13,138.292882900144,136.14122849083293,138.13641006788947,137.81365966796875,78762700.0
2021-10-14,140.71838645223315,138.4004546711347,138.98727624385413,140.60101318359375,69907100.0
2021-10-15,141.71598203721894,140.3565262964831,140.61082264449493,141.6573028564453,67940300.0
2021-10-18,143.61333288501362,140.0142044027078,140.2978253736589,143.3297119140625,85589200.0
2021-10-19,145.8921441646938,143.32972068785898,143.77960431394027,145.49114990234375,76378900.0
2021-10-20,146.4593710957878,144.8651841841365,145.43244096818108,145.98013305664062,58418800.0
2021-10-21,146.35183078139093,144.62072033751141,145.54006729554342,146.19534301757812,61421000.0
2021-10-22,146.87993285856993,145.3737794326728,146.40070968480316,145.4226837158203,58883400.0
2021-10-25,146.08774940871533,144.3762037849461,145.41290903215594,145.37379455566406,50720600.0
2021-10-26,147.52543764586656,145.7356482824783,146.04862376445527,146.03884887695312,60893400.0
2021-10-27,146.439861297031,145.2271183389535,146.07799637224926,145.57920837402344,56094900.0
2021-10-28,149.804244404835,146.43005760449074,146.5278661763529,149.21743774414062,100077900.0
2021-10-29,146.64523910016035,143.1928080838573,143.9850068548087,146.50831604003906,124953200.0
2021-11-01,146.4105126416791,144.55226891374826,145.71612242772915,145.68678283691406,74588300.0
2021-11-02,148.23943908616494,145.3835894342909,145.39337924738012,146.72349548339844,69122000.0
2021-11-03,148.63059632188478,146.52784661894307,147.08531361837095,148.16114807128906,54511500.0
2021-11-04,149.0805068605867,147.32984675958332,148.24919365421385,147.642822265625,60394600.0
2021-11-05,149.07278712412187,146.976757690118,148.76915899673787,148.17169189453125,65463900.0
2021-11-08,148.45578635175377,147.07475321655346,148.29907019202702,147.3489990234375,55020900.0
2021-11-09,148.31862107112684,146.9767746966739,147.1138975747547,147.71136474609375,56787900.0
2021-11-10,147.0453357776248,144.8121833419343,146.93759531163658,144.8807373046875,65187100.0
2021-11-11,146.35971678839883,144.64567331029048,145.89938743250096,144.83177185058594,41000000.0
2021-11-12,147.3097829126506,144.44978082602336,145.3802585513719,146.90821838378906,63804000.0
2021-11-15,148.759360857519,146.35968849582596,147.28037692019095,146.91798400878906,59222800.0
2021-11-16,148.37741378411212,146.27157982474884,146.85925789370467,147.89747619628906,59256200.0
2021-11-17,151.81527292494047,147.88767027666427,147.89745943010328,150.3363037109375,88807000.0
2021-11-18,155.40987800940817,149.90535437132496,150.55179723889825,154.62631225585938,137827700.0
2021-11-19,157.71161083201548,153.31385912302107,154.41084228889372,157.2512664794922,117305600.0
2021-11-22,162.29544415495414,157.69201563177705,158.35803684704905,157.71160888671875,117467900.0
2021-11-23,158.47556839424874,155.79186060844827,157.8095322884944,158.0935821533203,96041900.0
2021-11-24,158.80855857074818,156.35992530368637,157.44711907207267,158.6126708984375,69463600.0
2021-11-26,157.15329885394945,153.14733793761846,156.2913900038225,153.5880889892578,76959800.0
2021-11-29,157.87812500699889,155.52742744700635,156.09551231703932,156.94764709472656,88748200.0
2021-11-30,162.11912167836516,156.63417697403202,156.70274588184037,161.9036407470703,174048100.0
2021-12-01,166.800912709941,161.14946255292463,164.0388470193993,161.38453674316406,152052500.0
2021-12-02,160.82624080588923,154.55774519881157,155.47843376037946,160.39527893066406,136739200.0
2021-12-03,161.57062931064843,156.43828843610964,160.64994078112508,158.5147247314453,118023100.0
2021-12-06,164.43064668165096,160.9046083540242,160.91439750803002,161.92324829101562,107497000.0
2021-12-07,168.05464745577578,164.881212468611,165.606013499861,167.66285705566406,120405400.0
2021-12-08,172.3446356103418,167.19270089919112,168.59332710400926,171.4827117919922,116998900.0
2021-12-09,173.11837862863902,170.3465238704593,171.3161880617465,170.97337341308594,108923700.0
2021-12-10,175.93921831838114,171.1007161505561,171.61003610118843,175.76290893554688,115402700.0
2021-12-13,178.38787299583686,171.92347383588933,177.3986153833375,172.12916564941406,153237000.0
2021-12-14,174.08806304841983,168.67168661995763,171.64921855709608,170.7481231689453,139380400.0
2021-12-15,175.81188500506997,168.76961267963995,171.5120851840939,175.61599731445312,131063300.0
2021-12-16,177.41819331105674,167.24167279418768,175.5964093375668,168.72064208984375,150185800.0
2021-12-17,169.90578548213614,166.20345276063674,166.43851201579665,167.6236572265625,195432700.0
2021-12-20,167.0751857762259,164.0192955298341,164.822439656907,166.26223754882812,107499100.0
2021-12-21,169.6413305368034,165.64515876193008,168.03502751462352,169.43565368652344,91185900.0
2021-12-22,172.24666990143447,168.61289133008395,169.48460422982922,172.03118896484375,92135300.0
2021-12-23,173.21631555321488,171.6687776041213,172.23686229013825,172.65802001953125,68356600.0
2021-12-27,176.71299463822913,173.43183445537653,173.4514127643316,176.62484741210938,74919600.0
2021-12-28,177.60430999681327,174.86183712980394,176.45835116267244,175.60621643066406,79144300.0
2021-12-29,176.91863718484473,174.47979332432905,175.6453450294116,175.69432067871094,62348900.0
2021-12-30,176.85988869120052,174.43083375846518,175.7824840883525,174.53857421875,59773000.0
2021-12-31,175.5474359178977,173.61791144491113,174.43085959378186,173.9215545654297,64062300.0
2022-01-03,179.12245940789794,174.05868664745196,174.17621628400974,178.27032470703125,104487900.0
2022-01-04,179.1811854730246,175.4396667688889,178.8775573474026,176.00775146484375,99310400.0
2022-01-05,176.46810345784326,171.05172777585187,175.9196119880626,171.3259735107422,94537600.0
2022-01-06,171.69818743268368,168.1133843303379,169.15160256379613,168.4659881591797,96904000.0
2022-01-07,170.56200104833394,167.51590061636946,169.33768439473522,168.63247680664062,86709100.0
2022-01-10,168.9556972289068,164.71466257169936,165.60596867727935,168.65206909179688,106765600.0
2022-01-11,171.58064816981238,167.31024547595837,168.77942565072325,171.4827117919922,76138300.0
2022-01-12,173.53955411934612,171.22805833783443,172.50133585944042,171.9234619140625,74805200.0
2022-01-13,172.99104011356832,168.26027879772633,172.1683029139275,168.65206909179688,84505800.0
2022-01-14,170.2094570790371,167.57472432320057,167.81958773998426,169.51405334472656,80440800.0
2022-01-18,168.99489595879072,165.9292167455851,167.9860600754121,166.3112030029297,90956700.0
2022-01-19,167.56488423888524,162.53049451772475,166.5070728064469,162.8145294189453,94815000.0
2022-01-20,166.19363965286126,160.8066461501134,163.54911855874857,161.12986755371094,91420500.0
2022-01-21,162.91249968467412,158.965303342259,161.04173994454513,159.0730438232422,122848900.0
2022-01-24,158.9652761385697,151.521424960607,156.7321237742352,158.2992401123047,162294600.0
2022-01-25,159.41582185177984,153.79376918824497,155.71348938472497,156.49705505371094,115798400.0
2022-01-26,161.01236411791442,154.5773622405594,160.14065107987773,156.408935546875,108275300.0
2022-01-27,160.47364799025604,155.02788925620197,159.11220830674253,155.94857788085938,121954600.0
2022-01-28,166.8498849998228,159.45500918063075,162.30522203050273,166.83029174804688,179935700.0
2022-01-31,171.4043542462614,166.02714940989443,166.66380312140188,171.18887329101562,115541600.0
2022-02-01,171.2476547749565,168.76963849371157,170.43470653654342,171.0223846435547,86213900.0
2022-02-02,172.266283066221,169.7686736999572,171.15949584991125,172.2270965576172,84914300.0
2022-02-03,172.61890525422228,168.5835463199836,170.89505737911136,169.34751892089844,89418100.0
2022-02-04,170.74010088602927,167.3860892995176,168.3667905913057,169.06309509277344,82465400.0
2022-02-07,170.59301347126842,167.65090913443373,169.52405248698778,168.3472137451172,77251200.0
2022-02-08,171.96599307785382,168.12163049721661,168.4158439042664,171.45602416992188,74829200.0
2022-02-09,173.2408759269309,171.5246486789991,172.65246413479986,172.87802124023438,71285000.0
2022-02-10,172.09346641687537,168.23931734555768,170.77933021680633,168.79830932617188,90865900.0
2022-02-11,169.7397993797007,164.79705596488338,169.0042733328554,165.38548278808594,98670700.0
2022-02-14,166.30735288699964,163.345630332233,164.13999610862248,165.62086486816406,86185500.0
2022-02-15,169.61228383864895,166.96439336840055,167.670499489042,169.4553680419922,62527400.0
2022-02-16,169.994748612644,166.76824813134002,168.53351334854412,169.22000122070312,61177400.0
2022-02-17,168.59238905022963,165.21877368416162,167.72936698979834,165.62086486816406,69589300.0
2022-02-18,167.24879755806595,162.98275576839345,166.54270637048876,164.0713348388672,82772700.0
2022-02-22,163.47309136847835,159.0206993785114,161.79608567118115,161.14883422851562,91162800.0
2022-02-23,162.94351625967545,156.6670338772365,162.34528786351217,156.98086547851562,90009200.0
2022-02-24,159.70721245821238,149.06659738297807,149.63540593186767,159.59933471679688,141147500.0
2022-02-25,161.93337290276583,157.76539291737205,160.6780765984275,161.66859436035156,91974200.0
2022-02-28,162.2275934848512,159.29529145951147,159.91313801466617,161.93338012695312,95056600.0
2022-03-01,163.38480772664758,158.84415688728487,161.52146667538534,160.0504150390625,83474400.0
2022-03-02,164.13017563125035,159.80527916281847,161.21749147612806,163.34561157226562,79724800.0
2022-03-03,165.6502754224143,162.35511815252505,165.21876441640376,163.02198791503906,76678400.0
2022-03-04,162.35510045432284,158.9716840195684,161.3155594882437,160.02102661132812,83737200.0
2022-03-07,161.83533601406552,155.97073134624392,160.2073682314536,156.22572326660156,96418800.0
2022-03-08,159.73662866525098,152.7932618336368,155.75498387793954,154.401611328125,131148300.0
2022-03-09,160.25638119604568,156.33357653036765,158.36362016341366,159.8052520751953,91454900.0
2022-03-10,157.29466080253508,152.96976503092125,157.1083251850628,155.46075439453125,105342000.0
2022-03-11,156.20612146979485,151.51836986465503,155.86286998599314,151.74392700195312,96970100.0
2022-03-14,151.14569651195163,147.20328761828517,148.52722554311967,147.71324157714844,108732100.0
2022-03-15,152.56768641731915,147.4778450101939,147.98779883833126,152.09693908691406,92964300.0
2022-03-16,156.9121924028267,151.47911432517643,154.01912684826212,156.51010131835938,102300200.0
2022-03-17,157.89291972026123,154.58796090972857,155.54904405714797,157.52024841308594,75615400.0
2022-03-18,161.30574983268542,156.67683837905244,157.41236437319773,160.81539916992188,123511700.0
2022-03-21,163.13968181166422,159.8641278042269,160.35447849802293,162.1884002685547,95811400.0
2022-03-22,166.15042355950408,161.7274657879275,162.3158776286816,165.56201171875,81532000.0
2022-03-23,169.30826781804822,164.41456305995604,164.74801286692667,166.9251708984375,98062700.0
2022-03-24,170.77928887853508,166.92514074013977,167.75872769617771,170.7106475830078,90131400.0
2022-03-25,171.8973042886656,169.41613146208226,170.5243286011813,171.34811401367188,80546200.0
2022-03-28,172.33866265415583,168.68065041368175,168.84736786546566,172.211181640625,90371900.0
2022-03-29,175.55534023387025,172.93686947046768,173.28012092274494,175.50631713867188,100589400.0
2022-03-30,176.1437814426428,173.2899367384836,175.10424033882794,174.33929443359375,92633200.0
2022-03-31,174.59426174462104,171.03431102289065,174.40792609212167,171.24026489257812,103049300.0
2022-04-01,171.5050518578882,168.62178757896973,170.67144974905557,170.946044921875,78751300.0
2022-04-04,175.04542173642847,171.07357754117507,171.20107352884582,174.9963836669922,76468400.0
2022-04-05,174.85907295980758,171.0539465140656,174.07450880051937,171.6815948486328,73401800.0
2022-04-06,170.27915061431153,166.84669648547398,169.03365592612585,168.51388549804688,89058800.0
2022-04-07,170.01435825576067,166.57210247899573,167.8568186387604,168.81790161132812,77594700.0
2022-04-08,168.46488285345913,165.9346714824091,168.46488285345913,166.8074951171875,76575500.0
2022-04-11,165.7679691730941,162.30609416242459,165.45415248244237,162.55126953125,72246700.0
2022-04-12,166.59173431379904,163.42407312851623,164.77744578641645,164.4243927001953,79265200.0
2022-04-13,167.73915952284898,163.55157535283024,164.1596054273598,167.11151123046875,70618900.0
2022-04-14,167.96470171120438,161.85492235187505,167.32723694124167,162.10009765625,75329400.0
2022-04-18,163.38484067093813,160.41331696354428,160.75655343597518,161.88436889648438,69023900.0
2022-04-19,164.58129552240263,160.7467499371193,161.8353289533827,164.1693878173828,67723800.0
2022-04-20,165.62083637298807,162.89448802131358,165.50314204406817,164.00267028808594,67929800.0
2022-04-21,168.21971309344158,162.7081759108626,165.6502801659303,163.2083282470703,87227800.0
2022-04-22,164.6303453628702,158.38328200071132,163.2475677102336,158.6676788330078,84882400.0
2022-04-25,160.0210300948507,155.40193532965264,158.01058942731927,159.73663330078125,96046400.0
2022-04-26,159.20701874643933,153.69548315348126,159.1187592356787,153.77394104003906,95623200.0
2022-04-27,156.70627626102967,152.38139429047249,152.90116485569044,153.54843139648438,88063200.0
2022-04-28,161.34500140614668,155.86286910913438,156.17670074562366,160.4819793701172,130216800.0
2022-04-29,162.9925585964128,154.21528465651994,158.7167001847882,154.60755920410156,131747600.0
2022-05-02,155.17636916422146,150.31209888761785,153.68571389859628,154.91159057617188,123055300.0
2022-05-03,157.60847954190055,153.30320233396515,155.09787216899534,156.40220642089844,88966500.0
2022-05-04,163.267138972668,156.18647479117334,156.58856589280018,162.81602478027344,108256500.0
2022-05-05,160.91347698312873,151.9596689981739,160.68791986588977,153.7445526123047,130525300.0
2022-05-06,156.59275954886184,151.42668182783396,153.22400390708842,154.47132873535156,116124600.0
2022-05-09,153.04720818256274,148.78471498335946,152.16327128379606,149.3445281982422,131577900.0
2022-05-10,153.9409814618481,150.19900690567323,152.74276671948687,151.75079345703125,115366700.0
2022-05-11,152.67400468671187,143.20615431110124,150.75883036017825,143.8838348388672,142689800.0
2022-05-12,143.58920335731457,136.32135622581737,140.22046241259886,140.0142059326172,182602000.0
2022-05-13,145.45528221531998,140.55438668965164,142.00795311338425,144.4829559326172,113990900.0
2022-05-16,144.88563148350204,141.6052649207857,142.95081001781338,142.94097900390625,86643800.0
2022-05-17,147.095485494692,144.06065379921478,146.20173222860802,146.574951171875,78336300.0
2022-05-18,144.72847052072004,137.4016833512006,144.2275834099531,138.30526733398438,109742900.0
2022-05-19,139.13026237954173,134.160625433561,137.38205052865445,134.89723205566406,136095600.0
2022-05-20,138.18741285426975,130.24188557508393,136.60616321771064,135.13294982910156,137426100.0
2022-05-23,140.70166712216994,135.1918495268943,135.32934881682118,140.55435180664062,117726300.0
2022-05-24,139.43471927603565,134.87758039617586,138.2954308094958,137.8534698486328,104132700.0
2022-05-25,139.257960660006,135.86957246588344,135.9579616828589,138.01065063476562,92482700.0
2022-05-26,141.76238425203672,134.6909642722216,134.93649979225893,141.21238708496094,90601500.0
2022-05-27,147.00705253559786,142.66598536012808,142.79366865497497,146.9677734375,90978500.0
2022-05-31,147.9695587462053,144.21776806233134,146.40795612568894,146.1820526123047,103718400.0
2022-06-01,149.03025660842948,145.04274685421817,147.2231036462002,146.0543670654297,74286600.0
2022-06-02,148.5686459793301,144.2373955374819,145.1900746138875,148.5097198486328,72348100.0
2022-06-03,145.32757327458623,141.8802597672709,144.27667399411106,142.78382873535156,88570300.0
2022-06-06,145.91687147884687,142.31239647541148,144.40436412307008,143.53025817871094,71598400.0
2022-06-07,146.33918169758047,141.52669111278408,141.77222665254513,146.0543670654297,67808200.0
2022-06-08,147.19362901017018,144.8266779825161,145.9266723185644,145.3177490234375,53950200.0
2022-06-09,145.3079623441927,139.98475243487303,144.45350326791345,140.09278869628906,69473000.0
2022-06-10,138.24634933788164,134.61242570462275,137.77492521441144,134.68118286132812,91437900.0
2022-06-13,132.78562190034356,129.09277263849617,130.49722878533498,129.52491760253906,122207100.0
2022-06-14,131.49900074632365,129.13203476822937,130.7525781704987,130.38917541503906,84784300.0
2022-06-15,134.88743119148035,129.79994084447466,131.89189392813557,133.01153564453125,91533000.0
2022-06-16,130.025789079853,126.73560712471962,129.72132743354433,127.73739624023438,108123900.0
2022-06-17,130.70349274398822,127.49188338256819,127.74724995941777,129.21063232421875,134520300.0
2022-06-21,134.61240084976376,130.93919879539584,131.0374040187389,133.4436492919922,81000500.0
2022-06-22,135.29993525630434,131.51869590671203,132.38297105119662,132.9329833984375,73409200.0
2022-06-23,136.11510478571114,133.20797181999205,134.37672361512418,135.8008270263672,72433800.0
2022-06-24,139.37579982628543,137.27401616859356,137.40168446081998,139.13026428222656,89116800.0
2022-06-27,140.92758626309347,138.45258378281605,140.1516855515393,139.13026428222656,70207900.0
2022-06-28,140.85883237422544,134.86777395244602,139.59187553155968,134.98562622070312,67083400.0
2022-06-29,138.15795490582852,134.22938572393656,135.0052865296894,136.74366760253906,66242400.0
2022-06-30,135.89900141660408,131.38115662088498,134.79900702917675,134.27847290039062,98964500.0
2022-07-01,136.5570719073547,133.23744080535928,133.61064472450096,136.44903564453125,71051600.0
2022-07-05,139.08115356288656,134.4847204054961,135.3097312194843,139.03204345703125,73353800.0
2022-07-06,141.54633502633234,138.56062920663072,138.82581180795694,140.36776733398438,74064300.0
2022-07-07,143.93295194501385,140.72134254203155,140.73115856961377,143.7365264892578,66253700.0
2022-07-08,144.91508669074653,142.41062104747897,142.66597262808202,144.4141845703125,64547800.0
2022-07-11,144.02133971358117,141.2124122640522,143.06866052706354,142.28294372558594,63141600.0
2022-07-12,145.79902455570198,142.45974665881124,143.15705931439427,143.25527954101562,77588800.0
2022-07-13,143.83470899507392,139.58203186092555,140.4365056872071,142.89186096191406,71185600.0
2022-07-14,146.29008864591398,140.69188068401962,141.50706056941064,145.81866455078125,78140700.0
2022-07-15,148.16602303028904,145.55352029751558,147.10530729699065,147.48834228515625,76259900.0
2022-07-18,148.86330457327466,144.08026173602485,148.0481247263253,144.44366455078125,81420900.0
2022-07-19,148.52937058051154,144.286523787425,145.27848208027842,148.30348205566406,82982400.0
2022-07-20,150.97490184976564,147.6847194489196,148.42132610705224,150.30703735351562,64823400.0
2022-07-21,152.79187815956976,149.2266969700013,151.7409787508479,152.5758056640625,65086600.0
2022-07-22,153.48919663577172,150.6704530452512,152.61509059283281,151.3383026123047,66675400.0
2022-07-25,152.27130127731917,149.56059453535912,151.25969613523088,150.2186279296875,53623900.0
2022-07-26,150.35612808602866,148.10702930699426,149.5409483577187,148.8927459716797,55138700.0
2022-07-27,154.52041638898598,149.44274359614147,149.85524147444016,153.99005126953125,78620700.0
2022-07-28,154.82486891584517,151.65255435703267,154.17665157972678,154.54005432128906,81378700.0
2022-07-29,160.70795024668809,156.6516977293032,158.3606307359644,159.60794067382812,101786900.0
2022-08-01,160.6686202770066,158.01683964165412,158.13469189637678,158.62576293945312,67829400.0
2022-08-02,159.50972297268584,156.77936877558471,157.24097682201486,157.15257263183594,59907000.0
2022-08-03,163.61507661089456,157.87936937014717,157.96775857743674,163.16329956054688,82507500.0
2022-08-04,164.20434469622828,161.49362283306857,163.04540919289056,162.84898376464844,55474100.0
2022-08-05,163.11454067024195,160.31154145785612,160.51808440274291,162.62278747558594,56697000.0
2022-08-08,165.04222255656555,161.49176350864772,163.62597080235415,162.1507110595703,60276900.0
2022-08-09,163.08505499075815,160.55743608300256,161.31474028979756,162.19989013671875,63135500.0
2022-08-10,166.54699582568117,164.14723743893427,164.91437134851807,166.4486541748047,70170500.0
2022-08-11,168.16981098772024,165.41598930895566,167.2551419804722,165.71104431152344,57149200.0
2022-08-12,169.33032752565057,166.60601007376212,167.01909604715942,169.26148986816406,68039400.0
2022-08-15,170.5301791193321,168.52383260735886,168.6910268994302,170.33348083496094,54091700.0
2022-08-16,170.84492444042124,168.82873307006977,169.93025557179138,170.17613220214844,56377100.0
2022-08-17,173.24465231523857,169.72371248841205,169.9204107737534,171.67105102539062,79542000.0
2022-08-18,172.01524814296215,170.26460810636993,170.88422188584445,171.27761840820312,62290100.0
2022-08-19,170.87444113830458,168.48451230986507,170.17614485304702,168.69105529785156,70346300.0
2022-08-22,167.05842149370653,164.38328250419255,166.89122718275175,164.8061981201172,69026800.0
2022-08-23,165.92737151886493,163.90133572678997,164.32425128292837,164.47177124023438,54147100.0
2022-08-24,165.33726597260625,163.50794341888323,164.56030249873976,164.76683044433594,53841500.0
2022-08-25,167.33378750652878,165.57331755675585,165.9962181286182,167.22560119628906,51218200.0
2022-08-26,168.22880259575382,160.86233294904275,167.75672364191396,160.9213409423828,78961000.0
2022-08-29,160.2131805859094,157.18399419307175,158.49204445005722,158.71826171875,73314000.0
2022-08-30,159.8788249449609,155.11865676791015,159.45592432505862,156.28903198242188,77906200.0
2022-08-31,157.93147450788678,154.54820976951913,157.665923552681,154.62689208984375,87991100.0
2022-09-01,155.80712573609054,152.11897570286527,154.0564850542226,155.35472106933594,74229900.0
2022-09-02,157.71508462008887,152.41398580114964,157.11514512449315,153.24012756347656,76957800.0
2022-09-06,154.4990209999667,151.15510515135455,153.88925181756636,151.9812469482422,73714800.0
2022-09-07,154.0859459351541,151.07641875135508,152.26646809885722,153.38766479492188,87449600.0
2022-09-08,153.78103993063655,150.16172907797497,152.089407957183,151.91238403320312,84923800.0
2022-09-09,155.21698869351633,152.19761681404773,152.90574262919617,154.77439880371094,68028800.0
2022-09-12,161.5507634451195,156.67257987610813,156.9577901423654,160.7344512939453,104956000.0
2022-09-13,157.89211772902357,150.8403783347764,157.26267420589616,151.30262756347656,122656600.0
2022-09-14,154.50885206267736,151.07640953249754,152.2369398106262,152.7483673095703,87965400.0
2022-09-15,152.67954626691656,148.88321078041434,152.09926605765543,149.85687255859375,90481100.0
2022-09-16,148.85370468985187,145.92284471335466,148.71601438946803,148.21441650390625,162278800.0
2022-09-19,152.0107501857091,146.64081352548533,146.84734147012324,151.93206787109375,81474200.0
2022-09-20,155.47269441025097,150.5551623818667,150.86987662798256,154.31214904785156,107689800.0
2022-09-21,156.12183853779936,151.06661536137307,154.74492033364538,151.18463134765625,101696800.0
2022-09-22,151.9222413623521,148.42096082844884,149.8667164993867,150.2207794189453,86652500.0
2022-09-23,148.97172290795524,146.10971554201328,148.69634230303134,147.94886779785156,96029900.0
2022-09-26,151.2337989231627,147.1719122700789,147.19158660210013,148.2832794189453,93339400.0
2022-09-27,152.16811306913462,147.47678328794686,150.22077457787657,149.25692749023438,84442700.0
2022-09-28,148.1554147485666,142.45107419388137,145.20489532446575,147.3686065673828,146691400.0
2022-09-29,144.30007793360352,138.35969014393336,143.69030869298015,140.1300048828125,128138200.0
2022-09-30,140.739784043771,135.72389496609006,138.9497950371784,135.92059326171875,124925300.0
2022-10-03,140.71026327900083,135.4189942166646,135.93042173003832,140.10047912597656,114311700.0
2022-10-04,143.80830832520158,141.88062916042142,142.6379332973476,143.69029235839844,87830100.0
2022-10-05,144.94921413848994,140.65127989511333,141.69380954476654,143.98536682128906,79471000.0
2022-10-06,145.1065408456924,142.8248135939426,143.40507882099124,143.03134155273438,68402200.0
2022-10-07,140.73978304959337,137.1499753994762,140.18900681575843,137.7794189453125,85925600.0
2022-10-10,139.54969822824856,136.28446535176798,138.10394287109375,138.10394287109375,74899000.0
2022-10-11,139.0186494867963,135.9402693459634,137.5925530590874,136.68772888183594,77033700.0
2022-10-12,138.04497594951954,135.88126460377657,136.83526713014228,136.05828857421875,70433700.0
2022-10-13,141.22171730449597,132.15378472461572,132.76356905691682,140.63162231445312,113224000.0
2022-10-14,142.13638653487928,135.91078758368462,141.9298435333937,136.09765625,88598000.0
2022-10-17,140.5430504714938,137.95643899314493,138.743247069302,140.06114196777344,85250900.0
2022-10-18,144.28038442851894,138.29083411442357,143.09035010046446,141.37904357910156,99136600.0
2022-10-19,142.5592313713911,139.16613772854905,139.35300632169043,141.48721313476562,61758300.0
2022-10-20,143.4837601022304,140.29719369702107,140.6611013003117,141.02499389648438,64522000.0
2022-10-21,145.41143897685419,140.29719327846567,140.51356590449524,144.84100341796875,86548600.0
2022-10-24,147.75216493318766,143.5919369881937,144.76231202642796,146.9850311279297,75981900.0
2022-10-25,149.97491229930705,146.89653213741997,147.6144876838341,149.82737731933594,74732300.0
2022-10-26,149.48314455270017,145.59828223025528,148.47013415168624,146.88668823242188,88194300.0
2022-10-27,146.59166146526223,141.75281080290236,145.62782920100577,142.41175842285156,109180200.0
2022-10-28,154.90227649289278,145.3819406077306,145.75566287950778,153.1713104248047,164762400.0
2022-10-31,151.69601672276417,149.41427490924212,150.63382812065376,150.81085205078125,97943200.0
2022-11-01,152.8860712842191,146.6703184608035,152.52217870801033,148.1652374267578,80379300.0
2022-11-02,149.66015890619101,142.60842020451807,146.4932672707352,142.63792419433594,93604600.0
2022-11-03,140.444745311601,136.46154058499346,139.71694502591794,136.5894012451172,97918500.0
2022-11-04,140.5496142487395,132.3828281448323,139.97823249599168,136.32337951660156,140814800.0
2022-11-07,137.08195474161485,133.65367850914586,135.0722797176196,136.85537719726562,83374600.0
2022-11-08,139.3280515614897,135.44662070693448,138.32322168629616,137.42674255371094,89908500.0
2022-11-09,136.49088607476932,132.58973260430815,136.44162616361422,132.86557006835938,74917800.0
2022-11-10,144.68722534179688,137.42676248525757,139.14090816003963,144.68722534179688,118854000.0
2022-11-11,147.7805490726991,142.2243712372686,143.6528333928847,147.47515869140625,93979700.0
2022-11-14,148.04653945457946,145.23889010351994,146.75601106211803,146.07626342773438,73374100.0
2022-11-15,151.3073474058049,146.35210428518187,149.95771310615612,147.8101043701172,89868300.0
2022-11-16,147.64262514508096,145.10096733747125,146.91363265596118,146.57867431640625,64218300.0
2022-11-17,149.22871050736455,143.97792279490108,144.2537602517047,148.48001098632812,80389400.0
2022-11-18,150.4305673318375,147.74114484123723,150.0463641188946,149.04151916503906,74829600.0
2022-11-21,148.1351985339266,145.52458880647748,147.928327968664,145.81027221679688,58724100.0
2022-11-22,148.18448239663533,144.746344756286,145.92852259123615,147.9480438232422,51804100.0
2022-11-23,149.5735133563615,147.1205141770319,147.22887996484198,148.82481384277344,58301400.0
2022-11-25,146.66737406871476,144.93352128665245,146.1058381021563,145.9088134765625,35195900.0
2022-11-28,144.4606467175549,141.24910200456142,142.98293960504637,142.0766143798828,69246000.0
2022-11-29,142.65783165746328,138.2641245866872,142.14555568748492,139.07192993164062,83763800.0
2022-11-30,146.50971891238402,138.4611435666205,139.29850181511986,145.82997131347656,111380900.0
2022-12-01,146.91364010696918,144.4310880474874,146.00731491776455,146.10581970214844,71250400.0
2022-12-02,145.80042936443078,143.48534896644694,143.79075438457457,145.61325073242188,65447400.0
2022-12-05,148.6770258303521,143.60357112015112,145.57384712908555,144.45079040527344,68826400.0
2022-12-06,145.11084261882044,139.81079492252832,144.88426506871545,140.7860870361328,64727200.0
2022-12-07,141.2392458201791,137.9193352044314,140.07679006739448,138.84536743164062,69721100.0
2022-12-08,141.38700272319693,139.00297068921475,140.24423909407787,140.52992248535156,62128300.0
2022-12-09,143.40655024212361,138.80594241386282,140.22454358218158,140.04722595214844,76097000.0
2022-12-12,142.35243630018152,138.9635592869445,140.5791849523235,142.34259033203125,70462700.0
2022-12-13,147.7411660018872,142.09632874722436,147.2781498799709,143.30804443359375,93886200.0
2022-12-14,144.48032672192886,139.06206832067184,143.18979848966035,141.08160400390625,82291200.0
2022-12-15,139.69253111834513,134.00828228874863,139.01278368926577,134.47129821777344,98931900.0
2022-12-16,135.6042115944849,131.74247323835098,134.65848772833485,132.51087951660156,160156900.0
2022-12-19,133.19066784085936,129.36834224245627,133.1020090197244,130.40272521972656,79592600.0
2022-12-20,131.2696642881948,127.95959935664524,129.43730664694388,130.3337860107422,77432800.0
2022-12-21,134.7767236692483,130.77706590433928,131.003643429146,133.4369354248047,85928000.0
2022-12-22,132.56017450128888,128.3634917913713,132.35330392731453,130.26480102539062,77852100.0
2022-12-23,130.45198927834147,127.71330648144284,128.97428208438834,129.9003143310547,63814900.0
2022-12-27,129.4569681847138,126.80694496905855,129.42741525184118,128.09747314453125,69007800.0
2022-12-28,129.08261445216485,123.99930692968266,127.74282634199004,124.16677856445312,85438400.0
2022-12-29,128.5407809293698,125.83165939011434,126.0877898165425,127.6837158203125,75703700.0
2022-12-30,128.0186541085182,125.53611015946498,126.50154851054427,127.99894714355469,77034200.0
2023-01-03,128.9545451464431,122.32457128587431,128.3437644584535,123.21119689941406,112117500.0
2023-01-04,126.74785308207225,123.22105739420844,125.00415469022626,124.4820327758789,89113600.0
2023-01-05,125.87107865122056,122.9058186898535,125.24059093401247,123.16194915771484,80962700.0
2023-01-06,128.3536136037993,123.03387482286254,124.13723200436364,127.69357299804688,87754700.0
2023-01-09,131.4272419402479,127.95955255827974,128.53093430540028,128.21568298339844,70790800.0
2023-01-10,129.30920076375085,126.21586822934367,128.32406282244906,128.78707885742188,63896200.0
2023-01-11,131.52578019546752,128.5211210646013,129.29937353694692,131.50608825683594,69458900.0
2023-01-12,132.26461961526783,129.48653833184324,131.89027740511193,131.42726135253906,71379600.0
2023-01-13,132.9147972949888,129.70325330640753,130.0677495016975,132.75717163085938,57809700.0
2023-01-17,135.24958975985854,132.1365650960417,132.82615869144374,133.91966247558594,63646600.0
2023-01-18,136.5499789381121,133.02318309021993,134.78658853017248,133.2005157470703,69672800.0
2023-01-19,134.22505937639417,131.78192122019502,132.0873116107182,133.25962829589844,58280400.0
2023-01-20,135.96876361967614,132.2252358649708,133.26947983700657,135.82098388671875,80223600.0
2023-01-23,141.18997887668803,135.85051793428082,136.06724948686616,139.0128173828125,81760300.0
2023-01-24,141.03238502581226,138.21488923833545,138.22473520857972,140.4117431640625,66435100.0
2023-01-25,140.31319931491353,136.74700453490559,138.7960933961296,139.75167846679688,65799300.0
2023-01-26,142.10616376720364,139.79108333600698,141.04221286895242,141.8204803466797,54105100.0
2023-01-27,145.04188252528883,140.95356530270018,141.03237815686282,143.76119995117188,70555800.0
2023-01-30,143.38684562469143,140.72697590646771,142.80561778514152,140.87474060058594,64015300.0
2023-01-31,142.19482875871702,140.1654466919342,140.57920288721874,142.14556884765625,65874500.0
2023-02-01,144.43111717369248,139.21974252682853,141.83035283567045,143.26864624023438,77663600.0
2023-02-02,148.93312639059383,145.9678670041684,146.68701339404373,148.5784912109375,118339000.0
2023-02-03,155.0410292646019,145.632957993241,145.8299825944814,152.20382690429688,154357300.0
2023-02-06,150.82464018350336,148.5391127115985,150.3025182240104,149.47499084472656,69858300.0
2023-02-07,152.9229595728958,148.4011799958932,148.4011799958932,152.35157775878906,83322600.0
2023-02-08,152.28264122485135,148.92331687434466,151.59304759782992,149.66217041015625,64120100.0
2023-02-09,152.0363458567265,148.18445275739066,151.49451696275133,148.6277618408203,56007100.0
2023-02-10,149.31842209117474,147.226745512614,147.46354505272012,148.99282836914062,57450700.0
2023-02-13,152.19940317198714,148.90402220916044,148.9336202674222,151.79489135742188,62199000.0
2023-02-14,151.7159729836762,148.84484061249728,150.08800434565288,151.15357971191406,61707600.0
2023-02-15,153.4228543120151,150.83785669682248,151.06478017591323,153.255126953125,65573800.0
2023-02-16,154.24175084931028,151.3015618059057,151.45941308943844,151.65675354003906,68167900.0
2023-02-17,150.9562540378776,148.83497936586727,150.31494264074843,150.51226806640625,59144100.0
2023-02-21,149.27896600318738,146.42757068306315,148.1936535747809,146.4966278076172,58867200.0
2023-02-22,147.94698436963745,145.19425945136115,146.88140906273446,146.92088317871094,51011300.0
2023-02-23,148.33175804369702,145.27317680704334,148.0850975380816,147.40431213378906,48394200.0
2023-02-24,145.22385866894857,143.77349352201168,145.1449254913303,144.75027465820312,55469600.0
2023-02-27,147.17737898488724,145.4803536136917,145.73689015780175,145.94407653808594,44998500.0
2023-02-28,147.08860849628215,144.86866373473268,145.08572620470352,145.44091796875,50547000.0
2023-03-01,145.26332395747403,143.07297711330398,144.86867310742886,143.3689727783203,55479000.0
2023-03-02,144.75025410916558,141.97777744941413,142.45137644789077,143.9609375,52238100.0
2023-03-03,149.0914911594904,145.36198515518814,146.0624926286878,149.01255798339844,70732300.0
2023-03-06,154.2121845297758,151.41012419214647,151.7357028817241,151.77517700195312,87558000.0
2023-03-07,151.9724687898397,149.11121296034582,151.64687511738626,149.57493591308594,56182000.0
2023-03-08,151.41996369175047,149.80187125635692,150.768776295138,150.82797241210938,47204800.0
2023-03-09,152.47563214041776,148.22320797307952,151.50872729673264,148.57839965820312,53833600.0
2023-03-10,148.9237356272084,145.63821618700155,148.2034912322262,146.51632690429688,68572400.0
2023-03-13,151.09438534791173,145.72704939093524,145.83558063473313,148.46005249023438,84457100.0
2023-03-14,151.35090505544113,148.0949978910982,149.25922844223368,150.55172729492188,73695900.0
2023-03-15,151.20287157254486,147.91735223031125,149.17039166199476,150.94635009765625,77167900.0
2023-03-16,154.3700254849667,149.6144034630521,150.127461556798,153.76817321777344,76161100.0
2023-03-17,154.64629769155513,152.21915135199143,153.99511025228628,152.92953491210938,98944600.0
2023-03-20,155.7118730486912,152.09088307007352,152.99860710640667,155.29747009277344,73641400.0
2023-03-21,157.2707665184009,154.44896911905354,155.21856391429898,157.15237426757812,73938300.0
2023-03-22,159.97416620924432,155.7020036632039,157.17210596561782,155.72174072265625,75701800.0
2023-03-23,159.39203464017027,155.57371946683134,156.70836691747317,156.80702209472656,67622100.0
2023-03-24,158.19816916372028,155.74144030435596,156.73794326990517,158.109375,59196500.0
2023-03-27,158.62245469903792,155.76118357485748,157.8035399490982,156.16571044921875,52390300.0
2023-03-28,156.37288858285143,153.8964076451378,155.8598305517969,155.54409790039062,45992200.0
2023-03-29,158.89872564622954,157.2214369560123,157.24115895998125,158.62246704101562,51305700.0
2023-03-30,160.29975438530866,159.1157867936236,159.37230833774987,160.19122314453125,49501700.0
2023-03-31,162.79595111857384,159.74723055627194,160.27014967971024,162.69728088378906,68749800.0
2023-04-03,164.06872488806627,162.0263833617239,162.07571848273926,163.95033264160156,56976200.0
2023-04-04,164.61138542575975,162.9044985896194,164.37460092662135,163.4175567626953,46278300.0
2023-04-05,162.84527116493152,159.6386845457234,162.53941454235493,161.57249450683594,51511700.0
2023-04-06,162.75647535534287,159.83600833200663,160.26025717712315,162.46047973632812,45390100.0
2023-04-10,159.86561584472656,157.94166678976978,159.26376357061562,159.86561584472656,47716900.0
2023-04-11,160.1912285181147,158.3659344224378,160.18136751588224,158.65206909179688,47644200.0
2023-04-12,159.8952361057982,157.64569304379242,159.0664602524204,157.96142578125,50133100.0
2023-04-13,163.58527977239888,159.26378211877287,159.47098360495934,163.34848022460938,68445600.0
2023-04-14,164.0983319737809,161.63172656331614,162.39143019016473,163.00315856933594,49386500.0
2023-04-17,163.18072400329442,161.83889024634973,162.88472838463733,163.02285766601562,41516200.0
2023-04-18,165.1737533320214,163.4372536454433,163.88125462301093,164.24630737304688,49923000.0
2023-04-19,165.91374248336922,163.32872989204589,163.58526647837797,165.3908233642578,47720200.0
2023-04-20,165.6276243886042,163.3484832728481,163.87140244421354,164.42391967773438,52456400.0
2023-04-21,164.22659550246317,162.2927851703339,162.84530240808513,162.81570434570312,58337300.0
2023-04-24,163.38793383083043,161.70076925644653,162.79594256316088,163.1215362548828,41949600.0
2023-04-25,164.0884155407668,161.5428775769358,162.98338140637603,161.5823516845703,48714100.0
2023-04-26,163.07219461797823,160.6253265824028,160.8818480921529,161.57249450683594,45498800.0
2023-04-27,166.3083906842776,162.98341161052969,162.98341161052969,166.160400390625,64902300.0
2023-04-28,167.58114875947356,165.63746282624027,166.23931504498196,167.4134063720703,55275900.0
2023-05-01,168.17312821243692,166.38730857655852,167.01875886308395,167.32461547851562,52472900.0
2023-05-02,168.07446991146244,165.30199325866423,167.8179333575238,166.28863525390625,48425700.0
2023-05-03,168.63687581044152,164.92710671677185,167.23584575291258,165.21322631835938,65136000.0
2023-05-04,164.80871172491695,162.1151826483231,162.6874369491867,163.57540893554688,81235400.0
2023-05-05,171.9717093122383,168.478988085668,168.69605053726107,171.25146484375,113453200.0
2023-05-08,171.52771903028287,169.8109565174022,170.17600924259867,171.18238830566406,55962800.0
2023-05-09,171.22188606967399,169.30781278853107,170.73844101187063,169.4755401611328,45326900.0
2023-05-10,171.70533067690712,169.60377809797177,170.70882753380215,171.24160766601562,53724500.0
2023-05-11,172.2578529585823,169.87018071223292,171.52774738748727,171.4290771484375,49514700.0
2023-05-12,171.97244074298538,168.94914270667581,171.5377153905618,170.5003204345703,45533100.0
2023-05-15,171.13265951386708,169.41352230428424,171.0832561601379,170.00633239746094,37266700.0
2023-05-16,171.0634918034888,169.73956634795272,169.92729004665156,170.00633239746094,42110300.0
2023-05-17,170.8560084675657,168.37611683004315,169.65065404284252,170.618896484375,57951600.0
2023-05-18,173.13831574371522,170.51021405749552,170.92517510124802,172.95059204101562,65496700.0
2023-05-19,174.27450921230027,172.84190244667505,174.27450921230027,173.05926513671875,55809500.0
2023-05-22,172.61467191708667,171.36977372037438,171.89341610998645,172.11077880859375,43570900.0
2023-05-23,171.300620989034,169.22580071286586,171.05361929309908,169.50244140625,50747300.0
2023-05-24,170.35211368921475,168.47490698639612,169.03806296692736,169.77906799316406,45143500.0
2023-05-25,171.814388514026,169.63090177565675,170.3422679275043,170.91531372070312,56058300.0
2023-05-26,173.66195304430255,171.03385143516303,171.24133948884744,173.32601928710938,54835000.0
2023-05-30,176.8433946745121,174.45241932299317,174.83774148551498,175.1736602783203,55964400.0
2023-05-31,177.1990114284393,174.64006256364283,175.20323363094815,175.1241912841797,99625300.0
2023-06-01,177.95979952365096,174.8080550736066,175.568824614325,177.93016052246094,68901800.0
2023-06-02,179.5998784017098,177.11009699591673,178.8588732872537,178.7798309326172,61996900.0
2023-06-05,182.7318457046313,175.90471543246178,180.43967788018574,177.42625427246094,121946500.0
2023-06-06,177.95978950011875,175.30204865399,177.81159450251565,177.0607147216797,64848400.0
2023-06-07,179.03672040758232,175.19337452542106,176.29993732672585,175.6873779296875,61944600.0
2023-06-08,178.67115468077665,175.3317017878174,175.76641213704826,178.40440368652344,50214900.0
2023-06-09,180.0444917855316,178.4636898031236,179.32325097528164,178.78973388671875,48900000.0
2023-06-12,181.68456110008822,178.7995831921066,179.09598823299092,181.58575439453125,54274900.0
2023-06-13,181.94146392274692,180.25198057252106,180.60766365821948,181.11154174804688,54929100.0
2023-06-14,182.1785761189824,179.8370047903456,181.17080494588566,181.7438507080078,57462900.0
2023-06-15,184.28305271752754,181.5759083620863,181.75375744495216,183.77915954589844,65433200.0
2023-06-16,184.7474061455162,182.0600263098281,184.49051471623886,182.7022247314453,101256200.0
2023-06-20,183.86807659469073,182.19834264439277,182.19834264439277,182.7911376953125,49799100.0
2023-06-21,183.1863452547994,180.40015882951445,182.6824521359612,181.7537384033203,49515700.0
2023-06-22,184.8066665365007,181.46719888037438,181.53636658960147,184.75726318359375,51245300.0
2023-06-23,185.31053654650353,182.7911164149862,183.32464848206732,184.4410858154297,53117000.0
2023-06-26,185.79469252512132,183.00850595123646,184.58932295318664,183.04803466796875,48088700.0
2023-06-27,186.13060949863421,183.4432296659109,183.66059237854205,185.8045654296875,50730800.0
2023-06-28,187.62249934110088,185.350095591546,185.67612459327006,186.9803009033203,51216800.0
2023-06-29,187.79046201011187,186.67400948819943,186.81232983886036,187.3162078857422,46347300.0
2023-06-30,192.14755478947328,188.9661717445866,189.33174450555188,191.6436767578125,85213200.0
2023-07-03,191.55476227365418,189.46017761633829,191.4559555638213,190.15179443359375,31458200.0
2023-07-05,190.66555990536892,188.33386310926684,189.27248168829453,189.0353546142578,46920300.0
2023-07-06,189.7170705815605,186.9308841600135,187.56320791106293,189.50958251953125,45094300.0
2023-07-07,190.3592817984136,187.9584323411384,189.11439856972888,188.3931427001953,46815000.0
2023-07-10,187.71143099184326,184.79679865953796,186.9901751208951,186.3479766845703,59922200.0
2023-07-11,187.02971045254367,184.36209481962464,186.8913900886379,185.8243408203125,46638100.0
2023-07-12,189.4008949030878,186.2096372553674,187.4051170053163,187.49404907226562,60750200.0
2023-07-13,188.89700466458706,187.50391158996257,188.21527762484376,188.25479125976562,41342300.0
2023-07-14,188.88714410801785,187.35574553686786,187.94854060692288,188.4030303955078,41616200.0
2023-07-17,191.9894962144421,189.5095893997432,189.598506397075,191.6634521484375,50520200.0
2023-07-18,191.99936529239264,190.1122686661601,191.03112283932904,191.40655517578125,48288200.0
2023-07-19,195.85256735078863,190.33948805911442,190.784103142532,192.76011657714844,80507300.0
2023-07-20,194.11367467272564,190.19128692590516,192.7502206227197,190.81373596191406,59581200.0
2023-07-21,192.63172145683075,188.9365699366199,191.77216021133864,189.6380615234375,71951700.0
2023-07-24,192.57243785933966,189.94433575938186,191.09042743728986,190.43833923339844,45377800.0
2023-07-25,192.1080396126164,190.6062650944163,191.01135149007996,191.29786682128906,37283200.0
2023-07-26,193.29365506077994,191.00148706119938,191.34728040522955,192.16732788085938,47471900.0
2023-07-27,194.83494237556206,190.24071668140024,193.66910156142774,190.90267944335938,47460200.0
2023-07-28,194.27179277672036,191.8116502798051,192.3352927070371,193.48138427734375,48291400.0
2023-07-31,194.1334465580661,192.91818743340556,193.70859582748605,194.0939178466797,38824100.0
2023-08-01,194.37058568804014,192.93797875368105,193.88647197429418,193.26402282714844,35175100.0
2023-08-02,192.83917937620112,189.54912966810338,192.7008590133255,190.27037048339844,50389300.0
2023-08-03,190.06286344658966,188.40301925761534,189.27247006657564,188.87725830078125,61235200.0
2023-08-04,185.13271368389906,179.73819007769725,183.295020485719,179.80735778808594,115956800.0
2023-08-07,180.9336848652445,175.2230069327887,179.94567809387448,176.70501708984375,97576100.0
2023-08-08,178.10798009875546,175.45023954323045,177.5349343777014,177.64361572265625,67823000.0
2023-08-09,178.76007719518685,174.88709204262926,178.70079919463467,176.05294799804688,60378500.0
2023-08-10,178.58221348809383,175.46999837048295,177.32744074056737,175.83555603027344,54686900.0
2023-08-11,176.71609814181758,174.66816996475507,175.42996682009903,175.8949432373047,52036700.0
2023-08-14,177.77469387045335,175.42005736478495,176.0730260741773,177.54714965820312,43675600.0
2023-08-15,177.56693975444728,175.1628480821964,176.97334414092546,175.55857849121094,43622600.0
2023-08-16,176.63694575843348,174.61869664349865,175.24198634047178,174.68795776367188,46964900.0
2023-08-17,175.6179215615527,171.6308784010705,175.25187020963352,172.1453399658203,66062900.0
2023-08-18,173.23362560342792,170.12709527960956,170.46346761685473,172.630126953125,61172200.0
2023-08-21,174.25266140560993,171.88813666332587,173.20396220304474,173.9657440185547,46311900.0
2023-08-22,175.78611232307705,174.3713618531986,175.17272569654475,175.34091186523438,42038900.0
2023-08-23,179.61489293808307,176.4292131540282,176.6171903922408,179.18946838378906,52722800.0
2023-08-24,179.16967585239115,174.13391827576947,178.74425133745834,174.49998474121094,54945800.0
2023-08-25,177.2404295003986,173.9459373407173,175.4893068451812,176.70619201660156,51449600.0
2023-08-28,178.6650784859593,176.64682959084442,178.17040801110178,178.26934814453125,43820700.0
2023-08-29,182.92915552039761,177.58671984756458,177.78458503986462,182.157470703125,53003900.0
2023-08-30,185.84772159478027,182.77087033679462,182.9687355268348,185.64984130859375,60813900.0
2023-08-31,187.10416895130786,185.48165028166278,185.8378136528603,185.86749267578125,60794500.0
2023-09-01,187.8956248663274,186.27310636870047,187.47021551879786,187.44053649902344,45766500.0
2023-09-05,187.9550080601447,185.6102746073009,186.27313129788112,187.67799377441406,45280000.0
2023-09-06,186.8370611072444,179.53571941437733,186.3918455631262,180.9603729248047,81755800.0
2023-09-07,176.31045432139675,171.69021887943939,173.31273740579792,175.66737365722656,112488800.0
2023-09-08,178.31881673909905,175.89491935539235,176.44896296342043,176.28076171875,65551300.0
2023-09-11,178.37817933531872,175.44972343125323,178.15063513987275,177.4481964111328,58953100.0
2023-09-12,178.2100311835526,172.9566319449459,177.5768534336219,174.4208526611328,90370200.0
2023-09-13,175.4101637291933,172.12554433664133,174.62857587906927,172.3531036376953,84267900.0
2023-09-14,174.22293884118037,171.72979554178494,172.1453169089935,173.8667755126953,60895800.0
2023-09-15,174.61870067060727,171.96727382158934,174.5989096220804,173.1445770263672,109259500.0
2023-09-18,177.46798769380123,174.2921965438023,174.59888982853914,176.07301330566406,67257600.0
2023-09-19,177.71531389898738,175.2419616044344,175.6278039585389,177.16128540039062,51826900.0
2023-09-20,177.78459392537832,173.53042414564908,177.34928142287384,173.61947631835938,58436200.0
2023-09-21,174.42081339229338,172.00681904661934,172.6894667209782,172.07606506347656,63149100.0
2023-09-22,175.19252525078977,172.19482290064929,172.80820955696336,172.9269256591797,56725400.0
2023-09-25,175.0836530194257,172.2937045509844,172.34317461316155,174.20314025878906,46172700.0
2023-09-26,173.33251464271248,169.8302546610243,172.95657538348075,170.12705993652344,64588900.0
2023-09-27,171.19556880826096,167.24810767663843,170.78004737841366,168.61338806152344,66921800.0
2023-09-28,170.19633406818943,165.83333655703308,167.53500431517824,168.87062072753906,56294400.0
2023-09-29,171.22524557281096,168.52433390834895,170.18643455541363,169.38507080078125,51861100.0
2023-10-02,172.44215085955082,169.10806120104496,169.39497856408786,171.89801025390625,52164500.0
2023-10-03,171.7793089326026,168.9992627128071,170.42390128992824,170.56240844726562,49594600.0
2023-10-04,172.35308521759683,169.14761525980057,169.26633133730053,171.80894470214844,53020300.0
2023-10-05,173.57987653919332,170.83939772477277,171.93756684563112,173.04563903808594,48527900.0
2023-10-06,176.092815045354,171.33407201891083,171.94747372177912,175.59814453125,57266700.0
2023-10-09,177.1415113656987,173.92615307401468,174.9253820623563,177.0821533203125,42390800.0
2023-10-10,177.80438136546655,176.0532434145344,176.20165363527434,176.48855590820312,43698000.0
2023-10-11,177.9329844734106,175.70696722860302,176.300562769531,177.88351440429688,47551100.0
2023-10-12,180.39642899359671,177.13160077070958,178.1506358590928,178.7838134765625,56743100.0
2023-10-13,179.9908219020002,176.24122571645097,179.48626336769357,176.94366455078125,51427100.0
2023-10-16,177.17118104988546,174.6285675347915,174.86601479996662,176.8150177001953,52517000.0
